,src,ref,mBART_hand_label_pred,canary_pred
0,ìjɔ̀ kə̀cə̀lò,the shepherd is good,The shepherd is good.,"Hypothesis(score=0.0, y_sequence=tensor([1753, 1934, 2038, 1679, 2034, 1239, 1181, 1703]), text='The shepherd is nice', dec_out=None, dec_state=None, timestamp=[], alignments=None, frame_confidence=None, token_confidence=None, word_confidence=None, length=0, y=None, lm_state=None, lm_scores=None, ngram_lm_state=None, tokens=None, last_token=None, token_duration=None, last_frame=None)"
1,kə̀cə̀lò,he (the shepherd) is good,The power is good.,"Hypothesis(score=0.0, y_sequence=tensor([1239, 1451, 1547]), text='is good', dec_out=None, dec_state=None, timestamp=[], alignments=None, frame_confidence=None, token_confidence=None, word_confidence=None, length=0, y=None, lm_state=None, lm_scores=None, ngram_lm_state=None, tokens=None, last_token=None, token_duration=None, last_frame=None)"
2,àprí jə̀cə̀lò,the boy is good,The boy is good.,"Hypothesis(score=0.0, y_sequence=tensor([1203, 1191, 1690, 1239, 1181, 1703]), text='the boy is nice', dec_out=None, dec_state=None, timestamp=[], alignments=None, frame_confidence=None, token_confidence=None, word_confidence=None, length=0, y=None, lm_state=None, lm_scores=None, ngram_lm_state=None, tokens=None, last_token=None, token_duration=None, last_frame=None)"
3,ðà áprí və́lɛ̀ðɛ̀,boy pulled it (sheep) (away from),boy pulled it (sheep) away,"Hypothesis(score=0.0, y_sequence=tensor([1753, 1191, 1690, 1162, 1306, 1195, 2034, 1320, 2023, 2122, 2027, 1386,
        2024, 2038, 2121, 1157, 2044, 1364]), text='The boy pulled it (sheep) away', dec_out=None, dec_state=None, timestamp=[], alignments=None, frame_confidence=None, token_confidence=None, word_confidence=None, length=0, y=None, lm_state=None, lm_scores=None, ngram_lm_state=None, tokens=None, last_token=None, token_duration=None, last_frame=None)"
4,ðə̀ áprí və́lɛ̀ðɛ̀,boy pulled it (sheep) (away from),boy pulled it (sheep) away,"Hypothesis(score=0.0, y_sequence=tensor([1753, 1191, 1690, 1162, 1306, 1195, 2034, 1320, 2023, 2122, 2027, 1386,
        2024, 2038, 2121, 1157, 2044, 1364]), text='The boy pulled it (sheep) away', dec_out=None, dec_state=None, timestamp=[], alignments=None, frame_confidence=None, token_confidence=None, word_confidence=None, length=0, y=None, lm_state=None, lm_scores=None, ngram_lm_state=None, tokens=None, last_token=None, token_duration=None, last_frame=None)"
5,ðà áprí və́lɛ̀ð ɛ̀,boy pulled it (sheep) (away from),boy pulled it (sheep) away,"Hypothesis(score=0.0, y_sequence=tensor([1753, 1191, 1690, 1162, 1306, 1195, 2034, 1320, 2023, 2122, 2027, 1386,
        2024, 2038, 2121, 1157, 2044, 1364]), text='The boy pulled it (sheep) away', dec_out=None, dec_state=None, timestamp=[], alignments=None, frame_confidence=None, token_confidence=None, word_confidence=None, length=0, y=None, lm_state=None, lm_scores=None, ngram_lm_state=None, tokens=None, last_token=None, token_duration=None, last_frame=None)"
6,án áprí jə́ɾàu,which boy,Which boy did he laugh at?,"Hypothesis(score=0.0, y_sequence=tensor([1308, 2036, 1216, 1191, 1690, 1172, 1379, 1190, 1505, 2086]), text='Which boy will fall?', dec_out=None, dec_state=None, timestamp=[], alignments=None, frame_confidence=None, token_confidence=None, word_confidence=None, length=0, y=None, lm_state=None, lm_scores=None, ngram_lm_state=None, tokens=None, last_token=None, token_duration=None, last_frame=None)"
7,èddèré kìclò,"girl, the girl is good",The school is good,"Hypothesis(score=0.0, y_sequence=tensor([1203, 1198, 1213, 2033, 1239, 1451, 1547]), text='the girl is good', dec_out=None, dec_state=None, timestamp=[], alignments=None, frame_confidence=None, token_confidence=None, word_confidence=None, length=0, y=None, lm_state=None, lm_scores=None, ngram_lm_state=None, tokens=None, last_token=None, token_duration=None, last_frame=None)"
8,kàtɛ́və́lɛ̂ðɛ̀ kàtɛ́və́lɛ̂ðɛ̀ ùnɛ́ɾɛ̀,S/he pulled us two away yesterday,S/he pulled us two away yesterday,"Hypothesis(score=0.0, y_sequence=tensor([1215, 2134, 1386, 1162, 1306, 1195, 2034, 1324, 1241, 1301, 2023, 2122,
        1179, 1324, 1419, 2121, 1157, 2044, 1364, 1205, 1156, 1272, 2034, 1364,
        2048]), text='S/he pulled you and me (or you all) away yesterday.', dec_out=None, dec_state=None, timestamp=[], alignments=None, frame_confidence=None, token_confidence=None, word_confidence=None, length=0, y=None, lm_state=None, lm_scores=None, ngram_lm_state=None, tokens=None, last_token=None, token_duration=None, last_frame=None)"
9,kújɛ̀l kújɛ̀l,in the picture,Parts of: Kuyiel was a shepherd last year,"Hypothesis(score=0.0, y_sequence=tensor([1358, 2032, 2049, 2032, 1239, 1201, 1203, 1162, 1234, 2029, 1471]), text='Kuku is in the picture', dec_out=None, dec_state=None, timestamp=[], alignments=None, frame_confidence=None, token_confidence=None, word_confidence=None, length=0, y=None, lm_state=None, lm_scores=None, ngram_lm_state=None, tokens=None, last_token=None, token_duration=None, last_frame=None)"
10,âŋt̪átɛ̀ âŋt̪átɛ̀,You saw you and me yesterday in the picture.,(Go and) sip the soup!,"Hypothesis(score=0.0, y_sequence=tensor([1258, 2041, 1324, 1240, 2026, 1220, 2023, 2122, 1410, 1302, 2121, 1264,
        1811, 2043, 1324, 1172, 1379, 1954, 1536, 1229, 2036, 1219, 1259, 1435,
        2048]), text='If you leave (there) alone, you will see something else.', dec_out=None, dec_state=None, timestamp=[], alignments=None, frame_confidence=None, token_confidence=None, word_confidence=None, length=0, y=None, lm_state=None, lm_scores=None, ngram_lm_state=None, tokens=None, last_token=None, token_duration=None, last_frame=None)"
11,kàtɛ́və́lɛ̂ðɛ̌r kàtɛ́və́lɛ̂ðɛ̌r ùnɛ́ɾɛ̀,S/he pulled us all.,S/he pulled us all. S/he pulled us all.,"Hypothesis(score=0.0, y_sequence=tensor([1215, 2134, 1386, 1162, 1306, 1195, 2034, 1324, 1419, 1157, 2044, 1364,
        1205, 1156, 1272, 2034, 1364]), text='S/he pulled you all away yesterday', dec_out=None, dec_state=None, timestamp=[], alignments=None, frame_confidence=None, token_confidence=None, word_confidence=None, length=0, y=None, lm_state=None, lm_scores=None, ngram_lm_state=None, tokens=None, last_token=None, token_duration=None, last_frame=None)"
12,án kúkù,it's Kuku,It's Kuku (person),"Hypothesis(score=0.0, y_sequence=tensor([1307, 1348, 1358, 2032, 2049, 2032]), text='only Kuku', dec_out=None, dec_state=None, timestamp=[], alignments=None, frame_confidence=None, token_confidence=None, word_confidence=None, length=0, y=None, lm_state=None, lm_scores=None, ngram_lm_state=None, tokens=None, last_token=None, token_duration=None, last_frame=None)"
13,ìlɛ́ð kìcə̀lò,plough is good,offspring is good,"Hypothesis(score=0.0, y_sequence=tensor([1753, 1240, 2039, 1239, 1451, 1547, 2048]), text='The leg is good.', dec_out=None, dec_state=None, timestamp=[], alignments=None, frame_confidence=None, token_confidence=None, word_confidence=None, length=0, y=None, lm_state=None, lm_scores=None, ngram_lm_state=None, tokens=None, last_token=None, token_duration=None, last_frame=None)"
14,lə̀bó lìcə̀lò,the ball is good,my parents-in-law are good,"Hypothesis(score=0.0, y_sequence=tensor([1753, 1191, 1505, 1239, 1451, 1547, 2048]), text='The ball is good.', dec_out=None, dec_state=None, timestamp=[], alignments=None, frame_confidence=None, token_confidence=None, word_confidence=None, length=0, y=None, lm_state=None, lm_scores=None, ngram_lm_state=None, tokens=None, last_token=None, token_duration=None, last_frame=None)"
15,ɛ̀ré kìcə̀lò,the bowl is good,The bowl is good.,"Hypothesis(score=0.0, y_sequence=tensor([1753, 1191, 1335, 2033, 1239, 1451, 1547, 2048]), text='The bowl is good.', dec_out=None, dec_state=None, timestamp=[], alignments=None, frame_confidence=None, token_confidence=None, word_confidence=None, length=0, y=None, lm_state=None, lm_scores=None, ngram_lm_state=None, tokens=None, last_token=None, token_duration=None, last_frame=None)"
16,kdɔ̀ɽðɔ̀t̪ɔ̀,he fixed ,Parts of: Kuku pushed the stone (away),"Hypothesis(score=0.0, y_sequence=tensor([1998, 1490, 1253, 2107, 2014, 1190, 1946, 1246, 1203, 1164, 1185, 1205,
        1156, 1272, 2034, 1364, 2023, 2122, 1271, 1240, 1595, 2121]), text='Parts of: He fixed the cat yesterday (and left)', dec_out=None, dec_state=None, timestamp=[], alignments=None, frame_confidence=None, token_confidence=None, word_confidence=None, length=0, y=None, lm_state=None, lm_scores=None, ngram_lm_state=None, tokens=None, last_token=None, token_duration=None, last_frame=None)"
17,ɔ̀ɾá kìcə̀lò,child is good,This support pole for roof is good.,"Hypothesis(score=0.0, y_sequence=tensor([1753, 1318, 1228, 2034, 1239, 1451, 1547, 2048]), text='The child is good.', dec_out=None, dec_state=None, timestamp=[], alignments=None, frame_confidence=None, token_confidence=None, word_confidence=None, length=0, y=None, lm_state=None, lm_scores=None, ngram_lm_state=None, tokens=None, last_token=None, token_duration=None, last_frame=None)"
18,ɔ̀ɾá kìcò,child is bad,The water is good.,"Hypothesis(score=0.0, y_sequence=tensor([1318, 1228, 2034, 1239, 1191, 1212]), text='child is bad', dec_out=None, dec_state=None, timestamp=[], alignments=None, frame_confidence=None, token_confidence=None, word_confidence=None, length=0, y=None, lm_state=None, lm_scores=None, ngram_lm_state=None, tokens=None, last_token=None, token_duration=None, last_frame=None)"
19,ìró ìjó jìɽà,Your (sg) cows are big,His/her/its cows are big,"Hypothesis(score=0.0, y_sequence=tensor([1345, 1170, 2134, 1679, 2134, 1721, 1164, 1335, 2027, 1480, 1191, 1225]), text='His/her/its cows are big', dec_out=None, dec_state=None, timestamp=[], alignments=None, frame_confidence=None, token_confidence=None, word_confidence=None, length=0, y=None, lm_state=None, lm_scores=None, ngram_lm_state=None, tokens=None, last_token=None, token_duration=None, last_frame=None)"
20,ìró íjɛ́n jìɽà,Their cows are big,His/her/its cows are big,"Hypothesis(score=0.0, y_sequence=tensor([1345, 1170, 2134, 2077, 1155, 2134, 2060, 1490, 1164, 1335, 2027, 1480,
        1191, 1225]), text='His/Her/Its cows are big', dec_out=None, dec_state=None, timestamp=[], alignments=None, frame_confidence=None, token_confidence=None, word_confidence=None, length=0, y=None, lm_state=None, lm_scores=None, ngram_lm_state=None, tokens=None, last_token=None, token_duration=None, last_frame=None)"
21,ɔ̀ðə̀ŋìnà,hippo,of a hippo,"Hypothesis(score=0.0, y_sequence=tensor([1203, 1186, 2028, 1350, 2031]), text='the hippo', dec_out=None, dec_state=None, timestamp=[], alignments=None, frame_confidence=None, token_confidence=None, word_confidence=None, length=0, y=None, lm_state=None, lm_scores=None, ngram_lm_state=None, tokens=None, last_token=None, token_duration=None, last_frame=None)"
22,ɔ̀ðɛ̀ŋìnà,hippo,the hippo,"Hypothesis(score=0.0, y_sequence=tensor([1203, 1186, 2028, 1350, 2031]), text='the hippo', dec_out=None, dec_state=None, timestamp=[], alignments=None, frame_confidence=None, token_confidence=None, word_confidence=None, length=0, y=None, lm_state=None, lm_scores=None, ngram_lm_state=None, tokens=None, last_token=None, token_duration=None, last_frame=None)"
23,ɔ̀ðɛ̀ŋìnà kɛ̀,this hippo,the hippo bit,"Hypothesis(score=0.0, y_sequence=tensor([1203, 1186, 2028, 1350, 2031]), text='the hippo', dec_out=None, dec_state=None, timestamp=[], alignments=None, frame_confidence=None, token_confidence=None, word_confidence=None, length=0, y=None, lm_state=None, lm_scores=None, ngram_lm_state=None, tokens=None, last_token=None, token_duration=None, last_frame=None)"
24,àprí jàɾɔ́ kìcə̀lò,the boy said he (not the boy) is nice,the boy said he is nice,"Hypothesis(score=0.0, y_sequence=tensor([1203, 1191, 1690, 1239, 1181, 1703]), text='the boy is nice', dec_out=None, dec_state=None, timestamp=[], alignments=None, frame_confidence=None, token_confidence=None, word_confidence=None, length=0, y=None, lm_state=None, lm_scores=None, ngram_lm_state=None, tokens=None, last_token=None, token_duration=None, last_frame=None)"
25,kúkù kàɾɔ́ áprǐ jìcə̀lò,Kuku said that the boy is good,Kuku chopped the boy is good,"Hypothesis(score=0.0, y_sequence=tensor([1358, 2032, 2049, 2032, 1191, 1209, 1331, 1203, 1191, 1690, 2051, 2027,
        1391, 1212, 1181, 1703]), text=""Kuku broke the boy's head nice"", dec_out=None, dec_state=None, timestamp=[], alignments=None, frame_confidence=None, token_confidence=None, word_confidence=None, length=0, y=None, lm_state=None, lm_scores=None, ngram_lm_state=None, tokens=None, last_token=None, token_duration=None, last_frame=None)"
26,ðàlàgàràj,hyena,hyena,"Hypothesis(score=0.0, y_sequence=tensor([1186, 2045, 1153, 2026]), text='hyena', dec_out=None, dec_state=None, timestamp=[], alignments=None, frame_confidence=None, token_confidence=None, word_confidence=None, length=0, y=None, lm_state=None, lm_scores=None, ngram_lm_state=None, tokens=None, last_token=None, token_duration=None, last_frame=None)"
27,kə̌nà àpríɲá jàmə̀ɲí lɛ̂ŋgɛ̀n,Every boy is loved by his mother,"every boy, his mother likes","Hypothesis(score=0.0, y_sequence=tensor([1175, 1369, 2045, 1191, 1690, 1521, 2049, 1156, 1221, 1175, 1185, 1712,
        1638, 1547]), text='every boy likes to eat his food', dec_out=None, dec_state=None, timestamp=[], alignments=None, frame_confidence=None, token_confidence=None, word_confidence=None, length=0, y=None, lm_state=None, lm_scores=None, ngram_lm_state=None, tokens=None, last_token=None, token_duration=None, last_frame=None)"
28,àkáɽə̀ŋàt̪à,you are about to fetch ,you are about to fetch water,"Hypothesis(score=0.0, y_sequence=tensor([1324, 1480, 1430, 1367, 1221, 1190, 1229, 1165]), text='you are about to fetch', dec_out=None, dec_state=None, timestamp=[], alignments=None, frame_confidence=None, token_confidence=None, word_confidence=None, length=0, y=None, lm_state=None, lm_scores=None, ngram_lm_state=None, tokens=None, last_token=None, token_duration=None, last_frame=None)"
29,rɔ́mɔ̀ lìclò,The ram is good,The rain is good,"Hypothesis(score=0.0, y_sequence=tensor([1203, 1638, 1547, 1239, 1451, 1547]), text='the food is good', dec_out=None, dec_state=None, timestamp=[], alignments=None, frame_confidence=None, token_confidence=None, word_confidence=None, length=0, y=None, lm_state=None, lm_scores=None, ngram_lm_state=None, tokens=None, last_token=None, token_duration=None, last_frame=None)"
30,ɲɛ̌n ɲɛ́ɽcân,two dogs,the dogs will bite each other,"Hypothesis(score=0.0, y_sequence=tensor([1203, 1421, 2039, 2027, 1480, 1191, 1212]), text='the dogs are bad', dec_out=None, dec_state=None, timestamp=[], alignments=None, frame_confidence=None, token_confidence=None, word_confidence=None, length=0, y=None, lm_state=None, lm_scores=None, ngram_lm_state=None, tokens=None, last_token=None, token_duration=None, last_frame=None)"
31,ɲɛ̌n ɲɛ́ɽcân,two dogs,the dogs will bite each other,"Hypothesis(score=0.0, y_sequence=tensor([1203, 1421, 2039, 2027, 1172, 1379, 1222, 1261, 2038, 1201, 1396, 1320,
        2023, 2122, 2029, 1386, 1160, 1911, 2121]), text='the dogs will jump into it (the tree)', dec_out=None, dec_state=None, timestamp=[], alignments=None, frame_confidence=None, token_confidence=None, word_confidence=None, length=0, y=None, lm_state=None, lm_scores=None, ngram_lm_state=None, tokens=None, last_token=None, token_duration=None, last_frame=None)"
32,ŋʊ̀clò,(The dog) is good.,The dog is good.,"Hypothesis(score=0.0, y_sequence=tensor([1477, 2045, 1417, 1918, 1480, 1451, 1547]), text='many people are good', dec_out=None, dec_state=None, timestamp=[], alignments=None, frame_confidence=None, token_confidence=None, word_confidence=None, length=0, y=None, lm_state=None, lm_scores=None, ngram_lm_state=None, tokens=None, last_token=None, token_duration=None, last_frame=None)"
33,dòɾǐ lìclò,The mountain is good.,The mountain is good,"Hypothesis(score=0.0, y_sequence=tensor([1753, 1393, 1168, 1885, 1239, 1451, 1547, 2048]), text='The mountain is good.', dec_out=None, dec_state=None, timestamp=[], alignments=None, frame_confidence=None, token_confidence=None, word_confidence=None, length=0, y=None, lm_state=None, lm_scores=None, ngram_lm_state=None, tokens=None, last_token=None, token_duration=None, last_frame=None)"
34,dòɾì lìclò,The mountain is good.,The mountain is good,"Hypothesis(score=0.0, y_sequence=tensor([1753, 1318, 1159, 1239, 1451, 1547, 2048]), text='The chin is good.', dec_out=None, dec_state=None, timestamp=[], alignments=None, frame_confidence=None, token_confidence=None, word_confidence=None, length=0, y=None, lm_state=None, lm_scores=None, ngram_lm_state=None, tokens=None, last_token=None, token_duration=None, last_frame=None)"
35,àjɛ́n jɛ̀clò,"The country is good (country, hill, mountain)",The wife is good.,"Hypothesis(score=0.0, y_sequence=tensor([1753, 1393, 1168, 1885, 1239, 1181, 1703]), text='The mountain is nice', dec_out=None, dec_state=None, timestamp=[], alignments=None, frame_confidence=None, token_confidence=None, word_confidence=None, length=0, y=None, lm_state=None, lm_scores=None, ngram_lm_state=None, tokens=None, last_token=None, token_duration=None, last_frame=None)"
36,ɲɛ̌n ɲìclò,"The countries are good (country, hill, mountain)",The dogs are nice,"Hypothesis(score=0.0, y_sequence=tensor([1203, 1421, 2039, 2027, 1480, 1181, 1703]), text='the dogs are nice', dec_out=None, dec_state=None, timestamp=[], alignments=None, frame_confidence=None, token_confidence=None, word_confidence=None, length=0, y=None, lm_state=None, lm_scores=None, ngram_lm_state=None, tokens=None, last_token=None, token_duration=None, last_frame=None)"
37,ɲɛ̌n ɲɛ̀clò,"The countries are good (country, hill, mountain)",The dogs are good.,"Hypothesis(score=0.0, y_sequence=tensor([1203, 1421, 2039, 2027, 1480, 1181, 1703]), text='the dogs are nice', dec_out=None, dec_state=None, timestamp=[], alignments=None, frame_confidence=None, token_confidence=None, word_confidence=None, length=0, y=None, lm_state=None, lm_scores=None, ngram_lm_state=None, tokens=None, last_token=None, token_duration=None, last_frame=None)"
38,lɔ́ɾɔ́ lìcɽò,The back (body part) is good.,The skirt is black,"Hypothesis(score=0.0, y_sequence=tensor([1753, 1318, 1726, 1321, 1480, 1451, 1547, 2048]), text='The chickens are good.', dec_out=None, dec_state=None, timestamp=[], alignments=None, frame_confidence=None, token_confidence=None, word_confidence=None, length=0, y=None, lm_state=None, lm_scores=None, ngram_lm_state=None, tokens=None, last_token=None, token_duration=None, last_frame=None)"
39,lárǒ lìcɽò,the rock is good,The rock is rocketing,"Hypothesis(score=0.0, y_sequence=tensor([1753, 1718, 1388, 1239, 1451, 1547, 2048]), text='The rock is good.', dec_out=None, dec_state=None, timestamp=[], alignments=None, frame_confidence=None, token_confidence=None, word_confidence=None, length=0, y=None, lm_state=None, lm_scores=None, ngram_lm_state=None, tokens=None, last_token=None, token_duration=None, last_frame=None)"
40,láró lìcɽò,the rock is good,They will be bad,"Hypothesis(score=0.0, y_sequence=tensor([1753, 1718, 1388, 1239, 1451, 1547, 2048]), text='The rock is good.', dec_out=None, dec_state=None, timestamp=[], alignments=None, frame_confidence=None, token_confidence=None, word_confidence=None, length=0, y=None, lm_state=None, lm_scores=None, ngram_lm_state=None, tokens=None, last_token=None, token_duration=None, last_frame=None)"
41,lárʊ̂ lìcɽò,the rock is good,The rock is very black,"Hypothesis(score=0.0, y_sequence=tensor([1753, 1318, 1726, 1321, 1480, 1451, 1547, 2048]), text='The chickens are good.', dec_out=None, dec_state=None, timestamp=[], alignments=None, frame_confidence=None, token_confidence=None, word_confidence=None, length=0, y=None, lm_state=None, lm_scores=None, ngram_lm_state=None, tokens=None, last_token=None, token_duration=None, last_frame=None)"
42,ɔ̀ɽɟɛ̌n kìclò,The gourd is good.,The gourd is good.,"Hypothesis(score=0.0, y_sequence=tensor([1753, 1198, 1237, 2034, 1239, 1451, 1547, 2048]), text='The gourd is good.', dec_out=None, dec_state=None, timestamp=[], alignments=None, frame_confidence=None, token_confidence=None, word_confidence=None, length=0, y=None, lm_state=None, lm_scores=None, ngram_lm_state=None, tokens=None, last_token=None, token_duration=None, last_frame=None)"
43,r̀ló rə̀clò,the goat is good,The stick is good.,"Hypothesis(score=0.0, y_sequence=tensor([1358, 2032, 2049, 2032, 1239, 1181, 1703]), text='Kuku is nice', dec_out=None, dec_state=None, timestamp=[], alignments=None, frame_confidence=None, token_confidence=None, word_confidence=None, length=0, y=None, lm_state=None, lm_scores=None, ngram_lm_state=None, tokens=None, last_token=None, token_duration=None, last_frame=None)"
44,r̀lò rə̀clò,the goat is good,The sticks are good.,"Hypothesis(score=0.0, y_sequence=tensor([1259, 2040, 1335, 1239, 1451, 1547]), text='elbow is good', dec_out=None, dec_state=None, timestamp=[], alignments=None, frame_confidence=None, token_confidence=None, word_confidence=None, length=0, y=None, lm_state=None, lm_scores=None, ngram_lm_state=None, tokens=None, last_token=None, token_duration=None, last_frame=None)"
45,jèɽò jìclò,the goats are good,The trees are good.,"Hypothesis(score=0.0, y_sequence=tensor([1452, 1206, 2023, 2122, 1465, 1192, 2121, 1190, 1185, 1679, 1239, 1451,
        1547]), text='Our (dual) father is good', dec_out=None, dec_state=None, timestamp=[], alignments=None, frame_confidence=None, token_confidence=None, word_confidence=None, length=0, y=None, lm_state=None, lm_scores=None, ngram_lm_state=None, tokens=None, last_token=None, token_duration=None, last_frame=None)"
46,èɽò ìclò,the goats are good,This tree is good.,"Hypothesis(score=0.0, y_sequence=tensor([1753, 1451, 1185, 1239, 1191, 1212]), text='The goat is bad', dec_out=None, dec_state=None, timestamp=[], alignments=None, frame_confidence=None, token_confidence=None, word_confidence=None, length=0, y=None, lm_state=None, lm_scores=None, ngram_lm_state=None, tokens=None, last_token=None, token_duration=None, last_frame=None)"
47,èɽǒ ìclò,the goats are good,the axe is good,"Hypothesis(score=0.0, y_sequence=tensor([1753, 1292, 1213, 1239, 1451, 1547, 2048]), text='The hair is good.', dec_out=None, dec_state=None, timestamp=[], alignments=None, frame_confidence=None, token_confidence=None, word_confidence=None, length=0, y=None, lm_state=None, lm_scores=None, ngram_lm_state=None, tokens=None, last_token=None, token_duration=None, last_frame=None)"
48,kícə̀lò,it is good,good/clean,"Hypothesis(score=0.0, y_sequence=tensor([1239, 1181, 1703]), text='is nice', dec_out=None, dec_state=None, timestamp=[], alignments=None, frame_confidence=None, token_confidence=None, word_confidence=None, length=0, y=None, lm_state=None, lm_scores=None, ngram_lm_state=None, tokens=None, last_token=None, token_duration=None, last_frame=None)"
49,ǹd̪òbà kícə̀lò,the morning is good,The morning is good.,"Hypothesis(score=0.0, y_sequence=tensor([1328, 2031, 1547, 1169, 1179, 2025, 1219]), text='Good morning', dec_out=None, dec_state=None, timestamp=[], alignments=None, frame_confidence=None, token_confidence=None, word_confidence=None, length=0, y=None, lm_state=None, lm_scores=None, ngram_lm_state=None, tokens=None, last_token=None, token_duration=None, last_frame=None)"
50,kúkù kúkúŋ,Kuku   Kuku-ACC,Kuku will introduce him to you,"Hypothesis(score=0.0, y_sequence=tensor([1358, 2032, 2049, 2032, 1239, 1451, 1547]), text='Kuku is good', dec_out=None, dec_state=None, timestamp=[], alignments=None, frame_confidence=None, token_confidence=None, word_confidence=None, length=0, y=None, lm_state=None, lm_scores=None, ngram_lm_state=None, tokens=None, last_token=None, token_duration=None, last_frame=None)"
51,íŋgâìt̪ɔ̌ dɛ̂,"No, I am not coming",I am about to drink beer,"Hypothesis(score=0.0, y_sequence=tensor([1258, 1172, 1379, 1238, 2024, 1854, 2024]), text='I will come home', dec_out=None, dec_state=None, timestamp=[], alignments=None, frame_confidence=None, token_confidence=None, word_confidence=None, length=0, y=None, lm_state=None, lm_scores=None, ngram_lm_state=None, tokens=None, last_token=None, token_duration=None, last_frame=None)"
52,íŋgâìt̪ɔ̌,I am coming,I am about to see the skirt,"Hypothesis(score=0.0, y_sequence=tensor([1258, 1172, 1379, 1301, 1229, 2023, 2122, 2041, 1174, 2121]), text='I will meet (far)', dec_out=None, dec_state=None, timestamp=[], alignments=None, frame_confidence=None, token_confidence=None, word_confidence=None, length=0, y=None, lm_state=None, lm_scores=None, ngram_lm_state=None, tokens=None, last_token=None, token_duration=None, last_frame=None)"
53,ímìdǎn kìcə̀lò,Himidan is good,Himidan is good,"Hypothesis(score=0.0, y_sequence=tensor([1345, 1266, 1244, 1166, 1239, 1451, 1547]), text='Himidan is good', dec_out=None, dec_state=None, timestamp=[], alignments=None, frame_confidence=None, token_confidence=None, word_confidence=None, length=0, y=None, lm_state=None, lm_scores=None, ngram_lm_state=None, tokens=None, last_token=None, token_duration=None, last_frame=None)"
54,mùðù kèclò,The leopard is good,The leopard is wise.,"Hypothesis(score=0.0, y_sequence=tensor([1753, 1240, 2031, 2038, 1525, 1239, 1451, 1547, 2048]), text='The leopard is good.', dec_out=None, dec_state=None, timestamp=[], alignments=None, frame_confidence=None, token_confidence=None, word_confidence=None, length=0, y=None, lm_state=None, lm_scores=None, ngram_lm_state=None, tokens=None, last_token=None, token_duration=None, last_frame=None)"
55,mùðù kɔ̀là,leopard is tall,The leopard is tall.,"Hypothesis(score=0.0, y_sequence=tensor([1753, 1240, 2031, 2038, 1525, 1239, 1160, 1505, 2048]), text='The leopard is tall.', dec_out=None, dec_state=None, timestamp=[], alignments=None, frame_confidence=None, token_confidence=None, word_confidence=None, length=0, y=None, lm_state=None, lm_scores=None, ngram_lm_state=None, tokens=None, last_token=None, token_duration=None, last_frame=None)"
56,ŋʊ́t̪òlíŋá,of the lion,the lion was instructed by God,"Hypothesis(score=0.0, y_sequence=tensor([1361, 1335, 2043, 1203, 1163, 1226]), text='Now, the lion', dec_out=None, dec_state=None, timestamp=[], alignments=None, frame_confidence=None, token_confidence=None, word_confidence=None, length=0, y=None, lm_state=None, lm_scores=None, ngram_lm_state=None, tokens=None, last_token=None, token_duration=None, last_frame=None)"
57,ùɽí kɔ̀là,The trees are tall.,The tree is tall.,"Hypothesis(score=0.0, y_sequence=tensor([1753, 1160, 1911, 1239, 1160, 1505, 2048]), text='The tree is tall.', dec_out=None, dec_state=None, timestamp=[], alignments=None, frame_confidence=None, token_confidence=None, word_confidence=None, length=0, y=None, lm_state=None, lm_scores=None, ngram_lm_state=None, tokens=None, last_token=None, token_duration=None, last_frame=None)"
58,ùɽì kɔ̀là,The trees are tall.,The tree is tall.,"Hypothesis(score=0.0, y_sequence=tensor([1753, 1160, 1911, 1239, 1160, 1505]), text='The tree is tall', dec_out=None, dec_state=None, timestamp=[], alignments=None, frame_confidence=None, token_confidence=None, word_confidence=None, length=0, y=None, lm_state=None, lm_scores=None, ngram_lm_state=None, tokens=None, last_token=None, token_duration=None, last_frame=None)"
59,t̪òlí t̪ɔ̀là,The lion is tall,lion is tall,"Hypothesis(score=0.0, y_sequence=tensor([1753, 1163, 1226, 1239, 1160, 1505, 2048]), text='The lion is tall.', dec_out=None, dec_state=None, timestamp=[], alignments=None, frame_confidence=None, token_confidence=None, word_confidence=None, length=0, y=None, lm_state=None, lm_scores=None, ngram_lm_state=None, tokens=None, last_token=None, token_duration=None, last_frame=None)"
60,t̪ùlí t̪òrlà,lions are tall,the lion is tall,"Hypothesis(score=0.0, y_sequence=tensor([1753, 1163, 1226, 1239, 1191, 1225]), text='The lion is big', dec_out=None, dec_state=None, timestamp=[], alignments=None, frame_confidence=None, token_confidence=None, word_confidence=None, length=0, y=None, lm_state=None, lm_scores=None, ngram_lm_state=None, tokens=None, last_token=None, token_duration=None, last_frame=None)"
61,t̪ùlí t̪òlà,lion is tall,the lion is tall,"Hypothesis(score=0.0, y_sequence=tensor([1753, 1163, 1226, 1239, 1160, 1505, 2048]), text='The lion is tall.', dec_out=None, dec_state=None, timestamp=[], alignments=None, frame_confidence=None, token_confidence=None, word_confidence=None, length=0, y=None, lm_state=None, lm_scores=None, ngram_lm_state=None, tokens=None, last_token=None, token_duration=None, last_frame=None)"
62,ǎn múðù kâj,that is a leopard,That is a leopard,"Hypothesis(score=0.0, y_sequence=tensor([1856, 1170, 1239, 1157, 1240, 2031, 2038, 1525]), text='This is a leopard', dec_out=None, dec_state=None, timestamp=[], alignments=None, frame_confidence=None, token_confidence=None, word_confidence=None, length=0, y=None, lm_state=None, lm_scores=None, ngram_lm_state=None, tokens=None, last_token=None, token_duration=None, last_frame=None)"
63,án múðù kâj,that is a leopard,It's the leopard that is feared,"Hypothesis(score=0.0, y_sequence=tensor([1856, 1170, 1239, 1157, 1240, 2031, 2038, 1525]), text='This is a leopard', dec_out=None, dec_state=None, timestamp=[], alignments=None, frame_confidence=None, token_confidence=None, word_confidence=None, length=0, y=None, lm_state=None, lm_scores=None, ngram_lm_state=None, tokens=None, last_token=None, token_duration=None, last_frame=None)"
64,àn íjò kɛ̂,this is a shepherd,it is a shepherd,"Hypothesis(score=0.0, y_sequence=tensor([1856, 1170, 1239, 1157, 1934, 2038, 1679, 2034]), text='This is a shepherd', dec_out=None, dec_state=None, timestamp=[], alignments=None, frame_confidence=None, token_confidence=None, word_confidence=None, length=0, y=None, lm_state=None, lm_scores=None, ngram_lm_state=None, tokens=None, last_token=None, token_duration=None, last_frame=None)"
65,íjó jɛ̀ɽcàn,two guns,I was a shepherd,"Hypothesis(score=0.0, y_sequence=tensor([2014, 1157, 1193, 1203, 1301, 1185]), text='He ate the meat', dec_out=None, dec_state=None, timestamp=[], alignments=None, frame_confidence=None, token_confidence=None, word_confidence=None, length=0, y=None, lm_state=None, lm_scores=None, ngram_lm_state=None, tokens=None, last_token=None, token_duration=None, last_frame=None)"
66,íjó jɛ̀ɽicàn,two guns,I was good,"Hypothesis(score=0.0, y_sequence=tensor([1267, 1364, 2134, 2035, 1166, 1258, 1158, 1396, 2038, 2086]), text='May/can I stop?', dec_out=None, dec_state=None, timestamp=[], alignments=None, frame_confidence=None, token_confidence=None, word_confidence=None, length=0, y=None, lm_state=None, lm_scores=None, ngram_lm_state=None, tokens=None, last_token=None, token_duration=None, last_frame=None)"
67,ed̪ɛɾɛ́ kìcə̀lò,the girl is good,the girl is good,"Hypothesis(score=0.0, y_sequence=tensor([1203, 1198, 1213, 2033, 1239, 1451, 1547]), text='the girl is good', dec_out=None, dec_state=None, timestamp=[], alignments=None, frame_confidence=None, token_confidence=None, word_confidence=None, length=0, y=None, lm_state=None, lm_scores=None, ngram_lm_state=None, tokens=None, last_token=None, token_duration=None, last_frame=None)"
68,èd̪ɛ̀rɛ́ kàŋíŋì,The girl saw me,the girl saw me,"Hypothesis(score=0.0, y_sequence=tensor([1687, 1190, 1252, 2049, 2027, 2071, 1159, 2071, 1461, 2044, 1317, 2044,
        1301]), text='my folks-in-law saw me', dec_out=None, dec_state=None, timestamp=[], alignments=None, frame_confidence=None, token_confidence=None, word_confidence=None, length=0, y=None, lm_state=None, lm_scores=None, ngram_lm_state=None, tokens=None, last_token=None, token_duration=None, last_frame=None)"
69,èdɛ̀rɛ́ kàŋátɛ̀,the girl saw us two,the girl saw us two,"Hypothesis(score=0.0, y_sequence=tensor([1203, 1198, 1213, 2033, 1317, 2044, 1324]), text='the girl saw you', dec_out=None, dec_state=None, timestamp=[], alignments=None, frame_confidence=None, token_confidence=None, word_confidence=None, length=0, y=None, lm_state=None, lm_scores=None, ngram_lm_state=None, tokens=None, last_token=None, token_duration=None, last_frame=None)"
70,àń bácʊ́m kɛ̀,This is a fox,Friendship was good,"Hypothesis(score=0.0, y_sequence=tensor([1856, 1170, 1239, 1157, 1638, 2054]), text='This is a fox', dec_out=None, dec_state=None, timestamp=[], alignments=None, frame_confidence=None, token_confidence=None, word_confidence=None, length=0, y=None, lm_state=None, lm_scores=None, ngram_lm_state=None, tokens=None, last_token=None, token_duration=None, last_frame=None)"
71,nàl bàcʊ̂m,Here are foxes,Foxes are bad,"Hypothesis(score=0.0, y_sequence=tensor([1361, 2039, 1192, 1698, 1638, 2054, 1156]), text='Ngalba foxes', dec_out=None, dec_state=None, timestamp=[], alignments=None, frame_confidence=None, token_confidence=None, word_confidence=None, length=0, y=None, lm_state=None, lm_scores=None, ngram_lm_state=None, tokens=None, last_token=None, token_duration=None, last_frame=None)"
72,dìjó rìcə̀lò,The cow is good,The drop of soup is good,"Hypothesis(score=0.0, y_sequence=tensor([1753, 1934, 2038, 1679, 2034, 1239, 1451, 1547, 2048]), text='The shepherd is good.', dec_out=None, dec_state=None, timestamp=[], alignments=None, frame_confidence=None, token_confidence=None, word_confidence=None, length=0, y=None, lm_state=None, lm_scores=None, ngram_lm_state=None, tokens=None, last_token=None, token_duration=None, last_frame=None)"
73,ùmè kìcə̀lò,The fish is good,The feather is good.,"Hypothesis(score=0.0, y_sequence=tensor([1753, 1190, 1170, 2036, 1239, 1451, 1547, 2048]), text='The fish is good.', dec_out=None, dec_state=None, timestamp=[], alignments=None, frame_confidence=None, token_confidence=None, word_confidence=None, length=0, y=None, lm_state=None, lm_scores=None, ngram_lm_state=None, tokens=None, last_token=None, token_duration=None, last_frame=None)"
74,wɛ̌n kìcə̀lò,The wife is good,wife is good,"Hypothesis(score=0.0, y_sequence=tensor([1308, 1476, 1239, 1451, 1547, 2086]), text='When is good?', dec_out=None, dec_state=None, timestamp=[], alignments=None, frame_confidence=None, token_confidence=None, word_confidence=None, length=0, y=None, lm_state=None, lm_scores=None, ngram_lm_state=None, tokens=None, last_token=None, token_duration=None, last_frame=None)"
75,wɛ̌n ìgùn,his wife,Parts of: This is a woman.,"Hypothesis(score=0.0, y_sequence=tensor([1712, 1172, 1420, 2024]), text='his wife', dec_out=None, dec_state=None, timestamp=[], alignments=None, frame_confidence=None, token_confidence=None, word_confidence=None, length=0, y=None, lm_state=None, lm_scores=None, ngram_lm_state=None, tokens=None, last_token=None, token_duration=None, last_frame=None)"
76,làrɔ̀ lìclò,The siblings are good,The grandchildren are good,"Hypothesis(score=0.0, y_sequence=tensor([1318, 1726, 1321, 1480, 1451, 1547]), text='chickens are good', dec_out=None, dec_state=None, timestamp=[], alignments=None, frame_confidence=None, token_confidence=None, word_confidence=None, length=0, y=None, lm_state=None, lm_scores=None, ngram_lm_state=None, tokens=None, last_token=None, token_duration=None, last_frame=None)"
77,àrù kìcə̀lò,The sibling is good,The ball is good.,"Hypothesis(score=0.0, y_sequence=tensor([1753, 1318, 1726, 1321, 1480, 1451, 1547, 2048]), text='The chickens are good.', dec_out=None, dec_state=None, timestamp=[], alignments=None, frame_confidence=None, token_confidence=None, word_confidence=None, length=0, y=None, lm_state=None, lm_scores=None, ngram_lm_state=None, tokens=None, last_token=None, token_duration=None, last_frame=None)"
78,ɔ̌j kítàɽàn,The bee is small,my father is tall,"Hypothesis(score=0.0, y_sequence=tensor([1646, 1364, 1239, 1191, 1225]), text='today is big', dec_out=None, dec_state=None, timestamp=[], alignments=None, frame_confidence=None, token_confidence=None, word_confidence=None, length=0, y=None, lm_state=None, lm_scores=None, ngram_lm_state=None, tokens=None, last_token=None, token_duration=None, last_frame=None)"
79,ŋárðó lúó,Tear the shirt!,Tear the shirt!,"Hypothesis(score=0.0, y_sequence=tensor([1928, 1174, 1203, 1154, 2030, 1342, 2117]), text='Tear the dress!', dec_out=None, dec_state=None, timestamp=[], alignments=None, frame_confidence=None, token_confidence=None, word_confidence=None, length=0, y=None, lm_state=None, lm_scores=None, ngram_lm_state=None, tokens=None, last_token=None, token_duration=None, last_frame=None)"
80,lə̀p ɛ́ r lìcə̀lò,The tail is good,boys are good,"Hypothesis(score=0.0, y_sequence=tensor([1687, 1190, 1185, 1679, 1239, 1451, 1547]), text='my father is good', dec_out=None, dec_state=None, timestamp=[], alignments=None, frame_confidence=None, token_confidence=None, word_confidence=None, length=0, y=None, lm_state=None, lm_scores=None, ngram_lm_state=None, tokens=None, last_token=None, token_duration=None, last_frame=None)"
81,lə̀pɛ́r lìcə̀lò,The tail is good,our (incl) peers are good,"Hypothesis(score=0.0, y_sequence=tensor([1203, 1213, 1190, 1185, 1679, 1239, 1451, 1547]), text='their father is good', dec_out=None, dec_state=None, timestamp=[], alignments=None, frame_confidence=None, token_confidence=None, word_confidence=None, length=0, y=None, lm_state=None, lm_scores=None, ngram_lm_state=None, tokens=None, last_token=None, token_duration=None, last_frame=None)"
82,ídɜ́ɽí kìcə̀ló,Herbs are good,the girl is good,"Hypothesis(score=0.0, y_sequence=tensor([1697, 2023, 2122, 1465, 1192, 2121, 1189, 2035, 1195, 1239, 1451, 1547]), text='our (dual) uncle is good', dec_out=None, dec_state=None, timestamp=[], alignments=None, frame_confidence=None, token_confidence=None, word_confidence=None, length=0, y=None, lm_state=None, lm_scores=None, ngram_lm_state=None, tokens=None, last_token=None, token_duration=None, last_frame=None)"
83,èlě kə̀cə̀lò,the king is good,The tortoise is good.,"Hypothesis(score=0.0, y_sequence=tensor([1753, 1262, 1219, 1239, 1451, 1547, 2048]), text='The king is good.', dec_out=None, dec_state=None, timestamp=[], alignments=None, frame_confidence=None, token_confidence=None, word_confidence=None, length=0, y=None, lm_state=None, lm_scores=None, ngram_lm_state=None, tokens=None, last_token=None, token_duration=None, last_frame=None)"
84,ɛ̀lɛ̀ jɛ̀cə̀lò,the mushroom is good,the gourds are good,"Hypothesis(score=0.0, y_sequence=tensor([1753, 2045, 1172, 1302, 1451, 1547, 2048]), text='They were good.', dec_out=None, dec_state=None, timestamp=[], alignments=None, frame_confidence=None, token_confidence=None, word_confidence=None, length=0, y=None, lm_state=None, lm_scores=None, ngram_lm_state=None, tokens=None, last_token=None, token_duration=None, last_frame=None)"
85,ɛ̀lɛ̀ jɛ̀cə̀lǒ,mushroom is good,The gourds are good.,"Hypothesis(score=0.0, y_sequence=tensor([1753, 1169, 1228, 2049, 1239, 1451, 1547]), text='The milk is good', dec_out=None, dec_state=None, timestamp=[], alignments=None, frame_confidence=None, token_confidence=None, word_confidence=None, length=0, y=None, lm_state=None, lm_scores=None, ngram_lm_state=None, tokens=None, last_token=None, token_duration=None, last_frame=None)"
86,ɛ̀là jɛ̀cə̀lò,mushroom is good,the farmer is good,"Hypothesis(score=0.0, y_sequence=tensor([1753, 1164, 1271, 1195, 2134, 2039, 1261, 1239, 1181, 1703]), text='The candle/gum is nice', dec_out=None, dec_state=None, timestamp=[], alignments=None, frame_confidence=None, token_confidence=None, word_confidence=None, length=0, y=None, lm_state=None, lm_scores=None, ngram_lm_state=None, tokens=None, last_token=None, token_duration=None, last_frame=None)"
87,ìlɛ́ð kìcə̀lò,the hoe is good,offspring is good,"Hypothesis(score=0.0, y_sequence=tensor([1753, 1240, 1185, 1679, 1239, 1451, 1547, 2048]), text='The leather is good.', dec_out=None, dec_state=None, timestamp=[], alignments=None, frame_confidence=None, token_confidence=None, word_confidence=None, length=0, y=None, lm_state=None, lm_scores=None, ngram_lm_state=None, tokens=None, last_token=None, token_duration=None, last_frame=None)"
88,ɜ́ɾʊ́ kìcə̀lò,the bird's nest/leather bowl is good,The water skin is good.,"Hypothesis(score=0.0, y_sequence=tensor([1190, 1335, 2033, 1239, 1451, 1547]), text='fowl is good', dec_out=None, dec_state=None, timestamp=[], alignments=None, frame_confidence=None, token_confidence=None, word_confidence=None, length=0, y=None, lm_state=None, lm_scores=None, ngram_lm_state=None, tokens=None, last_token=None, token_duration=None, last_frame=None)"
89,ɜ̀nì kìcə̀lò,ear/leaf is good,the skirt is good,"Hypothesis(score=0.0, y_sequence=tensor([1753, 1262, 1219, 1239, 1451, 1547, 2048]), text='The king is good.', dec_out=None, dec_state=None, timestamp=[], alignments=None, frame_confidence=None, token_confidence=None, word_confidence=None, length=0, y=None, lm_state=None, lm_scores=None, ngram_lm_state=None, tokens=None, last_token=None, token_duration=None, last_frame=None)"
90,òló kìcə̀lò,the sieve is good,elbow is good,"Hypothesis(score=0.0, y_sequence=tensor([1358, 2032, 2049, 2032, 1239, 1451, 1547]), text='Kuku is good', dec_out=None, dec_state=None, timestamp=[], alignments=None, frame_confidence=None, token_confidence=None, word_confidence=None, length=0, y=None, lm_state=None, lm_scores=None, ngram_lm_state=None, tokens=None, last_token=None, token_duration=None, last_frame=None)"
91,t̪òlé t̪ə̀rǎ ŋij̀ɛ́ ŋɛ́nɛ̀,Why did the lion eat the dog?,Why did the lion eat the dog?,"Hypothesis(score=0.0, y_sequence=tensor([1753, 1163, 1226, 1175, 1799, 1421, 2039, 2027]), text='The lion eats dogs', dec_out=None, dec_state=None, timestamp=[], alignments=None, frame_confidence=None, token_confidence=None, word_confidence=None, length=0, y=None, lm_state=None, lm_scores=None, ngram_lm_state=None, tokens=None, last_token=None, token_duration=None, last_frame=None)"
92,t̪òlé t̪ìcəlò,The lion is good,The lion is good.,"Hypothesis(score=0.0, y_sequence=tensor([1753, 1163, 1226, 1239, 1451, 1547, 2048]), text='The lion is good.', dec_out=None, dec_state=None, timestamp=[], alignments=None, frame_confidence=None, token_confidence=None, word_confidence=None, length=0, y=None, lm_state=None, lm_scores=None, ngram_lm_state=None, tokens=None, last_token=None, token_duration=None, last_frame=None)"
93,tʊ̀lí t̪ìcəlò,The lions are good,the lion is good,"Hypothesis(score=0.0, y_sequence=tensor([1753, 1163, 1226, 1239, 1451, 1547, 2048]), text='The lion is good.', dec_out=None, dec_state=None, timestamp=[], alignments=None, frame_confidence=None, token_confidence=None, word_confidence=None, length=0, y=None, lm_state=None, lm_scores=None, ngram_lm_state=None, tokens=None, last_token=None, token_duration=None, last_frame=None)"
94,nɛ̀nì nìcìlò,ears are good,baskets are good,"Hypothesis(score=0.0, y_sequence=tensor([1753, 1573, 2040, 2040, 1721, 1480, 1451, 1547]), text='The rabbits are good', dec_out=None, dec_state=None, timestamp=[], alignments=None, frame_confidence=None, token_confidence=None, word_confidence=None, length=0, y=None, lm_state=None, lm_scores=None, ngram_lm_state=None, tokens=None, last_token=None, token_duration=None, last_frame=None)"
95,ŋ̀wt̪út̪ú ŋìcìlò,roofs are good,the waitresses are good,"Hypothesis(score=0.0, y_sequence=tensor([1753, 1718, 2031, 2041, 2027, 2023, 2122, 2031, 2041, 1186, 1230, 1156,
        2121, 1480, 1451, 1547]), text='The roofs (of houses) are good', dec_out=None, dec_state=None, timestamp=[], alignments=None, frame_confidence=None, token_confidence=None, word_confidence=None, length=0, y=None, lm_state=None, lm_scores=None, ngram_lm_state=None, tokens=None, last_token=None, token_duration=None, last_frame=None)"
96,ŋwɔ́bɛ́ɽɛ́ ŋìcìlò,flowers are good,the flower is beautiful,"Hypothesis(score=0.0, y_sequence=tensor([1203, 1190, 2033, 1335, 1257, 1480, 1451, 1547]), text='the flowers are good', dec_out=None, dec_state=None, timestamp=[], alignments=None, frame_confidence=None, token_confidence=None, word_confidence=None, length=0, y=None, lm_state=None, lm_scores=None, ngram_lm_state=None, tokens=None, last_token=None, token_duration=None, last_frame=None)"
97,kukǔ án íjɔ̀,Kuku is a shepherd,Kuku (far away),"Hypothesis(score=0.0, y_sequence=tensor([1358, 2032, 2049, 2032, 1366, 1157, 1934, 2038, 1679, 2034]), text='Kuku was a shepherd', dec_out=None, dec_state=None, timestamp=[], alignments=None, frame_confidence=None, token_confidence=None, word_confidence=None, length=0, y=None, lm_state=None, lm_scores=None, ngram_lm_state=None, tokens=None, last_token=None, token_duration=None, last_frame=None)"
98,àníŋí íjɔ̌,I am a shepherd,I am a shepherd.,"Hypothesis(score=0.0, y_sequence=tensor([1203, 1934, 2038, 1679, 2034, 1239, 1301]), text='the shepherd is me', dec_out=None, dec_state=None, timestamp=[], alignments=None, frame_confidence=None, token_confidence=None, word_confidence=None, length=0, y=None, lm_state=None, lm_scores=None, ngram_lm_state=None, tokens=None, last_token=None, token_duration=None, last_frame=None)"
99,ìjɔ̀ gáj àníŋì,that shepherd is me,the hare is fat,"Hypothesis(score=0.0, y_sequence=tensor([1687, 1190, 1252, 2049, 2027]), text='my folks', dec_out=None, dec_state=None, timestamp=[], alignments=None, frame_confidence=None, token_confidence=None, word_confidence=None, length=0, y=None, lm_state=None, lm_scores=None, ngram_lm_state=None, tokens=None, last_token=None, token_duration=None, last_frame=None)"
100,ìjɔ̀ kə̀vé ánìŋǐ,the shepherd was me,she was a shepherd,"Hypothesis(score=0.0, y_sequence=tensor([2014, 1157, 1193, 1638, 1547, 1241, 1807, 1729, 1190, 1185, 2023, 2122,
        2036, 1302, 2121]), text='He ate food and became fat (here)', dec_out=None, dec_state=None, timestamp=[], alignments=None, frame_confidence=None, token_confidence=None, word_confidence=None, length=0, y=None, lm_state=None, lm_scores=None, ngram_lm_state=None, tokens=None, last_token=None, token_duration=None, last_frame=None)"
101,ìjɔ̀ kə̀vé ánìŋì,the shepherd was me,she was a shepherd,"Hypothesis(score=0.0, y_sequence=tensor([2014, 1366, 1157, 1934, 2038, 1679, 2034]), text='He was a shepherd', dec_out=None, dec_state=None, timestamp=[], alignments=None, frame_confidence=None, token_confidence=None, word_confidence=None, length=0, y=None, lm_state=None, lm_scores=None, ngram_lm_state=None, tokens=None, last_token=None, token_duration=None, last_frame=None)"
102,évé ànìŋì ìjɔ̀,I was a shepherd,I am a shepherd,"Hypothesis(score=0.0, y_sequence=tensor([1258, 1366, 1157, 1934, 2038, 1679, 2034]), text='I was a shepherd', dec_out=None, dec_state=None, timestamp=[], alignments=None, frame_confidence=None, token_confidence=None, word_confidence=None, length=0, y=None, lm_state=None, lm_scores=None, ngram_lm_state=None, tokens=None, last_token=None, token_duration=None, last_frame=None)"
103,évé ànìŋí íjɔ̀,I was a shepherd,I am a man.,"Hypothesis(score=0.0, y_sequence=tensor([1258, 1366, 1157, 1934, 2038, 1679, 2034]), text='I was a shepherd', dec_out=None, dec_state=None, timestamp=[], alignments=None, frame_confidence=None, token_confidence=None, word_confidence=None, length=0, y=None, lm_state=None, lm_scores=None, ngram_lm_state=None, tokens=None, last_token=None, token_duration=None, last_frame=None)"
104,ìrí ɛ̀gɔ́,your name,Parts of: There are no herbs whatsoever,"Hypothesis(score=0.0, y_sequence=tensor([1345, 2031, 1156, 2117]), text='Hoes!', dec_out=None, dec_state=None, timestamp=[], alignments=None, frame_confidence=None, token_confidence=None, word_confidence=None, length=0, y=None, lm_state=None, lm_scores=None, ngram_lm_state=None, tokens=None, last_token=None, token_duration=None, last_frame=None)"
105,ɔ́rn ɔ́ɟɔ̀,You're called what?,What's your name?,"Hypothesis(score=0.0, y_sequence=tensor([1887, 1239, 1183, 1302, 2086]), text='who is there?', dec_out=None, dec_state=None, timestamp=[], alignments=None, frame_confidence=None, token_confidence=None, word_confidence=None, length=0, y=None, lm_state=None, lm_scores=None, ngram_lm_state=None, tokens=None, last_token=None, token_duration=None, last_frame=None)"
106,ǎn kúkùŋà,(It was) Kuku and entourage,It's Kuku.,"Hypothesis(score=0.0, y_sequence=tensor([1307, 1348, 1358, 2032, 2049, 2032]), text='only Kuku', dec_out=None, dec_state=None, timestamp=[], alignments=None, frame_confidence=None, token_confidence=None, word_confidence=None, length=0, y=None, lm_state=None, lm_scores=None, ngram_lm_state=None, tokens=None, last_token=None, token_duration=None, last_frame=None)"
107,àprí jɛ̀ðə̀ŋná nó t̪òlé t̪àrlɛ̂ɲì ŋínɛ̀,The boy remembered the lion chased the dog (towards),The boy remembered how the lion chased the dog (away),"Hypothesis(score=0.0, y_sequence=tensor([1753, 1191, 1690, 1231, 2037, 1232, 1312, 1246, 1203, 1163, 1226, 1318,
        1178, 1246, 1203, 1421, 2039, 2023, 2122, 2026, 2044, 1364, 2121]), text='The boy remembered the lion chased the dog (away)', dec_out=None, dec_state=None, timestamp=[], alignments=None, frame_confidence=None, token_confidence=None, word_confidence=None, length=0, y=None, lm_state=None, lm_scores=None, ngram_lm_state=None, tokens=None, last_token=None, token_duration=None, last_frame=None)"
108,àprí jɛ̀ðə̀ŋná nó àn áǒ kà t̪ólé ŕlɛ̂ɲì ŋínɛ̀,The boy remembered how the lion chased the dog (away),The boy remembered who the lion chased the dog (away),"Hypothesis(score=0.0, y_sequence=tensor([1753, 1191, 1690, 1231, 2037, 1232, 1312, 1246, 1866, 1203, 1163, 1226,
        1318, 1178, 1246, 1203, 1421, 2039, 2023, 2122, 2026, 2044, 1364, 2121]), text='The boy remembered how the lion chased the dog (away)', dec_out=None, dec_state=None, timestamp=[], alignments=None, frame_confidence=None, token_confidence=None, word_confidence=None, length=0, y=None, lm_state=None, lm_scores=None, ngram_lm_state=None, tokens=None, last_token=None, token_duration=None, last_frame=None)"
109,kà t̪ólé ŕlɛ̂ɲì ŋínɛ̀,(The boy remembered how) the lion chased the dog (away),(The lion) chased the dog (away),"Hypothesis(score=0.0, y_sequence=tensor([1215, 2134, 1386, 1221, 1457, 1203, 1163, 1226, 1183, 1185, 1203, 1421,
        2039, 1318, 1178, 1246, 2023, 2122, 2026, 2044, 1364, 2121]), text='S/he told the lion that the dog chased (away)', dec_out=None, dec_state=None, timestamp=[], alignments=None, frame_confidence=None, token_confidence=None, word_confidence=None, length=0, y=None, lm_state=None, lm_scores=None, ngram_lm_state=None, tokens=None, last_token=None, token_duration=None, last_frame=None)"
110,àn áǒ kə́ðə̀ŋnɔ́ áprí ánó ká t̪òlé ŕlɛ̀ɲì ŋínɛ̀,? How did the boy remember the lion chased the dog?,How did the boy remember the lion chased the dog (away)?,"Hypothesis(score=0.0, y_sequence=tensor([1345, 1335, 1154, 1244, 1203, 1191, 1690, 1231, 2037, 1232, 1312, 1203,
        1163, 1226, 1318, 1178, 1246, 1203, 1421, 2039, 2023, 2122, 2026, 2044,
        1364, 2121, 2086]), text='How did the boy remember the lion chased the dog (away)?', dec_out=None, dec_state=None, timestamp=[], alignments=None, frame_confidence=None, token_confidence=None, word_confidence=None, length=0, y=None, lm_state=None, lm_scores=None, ngram_lm_state=None, tokens=None, last_token=None, token_duration=None, last_frame=None)"
111,àn áǒ kə́ðə̀ŋnɔ́l áprí ánó ká t̪òlé ŕlɛ̀ɲì ŋínɛ̀,? How did the boy remember the lion chased the dog?,How did the boy remember the lion chased the dog (away)?,"Hypothesis(score=0.0, y_sequence=tensor([1345, 1335, 1154, 1244, 1203, 1191, 1690, 1231, 2037, 1232, 1312, 1203,
        1163, 1226, 1318, 1178, 1246, 1203, 1421, 2039, 2086]), text='How did the boy remember the lion chased the dog?', dec_out=None, dec_state=None, timestamp=[], alignments=None, frame_confidence=None, token_confidence=None, word_confidence=None, length=0, y=None, lm_state=None, lm_scores=None, ngram_lm_state=None, tokens=None, last_token=None, token_duration=None, last_frame=None)"
112,àn áǒ kə́ðə̀ŋnɔ́l áprí ánó ká t̪ólé ŕlɛ̂ɲì ŋínɛ̀,? How did the boy remember the lion chased the dog?,Why did the boy remember the lion chased the dog (away)?,"Hypothesis(score=0.0, y_sequence=tensor([1345, 1335, 1154, 1244, 1203, 1191, 1690, 1231, 2037, 1232, 1312, 1203,
        1421, 2039, 1318, 1178, 1246, 1203, 1163, 1226, 2086]), text='How did the boy remember the dog chased the lion?', dec_out=None, dec_state=None, timestamp=[], alignments=None, frame_confidence=None, token_confidence=None, word_confidence=None, length=0, y=None, lm_state=None, lm_scores=None, ngram_lm_state=None, tokens=None, last_token=None, token_duration=None, last_frame=None)"
113,ká t̪ólé ŕlɛ̂ɲì ŋínɛ̀,(How did the boy remember) the lion chased the dog?,(what) the lion chased (towards),"Hypothesis(score=0.0, y_sequence=tensor([1215, 2134, 1386, 1221, 1457, 1203, 1163, 1226, 1183, 1185, 1203, 1421,
        2039, 1318, 1178, 1246, 2023, 2122, 2026, 2044, 1364, 2121]), text='S/he told the lion that the dog chased (away)', dec_out=None, dec_state=None, timestamp=[], alignments=None, frame_confidence=None, token_confidence=None, word_confidence=None, length=0, y=None, lm_state=None, lm_scores=None, ngram_lm_state=None, tokens=None, last_token=None, token_duration=None, last_frame=None)"
114,àn ndɔ́n kə́ðə̀ŋnɔ́l áprí á nó kágɛ́ t̪ólé ŕlɛ̂ɲì ŋínɛ̀,When did the boy remember the lion chased the dog (away)?,When did the boy remember that the lion chased the dog (away)?,"Hypothesis(score=0.0, y_sequence=tensor([1308, 1476, 1203, 1191, 1690, 1231, 2037, 1232, 1312, 1246, 1326, 1185,
        1203, 1163, 1226, 1318, 1178, 1246, 1203, 1421, 2039, 2023, 2122, 2026,
        2044, 1364, 2121]), text='When the boy remembered what the lion chased the dog (away)', dec_out=None, dec_state=None, timestamp=[], alignments=None, frame_confidence=None, token_confidence=None, word_confidence=None, length=0, y=None, lm_state=None, lm_scores=None, ngram_lm_state=None, tokens=None, last_token=None, token_duration=None, last_frame=None)"
115,àn ndɔ́n kə́ðə̀ŋnɔ́l áprí á nó kágɛ́ t̪òlé ŕlɛ̂ɲì ŋínɛ̀,When did the boy remember the lion chased the dog (away)?,When did the boy remember that the lion chased the dog (away)?,"Hypothesis(score=0.0, y_sequence=tensor([1326, 1153, 1203, 1191, 1690, 1231, 2037, 1232, 1312, 1246, 1326, 1153,
        1203, 1163, 1226, 1318, 1178, 1246, 1203, 1421, 2039, 2023, 2122, 2026,
        2044, 1364, 2121]), text='when the boy remembered when the lion chased the dog (away)', dec_out=None, dec_state=None, timestamp=[], alignments=None, frame_confidence=None, token_confidence=None, word_confidence=None, length=0, y=None, lm_state=None, lm_scores=None, ngram_lm_state=None, tokens=None, last_token=None, token_duration=None, last_frame=None)"
116,àprí jábòt̪ɛ̀ ùɽì,The boy climbed the tree (speaker is present).,The boy climbed up the tree (and left),"Hypothesis(score=0.0, y_sequence=tensor([1203, 1191, 1690, 1172, 1379, 1556, 1266, 2040, 1752, 1203, 1160, 1911,
        2023, 2122, 2041, 1174, 2121]), text='the boy will climb up the tree (far)', dec_out=None, dec_state=None, timestamp=[], alignments=None, frame_confidence=None, token_confidence=None, word_confidence=None, length=0, y=None, lm_state=None, lm_scores=None, ngram_lm_state=None, tokens=None, last_token=None, token_duration=None, last_frame=None)"
117,àprí jábót̪à ùɽì,The boy will climb up the tree (speaker is present),the boy is sitting inside the tree,"Hypothesis(score=0.0, y_sequence=tensor([1753, 1191, 1690, 1172, 1379, 1556, 1266, 2040, 1752, 1203, 1160, 1911,
        2023, 2122, 2029, 1335, 1525, 2027, 2121]), text='The boy will climb up the tree (towards)', dec_out=None, dec_state=None, timestamp=[], alignments=None, frame_confidence=None, token_confidence=None, word_confidence=None, length=0, y=None, lm_state=None, lm_scores=None, ngram_lm_state=None, tokens=None, last_token=None, token_duration=None, last_frame=None)"
118,àprí jâùrú úɽì,"The boy will climb down the tree (speaker is far away while the action is happening, or speaker is up in the tree).",the boy will throw the stone (away),"Hypothesis(score=0.0, y_sequence=tensor([1203, 1191, 1690, 1172, 1379, 1556, 1266, 2040, 1154, 2013, 1201, 1203,
        1160, 1911, 2023, 2122, 2027, 1390, 1746, 1155, 1533, 1305, 1156, 1182,
        2121]), text='the boy will climb down in the tree (speaker not present)', dec_out=None, dec_state=None, timestamp=[], alignments=None, frame_confidence=None, token_confidence=None, word_confidence=None, length=0, y=None, lm_state=None, lm_scores=None, ngram_lm_state=None, tokens=None, last_token=None, token_duration=None, last_frame=None)"
119,àprí jùrú uɽi,The boy climbed down the tree (speaker can be near or far).,boy will climb up tree (far),"Hypothesis(score=0.0, y_sequence=tensor([1215, 2134, 1386, 1239, 1157, 1191, 1690, 1887, 1172, 1379, 1556, 1266,
        2040, 1154, 2013]), text='S/he is a boy who will climb down', dec_out=None, dec_state=None, timestamp=[], alignments=None, frame_confidence=None, token_confidence=None, word_confidence=None, length=0, y=None, lm_state=None, lm_scores=None, ngram_lm_state=None, tokens=None, last_token=None, token_duration=None, last_frame=None)"
120,àprí jùrú úɽì,The boy climbed down the tree (speaker can be near or far).,the boy sipped the beer,"Hypothesis(score=0.0, y_sequence=tensor([1288, 1690, 1556, 1266, 2040, 1154, 2013, 1203, 1160, 1911, 2023, 2122,
        2029, 1335, 1525, 2027, 2121]), text='Boy climb down the tree (towards)', dec_out=None, dec_state=None, timestamp=[], alignments=None, frame_confidence=None, token_confidence=None, word_confidence=None, length=0, y=None, lm_state=None, lm_scores=None, ngram_lm_state=None, tokens=None, last_token=None, token_duration=None, last_frame=None)"
121,àprí jábótɔ̀ jàbòt̪ɔ́ úɽì,"The boy climbed up the tree (speaker is not present, or speaker is above boy).",The boy will climb up the tree (speaker not present),"Hypothesis(score=0.0, y_sequence=tensor([1753, 1191, 1690, 1172, 1379, 1556, 1266, 2040, 1752, 2043, 1391, 1172,
        1379, 1556, 1266, 2040, 1752, 1203, 1160, 1911, 2023, 2122, 2029, 1335,
        1525, 2027, 2121]), text='The boy will climb up, he will climb up the tree (towards)', dec_out=None, dec_state=None, timestamp=[], alignments=None, frame_confidence=None, token_confidence=None, word_confidence=None, length=0, y=None, lm_state=None, lm_scores=None, ngram_lm_state=None, tokens=None, last_token=None, token_duration=None, last_frame=None)"
122,ðàmɔ̀cò ðǎpàt̪ɛ̀ àpríɲá èðè,The man took meat from the boy,the boy broke the stick with the girl,"Hypothesis(score=0.0, y_sequence=tensor([1203, 1477, 1172, 1379, 1191, 1218, 1244, 1203, 1191, 1690, 2051, 2027,
        1301, 1185]), text=""the man will braid the boy's meat"", dec_out=None, dec_state=None, timestamp=[], alignments=None, frame_confidence=None, token_confidence=None, word_confidence=None, length=0, y=None, lm_state=None, lm_scores=None, ngram_lm_state=None, tokens=None, last_token=None, token_duration=None, last_frame=None)"
123,ðàmɔ̀cò ðápàt̪ɛ̀ àpríɲá èðè,The man took meat from the boy,the boy broke the stick with the girl,"Hypothesis(score=0.0, y_sequence=tensor([1203, 1477, 1191, 1209, 1331, 1203, 1191, 1690, 2051, 2027, 1301, 1185]), text=""the man broke the boy's meat"", dec_out=None, dec_state=None, timestamp=[], alignments=None, frame_confidence=None, token_confidence=None, word_confidence=None, length=0, y=None, lm_state=None, lm_scores=None, ngram_lm_state=None, tokens=None, last_token=None, token_duration=None, last_frame=None)"
124,ðàmɔ̀cò ðǎpàt̪ɛ̀ àpríɲá èðè ùnɛ̀ɾɛ̀,The man took meat from the boy yesterday,The sheep attacked the boy's gourd yesterday,"Hypothesis(score=0.0, y_sequence=tensor([1203, 1477, 1699, 1720, 1446, 1203, 1191, 1690, 1301, 1185, 1205, 1156,
        1272, 2034, 1364]), text='the man brought the boy meat yesterday', dec_out=None, dec_state=None, timestamp=[], alignments=None, frame_confidence=None, token_confidence=None, word_confidence=None, length=0, y=None, lm_state=None, lm_scores=None, ngram_lm_state=None, tokens=None, last_token=None, token_duration=None, last_frame=None)"
125,kʊ̀bùlìjí ðɔ́màcà,He wrestled the man,The man wrestled him,"Hypothesis(score=0.0, y_sequence=tensor([1753, 1477, 1172, 2030, 1280, 1195, 2034, 1186, 1266]), text='The man wrestled him', dec_out=None, dec_state=None, timestamp=[], alignments=None, frame_confidence=None, token_confidence=None, word_confidence=None, length=0, y=None, lm_state=None, lm_scores=None, ngram_lm_state=None, tokens=None, last_token=None, token_duration=None, last_frame=None)"
126,kə̀bùlìjíŋì,I wrestled him,He wrestled me,"Hypothesis(score=0.0, y_sequence=tensor([1258, 1172, 2030, 1280, 1195, 2034, 1186, 1266]), text='I wrestled him', dec_out=None, dec_state=None, timestamp=[], alignments=None, frame_confidence=None, token_confidence=None, word_confidence=None, length=0, y=None, lm_state=None, lm_scores=None, ngram_lm_state=None, tokens=None, last_token=None, token_duration=None, last_frame=None)"
127,kə̀bùlìjîl,They wrestled him,It (the ball) was wrestled,"Hypothesis(score=0.0, y_sequence=tensor([1753, 1172, 2030, 1280, 1195, 1239, 1158, 2037, 1505]), text='The wrestle is small', dec_out=None, dec_state=None, timestamp=[], alignments=None, frame_confidence=None, token_confidence=None, word_confidence=None, length=0, y=None, lm_state=None, lm_scores=None, ngram_lm_state=None, tokens=None, last_token=None, token_duration=None, last_frame=None)"
128,ùrnɔ̀ kàrt̪îŋǐ,Grandfather told me,Grandfather told me something,"Hypothesis(score=0.0, y_sequence=tensor([1908, 1271, 2041, 1185, 1679, 1221, 1457, 1301]), text='Grandfather told me', dec_out=None, dec_state=None, timestamp=[], alignments=None, frame_confidence=None, token_confidence=None, word_confidence=None, length=0, y=None, lm_state=None, lm_scores=None, ngram_lm_state=None, tokens=None, last_token=None, token_duration=None, last_frame=None)"
129,ùrnɔ̀ kàrt̪îŋì,Grandfather told me,Grandfather told me something,"Hypothesis(score=0.0, y_sequence=tensor([1908, 1271, 2041, 1185, 1679, 1221, 1457, 1301, 1536, 1229, 2036, 1219]), text='Grandfather told me something', dec_out=None, dec_state=None, timestamp=[], alignments=None, frame_confidence=None, token_confidence=None, word_confidence=None, length=0, y=None, lm_state=None, lm_scores=None, ngram_lm_state=None, tokens=None, last_token=None, token_duration=None, last_frame=None)"
130,t̪òlé t̪ìjɔ́ éðè,The lion ate meat,The lion ate the meat.,"Hypothesis(score=0.0, y_sequence=tensor([1753, 1163, 1226, 1157, 1193, 1203, 1301, 1185, 2048]), text='The lion ate the meat.', dec_out=None, dec_state=None, timestamp=[], alignments=None, frame_confidence=None, token_confidence=None, word_confidence=None, length=0, y=None, lm_state=None, lm_scores=None, ngram_lm_state=None, tokens=None, last_token=None, token_duration=None, last_frame=None)"
131,t̪òlé t̪ìjɔ́ ɛ́ðɛ̀,The lion ate meat,The lion ate the meat.,"Hypothesis(score=0.0, y_sequence=tensor([1203, 1163, 1226, 1157, 1193, 1203, 1301, 1185]), text='the lion ate the meat', dec_out=None, dec_state=None, timestamp=[], alignments=None, frame_confidence=None, token_confidence=None, word_confidence=None, length=0, y=None, lm_state=None, lm_scores=None, ngram_lm_state=None, tokens=None, last_token=None, token_duration=None, last_frame=None)"
132,àń áò kárɔ́gɛ́ ŋwɔ̀rá kágɛ́ àprí t̪ə́và lɔ̀mɔ̀,How did the children say the boy cut the bread?,How did the children say the boy cut the bread?,"Hypothesis(score=0.0, y_sequence=tensor([1345, 1335, 1154, 1244, 1203, 1318, 1228, 1790, 1153, 1317, 2045, 1203,
        1191, 1690, 1191, 1209, 1331, 1203, 1191, 1167, 1212, 2086]), text='How did the children say the boy broke the bread?', dec_out=None, dec_state=None, timestamp=[], alignments=None, frame_confidence=None, token_confidence=None, word_confidence=None, length=0, y=None, lm_state=None, lm_scores=None, ngram_lm_state=None, tokens=None, last_token=None, token_duration=None, last_frame=None)"
133,ur̀nɔ̀ kávə́lɛ̂ðà kávə́rlɛ̂ðǎ ðàŋàlǎ kínǎ lómàn,grandfather keeps pulling the sheep every day,grandfather pulls the sheep every day,"Hypothesis(score=0.0, y_sequence=tensor([1434, 1271, 2041, 1185, 1679, 1485, 1214, 2027, 1203, 1934, 2024, 2038,
        1175, 1369, 2045, 1154, 1364]), text='grandfather pulls the sheep every day', dec_out=None, dec_state=None, timestamp=[], alignments=None, frame_confidence=None, token_confidence=None, word_confidence=None, length=0, y=None, lm_state=None, lm_scores=None, ngram_lm_state=None, tokens=None, last_token=None, token_duration=None, last_frame=None)"
134,ɽìt̪í sìcə̀lò,The palm tree is good,The wood is good.,"Hypothesis(score=0.0, y_sequence=tensor([1753, 1415, 2029, 1239, 1451, 1547, 2048]), text='The pot is good.', dec_out=None, dec_state=None, timestamp=[], alignments=None, frame_confidence=None, token_confidence=None, word_confidence=None, length=0, y=None, lm_state=None, lm_scores=None, ngram_lm_state=None, tokens=None, last_token=None, token_duration=None, last_frame=None)"
135,jár jìcə̀lò,The ropes are good,The hair is good.,"Hypothesis(score=0.0, y_sequence=tensor([1753, 1318, 1726, 1321, 1480, 1451, 1547, 2048]), text='The chickens are good.', dec_out=None, dec_state=None, timestamp=[], alignments=None, frame_confidence=None, token_confidence=None, word_confidence=None, length=0, y=None, lm_state=None, lm_scores=None, ngram_lm_state=None, tokens=None, last_token=None, token_duration=None, last_frame=None)"
136,àt̪uɟáj jìcə̀lò,The bed strap is good,My mothers are good,"Hypothesis(score=0.0, y_sequence=tensor([1856, 1170, 1191, 1246, 1450, 1218, 2038, 1239, 1451, 1547]), text='This bed strap is good', dec_out=None, dec_state=None, timestamp=[], alignments=None, frame_confidence=None, token_confidence=None, word_confidence=None, length=0, y=None, lm_state=None, lm_scores=None, ngram_lm_state=None, tokens=None, last_token=None, token_duration=None, last_frame=None)"
137,ʊ̀nì kìcə̀lò,The basket is good,The skirt is good.,"Hypothesis(score=0.0, y_sequence=tensor([1753, 1709, 2049, 1229, 1239, 1451, 1547, 2048]), text='The basket is good.', dec_out=None, dec_state=None, timestamp=[], alignments=None, frame_confidence=None, token_confidence=None, word_confidence=None, length=0, y=None, lm_state=None, lm_scores=None, ngram_lm_state=None, tokens=None, last_token=None, token_duration=None, last_frame=None)"
138,ɽìtí t̪icilʊ ŋamɽaɾɛ,Palm tree is really good,Palm tree for the lion,"Hypothesis(score=0.0, y_sequence=tensor([1753, 1240, 2031, 2038, 1525, 1239, 1383, 2045, 1191, 1212]), text='The leopard is very bad', dec_out=None, dec_state=None, timestamp=[], alignments=None, frame_confidence=None, token_confidence=None, word_confidence=None, length=0, y=None, lm_state=None, lm_scores=None, ngram_lm_state=None, tokens=None, last_token=None, token_duration=None, last_frame=None)"
139,àlbríð jìcə̀lò,The mat is good,The mats are good.,"Hypothesis(score=0.0, y_sequence=tensor([1753, 1191, 1911, 1550, 1239, 1451, 1547]), text='The breeze is good', dec_out=None, dec_state=None, timestamp=[], alignments=None, frame_confidence=None, token_confidence=None, word_confidence=None, length=0, y=None, lm_state=None, lm_scores=None, ngram_lm_state=None, tokens=None, last_token=None, token_duration=None, last_frame=None)"
140,kɛ̀kə̀lcí,Parts of: He spread the mat yesterday,He tickled him,"Hypothesis(score=0.0, y_sequence=tensor([1358, 2032, 2049, 2032, 1239, 1451, 1547]), text='Kuku is good', dec_out=None, dec_state=None, timestamp=[], alignments=None, frame_confidence=None, token_confidence=None, word_confidence=None, length=0, y=None, lm_state=None, lm_scores=None, ngram_lm_state=None, tokens=None, last_token=None, token_duration=None, last_frame=None)"
141,kàðə́kə̀lcà,Parts of: He is spreading the mat now,He is spreading it (mat),"Hypothesis(score=0.0, y_sequence=tensor([   3, 5056, 4227, 5085, 4229, 4429, 5104, 4480, 4365, 4711, 5092]), text='<|endoftext|>cedescencières Casey', dec_out=None, dec_state=None, timestamp=[], alignments=None, frame_confidence=None, token_confidence=None, word_confidence=None, length=0, y=None, lm_state=None, lm_scores=None, ngram_lm_state=None, tokens=None, last_token=None, token_duration=None, last_frame=None)"
142,jòú jáŋkə́lcà,You are spreading it (mat),He is spreading it (mat),"Hypothesis(score=0.0, y_sequence=tensor([1267, 2045, 1191, 1209, 1711, 1239, 1610, 1167, 1212, 1219, 1320, 2023,
        2122, 2037, 1185, 2121]), text='My brother is spreading it (mat)', dec_out=None, dec_state=None, timestamp=[], alignments=None, frame_confidence=None, token_confidence=None, word_confidence=None, length=0, y=None, lm_state=None, lm_scores=None, ngram_lm_state=None, tokens=None, last_token=None, token_duration=None, last_frame=None)"
143,ɔ̀ráj kàðə́kə̂lcǎ álbríðɔ́ t̪ə́wə̀nì,My brother is spreading the mat now,My husband is spreading the mat now,"Hypothesis(score=0.0, y_sequence=tensor([1267, 2045, 1191, 1209, 1711, 1239, 1610, 1167, 1212, 1219, 1203, 1169,
        1185, 1901]), text='My brother is spreading the mat now', dec_out=None, dec_state=None, timestamp=[], alignments=None, frame_confidence=None, token_confidence=None, word_confidence=None, length=0, y=None, lm_state=None, lm_scores=None, ngram_lm_state=None, tokens=None, last_token=None, token_duration=None, last_frame=None)"
144,ɛ̀vɛ̀ jìcə̀lò,vegetables are good,the cat is good,"Hypothesis(score=0.0, y_sequence=tensor([1753, 1522, 1331, 2045, 1239, 1181, 1703]), text='The monkey is nice', dec_out=None, dec_state=None, timestamp=[], alignments=None, frame_confidence=None, token_confidence=None, word_confidence=None, length=0, y=None, lm_state=None, lm_scores=None, ngram_lm_state=None, tokens=None, last_token=None, token_duration=None, last_frame=None)"
145,lídí lìcə̀lò,The pot is good,That pot is good,"Hypothesis(score=0.0, y_sequence=tensor([1856, 1170, 1415, 2029, 1239, 1451, 1547]), text='This pot is good', dec_out=None, dec_state=None, timestamp=[], alignments=None, frame_confidence=None, token_confidence=None, word_confidence=None, length=0, y=None, lm_state=None, lm_scores=None, ngram_lm_state=None, tokens=None, last_token=None, token_duration=None, last_frame=None)"
146,ltʊ̌ lìcə̀lò,The fist is good,The fist is good,"Hypothesis(score=0.0, y_sequence=tensor([1753, 1190, 1463, 1239, 1451, 1547]), text='The fist is good', dec_out=None, dec_state=None, timestamp=[], alignments=None, frame_confidence=None, token_confidence=None, word_confidence=None, length=0, y=None, lm_state=None, lm_scores=None, ngram_lm_state=None, tokens=None, last_token=None, token_duration=None, last_frame=None)"
147,kúkù kə̀ŋací kákà lɛ̀dè,Kuku was given the coconut by Kaka,Kuku took Kaka's bread,"Hypothesis(score=0.0, y_sequence=tensor([1358, 2032, 2049, 2032, 1198, 2026, 1220, 1358, 1746, 2026, 1203, 1415,
        2029]), text='Kuku gave Kaka the pot', dec_out=None, dec_state=None, timestamp=[], alignments=None, frame_confidence=None, token_confidence=None, word_confidence=None, length=0, y=None, lm_state=None, lm_scores=None, ngram_lm_state=None, tokens=None, last_token=None, token_duration=None, last_frame=None)"
148,kúkùŋ àpríɲá,Parts of: The grandfather gave Kuku to the boy,Kuku will beat the boy,"Hypothesis(score=0.0, y_sequence=tensor([1358, 2032, 2049, 2032, 1191, 1209, 1331, 1203, 1191, 1690]), text='Kuku broke the boy', dec_out=None, dec_state=None, timestamp=[], alignments=None, frame_confidence=None, token_confidence=None, word_confidence=None, length=0, y=None, lm_state=None, lm_scores=None, ngram_lm_state=None, tokens=None, last_token=None, token_duration=None, last_frame=None)"
149,káŋcî rŋɔ̀,He showed me the snake,of a ram,"Hypothesis(score=0.0, y_sequence=tensor([1215, 1386, 1588, 1335, 1246, 1301, 1203, 1158, 2025, 2026, 1331]), text='She showed me the snake', dec_out=None, dec_state=None, timestamp=[], alignments=None, frame_confidence=None, token_confidence=None, word_confidence=None, length=0, y=None, lm_state=None, lm_scores=None, ngram_lm_state=None, tokens=None, last_token=None, token_duration=None, last_frame=None)"
150,káŋcîí ùrnɔ̀,He showed me the snake (or grandfather?),Kuku is about to see grandfather,"Hypothesis(score=0.0, y_sequence=tensor([1998, 1490, 1253, 2107, 2014, 1588, 1335, 1246, 1301, 1203, 1434, 1271,
        2041, 1185, 1679, 1221, 1324, 2048]), text='Parts of: He showed me the grandfather to you.', dec_out=None, dec_state=None, timestamp=[], alignments=None, frame_confidence=None, token_confidence=None, word_confidence=None, length=0, y=None, lm_state=None, lm_scores=None, ngram_lm_state=None, tokens=None, last_token=None, token_duration=None, last_frame=None)"
151,kàŋcî r̀ŋɔ̀,He showed me the snake,Parts of: Kuku showed me the snake,"Hypothesis(score=0.0, y_sequence=tensor([2014, 1588, 1335, 1246, 1301, 1203, 1158, 2025, 2026, 1331]), text='He showed me the snake', dec_out=None, dec_state=None, timestamp=[], alignments=None, frame_confidence=None, token_confidence=None, word_confidence=None, length=0, y=None, lm_state=None, lm_scores=None, ngram_lm_state=None, tokens=None, last_token=None, token_duration=None, last_frame=None)"
152,kə̀ŋàcîŋì,Parts of: Kuku gave me the snake,Parts of: Kuku gave me the snake,"Hypothesis(score=0.0, y_sequence=tensor([1198, 1483, 1301, 1157, 1191, 1335, 2033]), text='give me a bowl', dec_out=None, dec_state=None, timestamp=[], alignments=None, frame_confidence=None, token_confidence=None, word_confidence=None, length=0, y=None, lm_state=None, lm_scores=None, ngram_lm_state=None, tokens=None, last_token=None, token_duration=None, last_frame=None)"
153,kúkù kə̀ŋàcî,Parts of: Kuku gave me the snake,Parts of: Kuku gave me the snake,"Hypothesis(score=0.0, y_sequence=tensor([1358, 2032, 2049, 2032, 1198, 2026, 1220, 1301, 1157, 1588, 1335, 1155]), text='Kuku gave me a shower', dec_out=None, dec_state=None, timestamp=[], alignments=None, frame_confidence=None, token_confidence=None, word_confidence=None, length=0, y=None, lm_state=None, lm_scores=None, ngram_lm_state=None, tokens=None, last_token=None, token_duration=None, last_frame=None)"
154,kúkù kə̀ŋàcí ŕŋɔ̀ kákàŋ,Kuku gave the snake to Kaka,Kuku gave Kaka the snake,"Hypothesis(score=0.0, y_sequence=tensor([1358, 2032, 2049, 2032, 1198, 2026, 1220, 1301, 1203, 1158, 2025, 2026,
        1331, 1358, 1746, 2026]), text='Kuku gave me the snake Kaka', dec_out=None, dec_state=None, timestamp=[], alignments=None, frame_confidence=None, token_confidence=None, word_confidence=None, length=0, y=None, lm_state=None, lm_scores=None, ngram_lm_state=None, tokens=None, last_token=None, token_duration=None, last_frame=None)"
155,kúkù kə̀ŋàcîí,Parts of: Kuku gave me the snake,Parts of: Kuku gave me the snake,"Hypothesis(score=0.0, y_sequence=tensor([1358, 2032, 2049, 2032, 1198, 2026, 1220, 1301, 1157, 1191, 1335, 2033]), text='Kuku gave me a bowl', dec_out=None, dec_state=None, timestamp=[], alignments=None, frame_confidence=None, token_confidence=None, word_confidence=None, length=0, y=None, lm_state=None, lm_scores=None, ngram_lm_state=None, tokens=None, last_token=None, token_duration=None, last_frame=None)"
156,kúkù kə̀ŋàcîŋǐ,Parts of: Kuku gave me the snake,Parts of: Kuku gave me the snake,"Hypothesis(score=0.0, y_sequence=tensor([1358, 2032, 2049, 2032, 1198, 2026, 1220, 1301, 1203, 1191, 1335, 2033]), text='Kuku gave me the bowl', dec_out=None, dec_state=None, timestamp=[], alignments=None, frame_confidence=None, token_confidence=None, word_confidence=None, length=0, y=None, lm_state=None, lm_scores=None, ngram_lm_state=None, tokens=None, last_token=None, token_duration=None, last_frame=None)"
157,kə̀ŋàcîŋǐ,Parts of: Kuku gave me the snake,Parts of: Kuku gave me the snake,"Hypothesis(score=0.0, y_sequence=tensor([1998, 1490, 1253, 2107, 1358, 2032, 2049, 2032, 1198, 2026, 1220, 1301,
        1203, 1191, 1335, 2033]), text='Parts of: Kuku gave me the bowl', dec_out=None, dec_state=None, timestamp=[], alignments=None, frame_confidence=None, token_confidence=None, word_confidence=None, length=0, y=None, lm_state=None, lm_scores=None, ngram_lm_state=None, tokens=None, last_token=None, token_duration=None, last_frame=None)"
158,kə̀ŋàcîŋí,Parts of: Kuku gave me the snake,Parts of: I broke the bed,"Hypothesis(score=0.0, y_sequence=tensor([1258, 1366, 1198, 1346, 1153]), text='I was given', dec_out=None, dec_state=None, timestamp=[], alignments=None, frame_confidence=None, token_confidence=None, word_confidence=None, length=0, y=None, lm_state=None, lm_scores=None, ngram_lm_state=None, tokens=None, last_token=None, token_duration=None, last_frame=None)"
159,kə̀ŋàcáŋá,Parts of: You gave Kuku the snake,Parts of: You gave him the snake,"Hypothesis(score=0.0, y_sequence=tensor([2014, 1198, 2026, 1220, 1324, 1203, 1158, 2025, 2026, 1331]), text='He gave you the snake', dec_out=None, dec_state=None, timestamp=[], alignments=None, frame_confidence=None, token_confidence=None, word_confidence=None, length=0, y=None, lm_state=None, lm_scores=None, ngram_lm_state=None, tokens=None, last_token=None, token_duration=None, last_frame=None)"
160,kúkù kə̀ŋàcâŋǎ ŕŋɔ̀ kúkù kə̀ŋàcáŋá ŕŋɔ̀,(comparing tones of [âŋà] and [áŋá]),Kuku gave you the snake,"Hypothesis(score=0.0, y_sequence=tensor([1358, 2032, 2049, 2032, 1198, 2026, 1220, 1203, 1158, 2025, 2026, 1331,
        1221, 1358, 2032, 2049, 2032]), text='Kuku gave the snake to Kuku', dec_out=None, dec_state=None, timestamp=[], alignments=None, frame_confidence=None, token_confidence=None, word_confidence=None, length=0, y=None, lm_state=None, lm_scores=None, ngram_lm_state=None, tokens=None, last_token=None, token_duration=None, last_frame=None)"
161,àn ìɾí kɛ̂ɛ́,This is a trough.,It's my brother,"Hypothesis(score=0.0, y_sequence=tensor([1183, 1170, 1239, 1157, 1341, 1891]), text='this is a trough', dec_out=None, dec_state=None, timestamp=[], alignments=None, frame_confidence=None, token_confidence=None, word_confidence=None, length=0, y=None, lm_state=None, lm_scores=None, ngram_lm_state=None, tokens=None, last_token=None, token_duration=None, last_frame=None)"
162,ìɾí kìcə̀lò,The trough is good. ,This trough is good.,"Hypothesis(score=0.0, y_sequence=tensor([1753, 1341, 1891, 1239, 1451, 1547, 2048]), text='The trough is good.', dec_out=None, dec_state=None, timestamp=[], alignments=None, frame_confidence=None, token_confidence=None, word_confidence=None, length=0, y=None, lm_state=None, lm_scores=None, ngram_lm_state=None, tokens=None, last_token=None, token_duration=None, last_frame=None)"
163,àdám jɛ́ jìcə̀lò,this book is good,The book is good.,"Hypothesis(score=0.0, y_sequence=tensor([1279, 1764, 1219, 1320, 1239, 1451, 1547]), text='Liking it is good', dec_out=None, dec_state=None, timestamp=[], alignments=None, frame_confidence=None, token_confidence=None, word_confidence=None, length=0, y=None, lm_state=None, lm_scores=None, ngram_lm_state=None, tokens=None, last_token=None, token_duration=None, last_frame=None)"
164,lɔ̀mɔ̀ lìcìlɔ̀,the bread is good,the food is good,"Hypothesis(score=0.0, y_sequence=tensor([1318, 1174, 1442, 1192, 1239, 1451, 1547]), text='charcoal is good', dec_out=None, dec_state=None, timestamp=[], alignments=None, frame_confidence=None, token_confidence=None, word_confidence=None, length=0, y=None, lm_state=None, lm_scores=None, ngram_lm_state=None, tokens=None, last_token=None, token_duration=None, last_frame=None)"
165,jɜ̀ŋci jàŋcí jàŋcí,Parts of: I showed the dog the boy,I showed you kids,"Hypothesis(score=0.0, y_sequence=tensor([1998, 1490, 1253, 2107, 1258, 2041, 1324, 1240, 2026, 1220, 2023, 2122,
        2034, 1463, 1192, 2121, 2043, 1324, 1172, 1379, 1954, 2023, 2122, 1159,
        1203, 1190, 1180, 1457, 2121]), text='Parts of: If you leave (distal), you will see (in the field)', dec_out=None, dec_state=None, timestamp=[], alignments=None, frame_confidence=None, token_confidence=None, word_confidence=None, length=0, y=None, lm_state=None, lm_scores=None, ngram_lm_state=None, tokens=None, last_token=None, token_duration=None, last_frame=None)"
166,jɜ̀ŋci jɜ̀ŋci jàŋcí jàŋcí,Parts of: I showed the dog to the boy,I showed the kids to the snake,"Hypothesis(score=0.0, y_sequence=tensor([1258, 1560, 1430, 1367, 1221, 1588, 1335, 1324, 1221, 1186, 1266]), text='I am about to show you to him', dec_out=None, dec_state=None, timestamp=[], alignments=None, frame_confidence=None, token_confidence=None, word_confidence=None, length=0, y=None, lm_state=None, lm_scores=None, ngram_lm_state=None, tokens=None, last_token=None, token_duration=None, last_frame=None)"
167,kúkù kàŋcíŋì ŋâŋ,Kuku showed me to you,Kuku gave me the snake,"Hypothesis(score=0.0, y_sequence=tensor([1358, 2032, 2049, 2032, 1588, 1335, 1246, 1301, 1203, 1169, 1228, 2049]), text='Kuku showed me the milk', dec_out=None, dec_state=None, timestamp=[], alignments=None, frame_confidence=None, token_confidence=None, word_confidence=None, length=0, y=None, lm_state=None, lm_scores=None, ngram_lm_state=None, tokens=None, last_token=None, token_duration=None, last_frame=None)"
168,kúkù kàŋcíŋì ŋûŋ,Kuku showed me to him/her/it,Kuku gave me the snake,"Hypothesis(score=0.0, y_sequence=tensor([1358, 2032, 2049, 2032, 1588, 1335, 1246, 1301, 1203, 1158, 2025, 2026,
        1331]), text='Kuku showed me the snake', dec_out=None, dec_state=None, timestamp=[], alignments=None, frame_confidence=None, token_confidence=None, word_confidence=None, length=0, y=None, lm_state=None, lm_scores=None, ngram_lm_state=None, tokens=None, last_token=None, token_duration=None, last_frame=None)"
169,kàŋcíŋì kúkù,Kuku showed me to him/her/it,Kuku was shown to me,"Hypothesis(score=0.0, y_sequence=tensor([1358, 2032, 2049, 2032, 1588, 1335, 1246, 1301, 1221, 1186, 1266]), text='Kuku showed me to him', dec_out=None, dec_state=None, timestamp=[], alignments=None, frame_confidence=None, token_confidence=None, word_confidence=None, length=0, y=None, lm_state=None, lm_scores=None, ngram_lm_state=None, tokens=None, last_token=None, token_duration=None, last_frame=None)"
170,kúkù kàŋcáŋà ŋúŋ,Kuku showed you to him/her/it,Kuku will show you something,"Hypothesis(score=0.0, y_sequence=tensor([1358, 2032, 2049, 2032, 1588, 1335, 1246, 1324, 1536, 1229, 2036, 1219]), text='Kuku showed you something', dec_out=None, dec_state=None, timestamp=[], alignments=None, frame_confidence=None, token_confidence=None, word_confidence=None, length=0, y=None, lm_state=None, lm_scores=None, ngram_lm_state=None, tokens=None, last_token=None, token_duration=None, last_frame=None)"
171,kàŋcáŋǎ kúkù,Kuku showed him/her/it to you,Kuku saw you,"Hypothesis(score=0.0, y_sequence=tensor([1358, 2032, 2049, 2032, 1172, 1379, 1201, 1786, 1465, 1273, 1186, 1266,
        1221, 1324]), text='Kuku will introduce him to you', dec_out=None, dec_state=None, timestamp=[], alignments=None, frame_confidence=None, token_confidence=None, word_confidence=None, length=0, y=None, lm_state=None, lm_scores=None, ngram_lm_state=None, tokens=None, last_token=None, token_duration=None, last_frame=None)"
172,kàŋcáŋà kúkù,Kuku showed him/her/it to you,Kuku saw you,"Hypothesis(score=0.0, y_sequence=tensor([1358, 2032, 2049, 2032, 1172, 1379, 1201, 1786, 1465, 1273, 1186, 1266,
        1221, 1324]), text='Kuku will introduce him to you', dec_out=None, dec_state=None, timestamp=[], alignments=None, frame_confidence=None, token_confidence=None, word_confidence=None, length=0, y=None, lm_state=None, lm_scores=None, ngram_lm_state=None, tokens=None, last_token=None, token_duration=None, last_frame=None)"
173,kíŋâgɛ̀rɛ́ kúɽì,I went to the forest with him,he went to the forest with me,"Hypothesis(score=0.0, y_sequence=tensor([1258, 1172, 1182, 1221, 1203, 1340, 1280, 1172, 1437, 1186, 1266]), text='I went to the forest with him', dec_out=None, dec_state=None, timestamp=[], alignments=None, frame_confidence=None, token_confidence=None, word_confidence=None, length=0, y=None, lm_state=None, lm_scores=None, ngram_lm_state=None, tokens=None, last_token=None, token_duration=None, last_frame=None)"
174,ŋgìɲágɛ́rɛ̀ kúɽì,you went to the forst with him,I went to the forest with him,"Hypothesis(score=0.0, y_sequence=tensor([1258, 1172, 1182, 1221, 1203, 1340, 1280, 1172, 1437, 1186, 1266]), text='I went to the forest with him', dec_out=None, dec_state=None, timestamp=[], alignments=None, frame_confidence=None, token_confidence=None, word_confidence=None, length=0, y=None, lm_state=None, lm_scores=None, ngram_lm_state=None, tokens=None, last_token=None, token_duration=None, last_frame=None)"
175,kálgɛ́rɛ́ kúɽî,she went to the forest with him,We (incl) took care of the animals (and left).,"Hypothesis(score=0.0, y_sequence=tensor([1258, 1172, 1182, 1221, 1203, 1340, 1280, 1172, 1437, 1186, 1266]), text='I went to the forest with him', dec_out=None, dec_state=None, timestamp=[], alignments=None, frame_confidence=None, token_confidence=None, word_confidence=None, length=0, y=None, lm_state=None, lm_scores=None, ngram_lm_state=None, tokens=None, last_token=None, token_duration=None, last_frame=None)"
176,álárɛ́ kúɽì,you and I went to the forest,Tell us (incl) to dance (here),"Hypothesis(score=0.0, y_sequence=tensor([1451, 1221, 1203, 1340, 1280]), text='go to the forest', dec_out=None, dec_state=None, timestamp=[], alignments=None, frame_confidence=None, token_confidence=None, word_confidence=None, length=0, y=None, lm_state=None, lm_scores=None, ngram_lm_state=None, tokens=None, last_token=None, token_duration=None, last_frame=None)"
177,kalɛrɛr kúɽì,we all went to the forest,we all went to the forest,"Hypothesis(score=0.0, y_sequence=tensor([1451, 1221, 1203, 1340, 1280]), text='go to the forest', dec_out=None, dec_state=None, timestamp=[], alignments=None, frame_confidence=None, token_confidence=None, word_confidence=None, length=0, y=None, lm_state=None, lm_scores=None, ngram_lm_state=None, tokens=None, last_token=None, token_duration=None, last_frame=None)"
178,kálɛ̀rɛ̀ kúɽì,they went to the forest with him,they waited here (and left),"Hypothesis(score=0.0, y_sequence=tensor([1451, 1221, 1203, 1340, 1280, 1172, 1437, 1320, 2023, 2122, 1184, 1298,
        1216, 2121]), text='go to the forest with it (ostrich)', dec_out=None, dec_state=None, timestamp=[], alignments=None, frame_confidence=None, token_confidence=None, word_confidence=None, length=0, y=None, lm_state=None, lm_scores=None, ngram_lm_state=None, tokens=None, last_token=None, token_duration=None, last_frame=None)"
179,kállɛ̀rɛ̀ kúɽì,they went to the forest with him,he went to the forest with him,"Hypothesis(score=0.0, y_sequence=tensor([2023, 2122, 1505, 1253, 1453, 2121, 1172, 1182, 1221, 1203, 1340, 1280,
        1172, 1437, 1186, 1266]), text='(all of us) went to the forest with him', dec_out=None, dec_state=None, timestamp=[], alignments=None, frame_confidence=None, token_confidence=None, word_confidence=None, length=0, y=None, lm_state=None, lm_scores=None, ngram_lm_state=None, tokens=None, last_token=None, token_duration=None, last_frame=None)"
180,kúrǐ kìcə̀lò,the forest is good,The curator is good.,"Hypothesis(score=0.0, y_sequence=tensor([1753, 1340, 1280, 1239, 1451, 1547, 2048]), text='The forest is good.', dec_out=None, dec_state=None, timestamp=[], alignments=None, frame_confidence=None, token_confidence=None, word_confidence=None, length=0, y=None, lm_state=None, lm_scores=None, ngram_lm_state=None, tokens=None, last_token=None, token_duration=None, last_frame=None)"
181,kúɽì kìcə̀lò,the forest is good,Kukuì is good,"Hypothesis(score=0.0, y_sequence=tensor([1753, 1340, 1280, 1239, 1451, 1547, 2048]), text='The forest is good.', dec_out=None, dec_state=None, timestamp=[], alignments=None, frame_confidence=None, token_confidence=None, word_confidence=None, length=0, y=None, lm_state=None, lm_scores=None, ngram_lm_state=None, tokens=None, last_token=None, token_duration=None, last_frame=None)"
182,íŋgájjínɔ̀,I'm feeding (myself),I am about to eat food,"Hypothesis(score=0.0, y_sequence=tensor([1258, 1172, 1379, 1175, 1185, 1638, 1547]), text='I will eat food', dec_out=None, dec_state=None, timestamp=[], alignments=None, frame_confidence=None, token_confidence=None, word_confidence=None, length=0, y=None, lm_state=None, lm_scores=None, ngram_lm_state=None, tokens=None, last_token=None, token_duration=None, last_frame=None)"
183,àɟà kèné,sometimes,Parts of: Who is good?,"Hypothesis(score=0.0, y_sequence=tensor([1186, 2028, 1350, 2031]), text='hippo', dec_out=None, dec_state=None, timestamp=[], alignments=None, frame_confidence=None, token_confidence=None, word_confidence=None, length=0, y=None, lm_state=None, lm_scores=None, ngram_lm_state=None, tokens=None, last_token=None, token_duration=None, last_frame=None)"
184,íɾíjɛ́ kɛ́ɽcàn,20,I was a shepherd last year,"Hypothesis(score=0.0, y_sequence=tensor([1753, 1191, 1335, 2033, 1239, 1610, 1167, 1212, 1219]), text='The bowl is spreading', dec_out=None, dec_state=None, timestamp=[], alignments=None, frame_confidence=None, token_confidence=None, word_confidence=None, length=0, y=None, lm_state=None, lm_scores=None, ngram_lm_state=None, tokens=None, last_token=None, token_duration=None, last_frame=None)"
185,kə̀t̪ɛ̀ví àprɛ̀ɲà ŋàɲà,He made the boy cut the grass,Parts of: the lion bit the boy,"Hypothesis(score=0.0, y_sequence=tensor([1294, 2026, 1331, 1203, 1240, 2039, 1253, 1203, 1191, 1690]), text='Take the leg of the boy', dec_out=None, dec_state=None, timestamp=[], alignments=None, frame_confidence=None, token_confidence=None, word_confidence=None, length=0, y=None, lm_state=None, lm_scores=None, ngram_lm_state=None, tokens=None, last_token=None, token_duration=None, last_frame=None)"
186,ðə̀gʊ̀bʊ́l,pumpkin,Parts of: his father is tall,"Hypothesis(score=0.0, y_sequence=tensor([1203, 1162, 1261, 2038, 2049, 1159]), text='the pumpkin', dec_out=None, dec_state=None, timestamp=[], alignments=None, frame_confidence=None, token_confidence=None, word_confidence=None, length=0, y=None, lm_state=None, lm_scores=None, ngram_lm_state=None, tokens=None, last_token=None, token_duration=None, last_frame=None)"
187,bʊ̀gʊ́l kìcə̀lò,pumpkins are good,The fox is good.,"Hypothesis(score=0.0, y_sequence=tensor([1358, 2032, 2049, 2032, 1239, 1451, 1547]), text='Kuku is good', dec_out=None, dec_state=None, timestamp=[], alignments=None, frame_confidence=None, token_confidence=None, word_confidence=None, length=0, y=None, lm_state=None, lm_scores=None, ngram_lm_state=None, tokens=None, last_token=None, token_duration=None, last_frame=None)"
188,kúkù kàŋt̪ɔ́ kákàŋú bɛ́tɛ̀n nɛ̀ lɛ̀vɛ̀r,Kuku also saw Kaka in the field,Kuku saw Kaka in the field,"Hypothesis(score=0.0, y_sequence=tensor([1358, 2032, 2049, 2032, 1317, 2044, 1358, 1746, 2026, 2051, 2027, 1190,
        1185, 1679, 1201, 1203, 1190, 1180, 1457]), text=""Kuku saw Kaka's father in the field"", dec_out=None, dec_state=None, timestamp=[], alignments=None, frame_confidence=None, token_confidence=None, word_confidence=None, length=0, y=None, lm_state=None, lm_scores=None, ngram_lm_state=None, tokens=None, last_token=None, token_duration=None, last_frame=None)"
189,kúkù bɛ́tɛ̀n kâŋt̪ɔ́ kákàŋú nɛ̀ lɛ̀vɛ̀r,Kuku also saw Kaka in the field,Kuku introduced Kaka in the field,"Hypothesis(score=0.0, y_sequence=tensor([1358, 2032, 2049, 2032, 2051, 2027, 1809, 1627, 1358, 1746, 2026, 1317,
        2044, 1201, 1203, 1190, 1180, 1457]), text=""Kuku's book Kaka saw in the field"", dec_out=None, dec_state=None, timestamp=[], alignments=None, frame_confidence=None, token_confidence=None, word_confidence=None, length=0, y=None, lm_state=None, lm_scores=None, ngram_lm_state=None, tokens=None, last_token=None, token_duration=None, last_frame=None)"
190,àn kákà bɛ́tɛ̀ń kâŋtɔ́ kúkù nɛ̀ lɛ̀vɛ̀r,Kuku saw Kaka also in the field,...Kuku saw Kaka in the field,"Hypothesis(score=0.0, y_sequence=tensor([1307, 1348, 1358, 1746, 2026, 1546, 1358, 2032, 2049, 2032, 1317, 2044,
        1201, 1203, 1190, 1180, 1457]), text='only Kaka but Kuku saw in the field', dec_out=None, dec_state=None, timestamp=[], alignments=None, frame_confidence=None, token_confidence=None, word_confidence=None, length=0, y=None, lm_state=None, lm_scores=None, ngram_lm_state=None, tokens=None, last_token=None, token_duration=None, last_frame=None)"
191,kúkù kâŋtɔ́ kɔ́rìŋú nɛ̀ lɛ̀vɛ̀r dɛ̀ àn kákà kâŋtɔ́ŋ nɛ̀ lɛ̀vɛ̀r,"Kuku didn't see Kɔɾi in the field, he saw Kaka",Kuku didn't see Kɔːrì in the field,"Hypothesis(score=0.0, y_sequence=tensor([1358, 2032, 2049, 2032, 1317, 2044, 1358, 1179, 2028, 1201, 1203, 1190,
        1180, 1457, 2043, 1320, 2051, 2027, 1358, 1746, 2026, 1183, 1185, 1391,
        1317, 2044, 1201, 1203, 1190, 1180, 1457]), text=""Kuku saw Kori in the field, it's Kaka that he saw in the field"", dec_out=None, dec_state=None, timestamp=[], alignments=None, frame_confidence=None, token_confidence=None, word_confidence=None, length=0, y=None, lm_state=None, lm_scores=None, ngram_lm_state=None, tokens=None, last_token=None, token_duration=None, last_frame=None)"
192,t̪àrɔ́ŋt̪ɛ́ t̪á t̪àŋòŋs,he said he saw it,he said that he saw it,"Hypothesis(score=0.0, y_sequence=tensor([1391, 1317, 1244, 1183, 1185, 1391, 1317, 2044, 1320]), text='he said that he saw it', dec_out=None, dec_state=None, timestamp=[], alignments=None, frame_confidence=None, token_confidence=None, word_confidence=None, length=0, y=None, lm_state=None, lm_scores=None, ngram_lm_state=None, tokens=None, last_token=None, token_duration=None, last_frame=None)"
193,tá kúkù r̀lɛ̀ɲì,Kuku chased it away,Kuku chased them (towards),"Hypothesis(score=0.0, y_sequence=tensor([1358, 2032, 2049, 2032, 1318, 1178, 1246, 1157, 2044, 1364]), text='Kuku chased away', dec_out=None, dec_state=None, timestamp=[], alignments=None, frame_confidence=None, token_confidence=None, word_confidence=None, length=0, y=None, lm_state=None, lm_scores=None, ngram_lm_state=None, tokens=None, last_token=None, token_duration=None, last_frame=None)"
194,ɲìjɔ́l kúkù,Kuku ate it (the soup),Kuku ate food,"Hypothesis(score=0.0, y_sequence=tensor([1358, 2032, 2049, 2032, 1157, 1193, 1320]), text='Kuku ate it', dec_out=None, dec_state=None, timestamp=[], alignments=None, frame_confidence=None, token_confidence=None, word_confidence=None, length=0, y=None, lm_state=None, lm_scores=None, ngram_lm_state=None, tokens=None, last_token=None, token_duration=None, last_frame=None)"
195,jít̪ə̀vìnɔ̀,i cut myself,i am about to cut myself,"Hypothesis(score=0.0, y_sequence=tensor([1258, 1164, 1729, 1854, 2024]), text='I came home', dec_out=None, dec_state=None, timestamp=[], alignments=None, frame_confidence=None, token_confidence=None, word_confidence=None, length=0, y=None, lm_state=None, lm_scores=None, ngram_lm_state=None, tokens=None, last_token=None, token_duration=None, last_frame=None)"
196,búr ɲát̪ə́vìnɛ̌,go and cut yourselves,Go and cut yourself!,"Hypothesis(score=0.0, y_sequence=tensor([1328, 2031, 1763, 1241, 1164, 1250, 1205, 1754, 1235, 2041, 1901, 2117,
        2023, 2122, 2041, 1174, 2121]), text='Go out and cut yourself now! (far)', dec_out=None, dec_state=None, timestamp=[], alignments=None, frame_confidence=None, token_confidence=None, word_confidence=None, length=0, y=None, lm_state=None, lm_scores=None, ngram_lm_state=None, tokens=None, last_token=None, token_duration=None, last_frame=None)"
197,bú ɲát̪ə́vìnɛ̌,go and cut yourselves,go and cut yourself,"Hypothesis(score=0.0, y_sequence=tensor([1451, 1241, 1164, 1250, 1205, 1754, 1235, 2041, 1901, 2023, 2122, 2041,
        1174, 2121]), text='go and cut yourself now (far)', dec_out=None, dec_state=None, timestamp=[], alignments=None, frame_confidence=None, token_confidence=None, word_confidence=None, length=0, y=None, lm_state=None, lm_scores=None, ngram_lm_state=None, tokens=None, last_token=None, token_duration=None, last_frame=None)"
198,íŋgát̪ə̀vɔ́,Parts of: I'll go cut the rope (and come back),I will cut,"Hypothesis(score=0.0, y_sequence=tensor([1258, 1172, 1379, 1164, 1250, 1203, 1718, 1390]), text='I will cut the rope', dec_out=None, dec_state=None, timestamp=[], alignments=None, frame_confidence=None, token_confidence=None, word_confidence=None, length=0, y=None, lm_state=None, lm_scores=None, ngram_lm_state=None, tokens=None, last_token=None, token_duration=None, last_frame=None)"
199,nìcɔ́lɔ̀,brown squirrels,brown squirrel,"Hypothesis(score=0.0, y_sequence=tensor([1361, 1703, 1241, 1158, 2037, 1505]), text='Nice and small', dec_out=None, dec_state=None, timestamp=[], alignments=None, frame_confidence=None, token_confidence=None, word_confidence=None, length=0, y=None, lm_state=None, lm_scores=None, ngram_lm_state=None, tokens=None, last_token=None, token_duration=None, last_frame=None)"
200,ácám kìcə̀lò,civet is good,The book is good.,"Hypothesis(score=0.0, y_sequence=tensor([1856, 1170, 1638, 2054, 1239, 1451, 1547, 2048]), text='This fox is good.', dec_out=None, dec_state=None, timestamp=[], alignments=None, frame_confidence=None, token_confidence=None, word_confidence=None, length=0, y=None, lm_state=None, lm_scores=None, ngram_lm_state=None, tokens=None, last_token=None, token_duration=None, last_frame=None)"
201,rî rìcə̀lò,thorns are good,The hair is good.,"Hypothesis(score=0.0, y_sequence=tensor([1753, 1191, 1335, 2033, 1239, 1451, 1547, 2048]), text='The bowl is good.', dec_out=None, dec_state=None, timestamp=[], alignments=None, frame_confidence=None, token_confidence=None, word_confidence=None, length=0, y=None, lm_state=None, lm_scores=None, ngram_lm_state=None, tokens=None, last_token=None, token_duration=None, last_frame=None)"
202,ðî ðìcə̀lò,the thorn is good,This stick is good.,"Hypothesis(score=0.0, y_sequence=tensor([1753, 1588, 1213, 2029, 1239, 1451, 1547, 2048]), text='The shirt is good.', dec_out=None, dec_state=None, timestamp=[], alignments=None, frame_confidence=None, token_confidence=None, word_confidence=None, length=0, y=None, lm_state=None, lm_scores=None, ngram_lm_state=None, tokens=None, last_token=None, token_duration=None, last_frame=None)"
203,áɾò kìcə̀lò,the chicken is good,The chicken is good,"Hypothesis(score=0.0, y_sequence=tensor([1205, 1237, 2134, 2045, 1505, 2051, 2027, 1191, 1209, 1711, 1239, 1451,
        1547]), text=""your/yall's brother is good"", dec_out=None, dec_state=None, timestamp=[], alignments=None, frame_confidence=None, token_confidence=None, word_confidence=None, length=0, y=None, lm_state=None, lm_scores=None, ngram_lm_state=None, tokens=None, last_token=None, token_duration=None, last_frame=None)"
204,ðô ðìcə̀lò,the stick is good,This stick is good.,"Hypothesis(score=0.0, y_sequence=tensor([1203, 1588, 1213, 2029, 1239, 1451, 1547]), text='the shirt is good', dec_out=None, dec_state=None, timestamp=[], alignments=None, frame_confidence=None, token_confidence=None, word_confidence=None, length=0, y=None, lm_state=None, lm_scores=None, ngram_lm_state=None, tokens=None, last_token=None, token_duration=None, last_frame=None)"
205,rô rìcə̀lò,sticks are good,the spider is good,"Hypothesis(score=0.0, y_sequence=tensor([1753, 1718, 1388, 1239, 1451, 1547, 2048]), text='The rock is good.', dec_out=None, dec_state=None, timestamp=[], alignments=None, frame_confidence=None, token_confidence=None, word_confidence=None, length=0, y=None, lm_state=None, lm_scores=None, ngram_lm_state=None, tokens=None, last_token=None, token_duration=None, last_frame=None)"
206,ìðɔ̀ŋɔ̀ ígùn kà kńnà èmàɾðɛ́n ápátɛ̀ kɔ́ɾà,"her child, every woman brought him to school",her child took care of every girl child,"Hypothesis(score=0.0, y_sequence=tensor([1712, 1172, 1420, 2024, 1699, 1720, 1446, 1203, 1172, 1197, 1166, 1854,
        2024]), text='his wife brought the woman home', dec_out=None, dec_state=None, timestamp=[], alignments=None, frame_confidence=None, token_confidence=None, word_confidence=None, length=0, y=None, lm_state=None, lm_scores=None, ngram_lm_state=None, tokens=None, last_token=None, token_duration=None, last_frame=None)"
207,ɛ̀ðɛ̀ jìcə̀lò,meat is good,the frolicking is good/ cute,"Hypothesis(score=0.0, y_sequence=tensor([1753, 1493, 1587, 1250, 1239, 1451, 1547, 2048]), text='The coconut is good.', dec_out=None, dec_state=None, timestamp=[], alignments=None, frame_confidence=None, token_confidence=None, word_confidence=None, length=0, y=None, lm_state=None, lm_scores=None, ngram_lm_state=None, tokens=None, last_token=None, token_duration=None, last_frame=None)"
208,ðù ðìcə̀lò,the heart is good,The ostrich is good,"Hypothesis(score=0.0, y_sequence=tensor([1753, 1588, 1213, 2029, 1239, 1451, 1547]), text='The shirt is good', dec_out=None, dec_state=None, timestamp=[], alignments=None, frame_confidence=None, token_confidence=None, word_confidence=None, length=0, y=None, lm_state=None, lm_scores=None, ngram_lm_state=None, tokens=None, last_token=None, token_duration=None, last_frame=None)"
209,rù rìcə̀lò,the hearts are good,The spiderweb is good.,"Hypothesis(score=0.0, y_sequence=tensor([1753, 1718, 1388, 1239, 1451, 1547, 2048]), text='The rock is good.', dec_out=None, dec_state=None, timestamp=[], alignments=None, frame_confidence=None, token_confidence=None, word_confidence=None, length=0, y=None, lm_state=None, lm_scores=None, ngram_lm_state=None, tokens=None, last_token=None, token_duration=None, last_frame=None)"
210,ðú ðáɲì pɔ̀,the heart is beating,The heart beat,"Hypothesis(score=0.0, y_sequence=tensor([1753, 1391, 1791, 1239, 1201, 1203, 1162, 1153, 2048]), text='The heart is in the pen.', dec_out=None, dec_state=None, timestamp=[], alignments=None, frame_confidence=None, token_confidence=None, word_confidence=None, length=0, y=None, lm_state=None, lm_scores=None, ngram_lm_state=None, tokens=None, last_token=None, token_duration=None, last_frame=None)"
211,tə̀vá lúɔ̀,cut the cloth,Parts of: Your (2SG) father is tall,"Hypothesis(score=0.0, y_sequence=tensor([1154, 2030, 1635, 1172, 1815]), text='drink water', dec_out=None, dec_state=None, timestamp=[], alignments=None, frame_confidence=None, token_confidence=None, word_confidence=None, length=0, y=None, lm_state=None, lm_scores=None, ngram_lm_state=None, tokens=None, last_token=None, token_duration=None, last_frame=None)"
212,àvàlá kèclò,The cat is good.,the cat is good,"Hypothesis(score=0.0, y_sequence=tensor([1203, 1164, 1271, 1195, 2134, 2039, 1261, 1239, 1451, 1547]), text='the candle/gum is good', dec_out=None, dec_state=None, timestamp=[], alignments=None, frame_confidence=None, token_confidence=None, word_confidence=None, length=0, y=None, lm_state=None, lm_scores=None, ngram_lm_state=None, tokens=None, last_token=None, token_duration=None, last_frame=None)"
213,àvàlà kèclò,The cat is good.,the cat is good,"Hypothesis(score=0.0, y_sequence=tensor([1205, 1237, 1158, 1355, 2033, 1219, 1239, 1451, 1547]), text='your sibling is good', dec_out=None, dec_state=None, timestamp=[], alignments=None, frame_confidence=None, token_confidence=None, word_confidence=None, length=0, y=None, lm_state=None, lm_scores=None, ngram_lm_state=None, tokens=None, last_token=None, token_duration=None, last_frame=None)"
214,ɛ̀màð kìclò,The friend is good,the fear is strong,"Hypothesis(score=0.0, y_sequence=tensor([1753, 1417, 1155, 1239, 1451, 1547, 2048]), text='The peer is good.', dec_out=None, dec_state=None, timestamp=[], alignments=None, frame_confidence=None, token_confidence=None, word_confidence=None, length=0, y=None, lm_state=None, lm_scores=None, ngram_lm_state=None, tokens=None, last_token=None, token_duration=None, last_frame=None)"
215,àmàð kìclò,The friend is good,This is a chicken,"Hypothesis(score=0.0, y_sequence=tensor([1315, 1197, 2041, 1357, 1239, 1451, 1547]), text='Comfort is good', dec_out=None, dec_state=None, timestamp=[], alignments=None, frame_confidence=None, token_confidence=None, word_confidence=None, length=0, y=None, lm_state=None, lm_scores=None, ngram_lm_state=None, tokens=None, last_token=None, token_duration=None, last_frame=None)"
216,nɛ̀gɛ̀ðɔ́l,enemies with,themselves,"Hypothesis(score=0.0, y_sequence=tensor([1307, 1203, 1158, 2027, 2044, 2049, 2027]), text='on the sswks', dec_out=None, dec_state=None, timestamp=[], alignments=None, frame_confidence=None, token_confidence=None, word_confidence=None, length=0, y=None, lm_state=None, lm_scores=None, ngram_lm_state=None, tokens=None, last_token=None, token_duration=None, last_frame=None)"
217,ɔ̀mnɛ̀ð kìcò,The enemy is bad,the enemy is bad,"Hypothesis(score=0.0, y_sequence=tensor([1753, 1210, 1232, 2045, 1239, 1451, 1547, 2048]), text='The enemy is good.', dec_out=None, dec_state=None, timestamp=[], alignments=None, frame_confidence=None, token_confidence=None, word_confidence=None, length=0, y=None, lm_state=None, lm_scores=None, ngram_lm_state=None, tokens=None, last_token=None, token_duration=None, last_frame=None)"
218,ɛ̀vlá ŋ́gúɽì,cat of the wild,the cat is in the water,"Hypothesis(score=0.0, y_sequence=tensor([1332, 2030, 1197, 1183, 1185, 1340, 1280]), text='From that forest', dec_out=None, dec_state=None, timestamp=[], alignments=None, frame_confidence=None, token_confidence=None, word_confidence=None, length=0, y=None, lm_state=None, lm_scores=None, ngram_lm_state=None, tokens=None, last_token=None, token_duration=None, last_frame=None)"
219,ùlíŋgɛ́ kìclò,The night is good,The night is good.,"Hypothesis(score=0.0, y_sequence=tensor([1753, 1181, 1553, 1239, 1451, 1547, 2048]), text='The night is good.', dec_out=None, dec_state=None, timestamp=[], alignments=None, frame_confidence=None, token_confidence=None, word_confidence=None, length=0, y=None, lm_state=None, lm_scores=None, ngram_lm_state=None, tokens=None, last_token=None, token_duration=None, last_frame=None)"
220,ùjɛ̀l kìclò,The shadow is nice,The shepherd is good.,"Hypothesis(score=0.0, y_sequence=tensor([1753, 1162, 1257, 1161, 1239, 1451, 1547, 2048]), text='The person is good.', dec_out=None, dec_state=None, timestamp=[], alignments=None, frame_confidence=None, token_confidence=None, word_confidence=None, length=0, y=None, lm_state=None, lm_scores=None, ngram_lm_state=None, tokens=None, last_token=None, token_duration=None, last_frame=None)"
221,d̪ùd̪ɔ̀ ðìclò,The floor is good,It (the root) is good,"Hypothesis(score=0.0, y_sequence=tensor([1190, 1407, 1179, 1239, 1451, 1547]), text='floor is good', dec_out=None, dec_state=None, timestamp=[], alignments=None, frame_confidence=None, token_confidence=None, word_confidence=None, length=0, y=None, lm_state=None, lm_scores=None, ngram_lm_state=None, tokens=None, last_token=None, token_duration=None, last_frame=None)"
222,óɾá kìcə̀lò,the child is good,your brother is good,"Hypothesis(score=0.0, y_sequence=tensor([1753, 1318, 1228, 2034, 1239, 1451, 1547, 2048]), text='The child is good.', dec_out=None, dec_state=None, timestamp=[], alignments=None, frame_confidence=None, token_confidence=None, word_confidence=None, length=0, y=None, lm_state=None, lm_scores=None, ngram_lm_state=None, tokens=None, last_token=None, token_duration=None, last_frame=None)"
223,ɛ́ðɛ́ jìcə̀lò,the animals are good,the rabbit is good,"Hypothesis(score=0.0, y_sequence=tensor([1753, 1493, 1587, 1250, 1239, 1451, 1547, 2048]), text='The coconut is good.', dec_out=None, dec_state=None, timestamp=[], alignments=None, frame_confidence=None, token_confidence=None, word_confidence=None, length=0, y=None, lm_state=None, lm_scores=None, ngram_lm_state=None, tokens=None, last_token=None, token_duration=None, last_frame=None)"
224,óɾá kɛ́ kúkǔ kàmɔ̀ŋt̪ɔ́ ɛ́ðɛ̀,kuku's child took care of his animals,Kuku's child took care of his animals,"Hypothesis(score=0.0, y_sequence=tensor([1358, 2032, 2049, 2032, 2051, 2027, 1318, 1228, 2034, 1221, 1627, 1203,
        1301, 1185]), text=""Kuku's child took the meat"", dec_out=None, dec_state=None, timestamp=[], alignments=None, frame_confidence=None, token_confidence=None, word_confidence=None, length=0, y=None, lm_state=None, lm_scores=None, ngram_lm_state=None, tokens=None, last_token=None, token_duration=None, last_frame=None)"
225,óɾá kɛ́ kúkǔ kàmɔ̀ŋnɔ́ ɛ́ðɛ̀ íjún ùnɛ̀ɾɛ̀,Kuku's child took care of his animals,Kuku's child took care of his animals yesterday,"Hypothesis(score=0.0, y_sequence=tensor([1358, 2032, 2049, 2032, 2051, 2027, 1318, 1228, 2034, 1221, 1627, 1164,
        1591, 1253, 1712, 1211, 1266, 1192, 2027, 1205, 1156, 1272, 2034, 1364]), text=""Kuku's child took care of his animals yesterday"", dec_out=None, dec_state=None, timestamp=[], alignments=None, frame_confidence=None, token_confidence=None, word_confidence=None, length=0, y=None, lm_state=None, lm_scores=None, ngram_lm_state=None, tokens=None, last_token=None, token_duration=None, last_frame=None)"
226,òɾá kɛ́ kúkù kàmɔ̀ŋnɔ́ ɛ́ðɛ̀ íjɛ̀ɲí,Kuku's child took care of my animals,Kuku's child took care of my animals,"Hypothesis(score=0.0, y_sequence=tensor([1358, 2032, 2049, 2032, 2051, 2027, 1318, 1228, 2034, 1221, 1627, 1164,
        1591, 1253, 1712, 1211, 1266, 1192, 2027]), text=""Kuku's child took care of his animals"", dec_out=None, dec_state=None, timestamp=[], alignments=None, frame_confidence=None, token_confidence=None, word_confidence=None, length=0, y=None, lm_state=None, lm_scores=None, ngram_lm_state=None, tokens=None, last_token=None, token_duration=None, last_frame=None)"
227,òɾá kɛ́ kúkù kàmɔ̀ŋnɔ́ ɛ́ðɛ̀ íjɛ̀ɲí ùnɛ̀ɾɛ̀,Kuku's child took care of my animals yesterday,Kuku's child took care of my animals yesterday,"Hypothesis(score=0.0, y_sequence=tensor([1687, 1318, 1228, 2034, 1221, 1627, 1164, 1591, 1253, 1712, 1211, 1266,
        1192, 2027, 1205, 1156, 1272, 2034, 1364]), text='my child took care of his animals yesterday', dec_out=None, dec_state=None, timestamp=[], alignments=None, frame_confidence=None, token_confidence=None, word_confidence=None, length=0, y=None, lm_state=None, lm_scores=None, ngram_lm_state=None, tokens=None, last_token=None, token_duration=None, last_frame=None)"
228,sɔ̀ɽìŋgɔ́,donkey,Parts of: the granchildren rested yesterday,"Hypothesis(score=0.0, y_sequence=tensor([1203, 1397, 1331, 2045]), text='the donkey', dec_out=None, dec_state=None, timestamp=[], alignments=None, frame_confidence=None, token_confidence=None, word_confidence=None, length=0, y=None, lm_state=None, lm_scores=None, ngram_lm_state=None, tokens=None, last_token=None, token_duration=None, last_frame=None)"
229,ábŕtɔ́ sàɽíŋgɔ̀,ride the donkey,(Go and) dance with him!,"Hypothesis(score=0.0, y_sequence=tensor([1376, 1596, 1203, 1397, 1331, 2045, 2117, 2023, 2122, 2041, 1174, 2121]), text='Ride the donkey! (far)', dec_out=None, dec_state=None, timestamp=[], alignments=None, frame_confidence=None, token_confidence=None, word_confidence=None, length=0, y=None, lm_state=None, lm_scores=None, ngram_lm_state=None, tokens=None, last_token=None, token_duration=None, last_frame=None)"
230,sɔ̀ɽíŋgɔ́ sádàn sáðúɽà ŕ ŋɛ́mbùɽù,small donkey is breastfed like a calf,Parts of: small donkey is breastfed like a calf,"Hypothesis(score=0.0, y_sequence=tensor([1203, 1397, 1331, 2045, 1172, 1379, 1191, 1218, 1244, 1175, 1382, 1200,
        1711, 2051, 2027, 1292, 1213]), text=""the donkey will braid each other's hair"", dec_out=None, dec_state=None, timestamp=[], alignments=None, frame_confidence=None, token_confidence=None, word_confidence=None, length=0, y=None, lm_state=None, lm_scores=None, ngram_lm_state=None, tokens=None, last_token=None, token_duration=None, last_frame=None)"
231,sɔ̀ɽíŋgɔ́ sádàn,small donkey,part of: small donkey,"Hypothesis(score=0.0, y_sequence=tensor([1258, 1172, 1379, 1154, 2030, 1635, 1172, 1815, 1475, 1197, 1320, 2023,
        2122, 2033, 2071, 1590, 1692, 2121]), text='I will drink water from it (l-class)', dec_out=None, dec_state=None, timestamp=[], alignments=None, frame_confidence=None, token_confidence=None, word_confidence=None, length=0, y=None, lm_state=None, lm_scores=None, ngram_lm_state=None, tokens=None, last_token=None, token_duration=None, last_frame=None)"
232,sɔ̀ɽíŋgɔ́ sátàɽán,small small,Parts of: small donkey is breastfed like a baby,"Hypothesis(score=0.0, y_sequence=tensor([1258, 1560, 1191, 1167, 1746, 1219, 1203, 1316, 2039]), text='I am breaking the log', dec_out=None, dec_state=None, timestamp=[], alignments=None, frame_confidence=None, token_confidence=None, word_confidence=None, length=0, y=None, lm_state=None, lm_scores=None, ngram_lm_state=None, tokens=None, last_token=None, token_duration=None, last_frame=None)"
233,ŋán ŋìcàlò,the milk is good,the milk is good,"Hypothesis(score=0.0, y_sequence=tensor([1753, 1169, 1202, 2036, 1209, 1197, 2027, 1480, 1451, 1547, 2048]), text='The mushrooms are good.', dec_out=None, dec_state=None, timestamp=[], alignments=None, frame_confidence=None, token_confidence=None, word_confidence=None, length=0, y=None, lm_state=None, lm_scores=None, ngram_lm_state=None, tokens=None, last_token=None, token_duration=None, last_frame=None)"
234,kɔ̀t̪ìnɔ́,to braid,Braid yourself.,"Hypothesis(score=0.0, y_sequence=tensor([1288, 1218, 1244, 1205, 1754, 1235, 2041, 2048]), text='Braid yourself.', dec_out=None, dec_state=None, timestamp=[], alignments=None, frame_confidence=None, token_confidence=None, word_confidence=None, length=0, y=None, lm_state=None, lm_scores=None, ngram_lm_state=None, tokens=None, last_token=None, token_duration=None, last_frame=None)"
235,ìrɔ́ jɛ̀cə̀lò,the hair is beautiful,The hair is good.,"Hypothesis(score=0.0, y_sequence=tensor([1315, 1679, 2030, 2045, 1239, 1181, 1703]), text='Cherry is nice', dec_out=None, dec_state=None, timestamp=[], alignments=None, frame_confidence=None, token_confidence=None, word_confidence=None, length=0, y=None, lm_state=None, lm_scores=None, ngram_lm_state=None, tokens=None, last_token=None, token_duration=None, last_frame=None)"
236,ìrɔ́ jìcə̀lò,hair is beautiful,The hairs are good.,"Hypothesis(score=0.0, y_sequence=tensor([1753, 1292, 1213, 1239, 1451, 1547]), text='The hair is good', dec_out=None, dec_state=None, timestamp=[], alignments=None, frame_confidence=None, token_confidence=None, word_confidence=None, length=0, y=None, lm_state=None, lm_scores=None, ngram_lm_state=None, tokens=None, last_token=None, token_duration=None, last_frame=None)"
237,sɔ̀ɽíŋgɔ́ sátàɽǎn,small donkey,Parts of: small donkey is breastfed like a calf,"Hypothesis(score=0.0, y_sequence=tensor([1258, 1560, 1430, 1367, 1221, 1154, 2030, 1635, 1221, 1320]), text='I am about to drink to it', dec_out=None, dec_state=None, timestamp=[], alignments=None, frame_confidence=None, token_confidence=None, word_confidence=None, length=0, y=None, lm_state=None, lm_scores=None, ngram_lm_state=None, tokens=None, last_token=None, token_duration=None, last_frame=None)"
238,ŋán ŋìcə̀lò,the milk is good,charcoals are good,"Hypothesis(score=0.0, y_sequence=tensor([1753, 1169, 1202, 2036, 1209, 1197, 2027, 1480, 1181, 1703]), text='The mushrooms are nice', dec_out=None, dec_state=None, timestamp=[], alignments=None, frame_confidence=None, token_confidence=None, word_confidence=None, length=0, y=None, lm_state=None, lm_scores=None, ngram_lm_state=None, tokens=None, last_token=None, token_duration=None, last_frame=None)"
239,àbrá t̪ɔ́wə̀nì,jump now! (far/towards),‘Wait now (far)!’,"Hypothesis(score=0.0, y_sequence=tensor([1387, 1261, 2038, 1901, 2117]), text='Jump now!', dec_out=None, dec_state=None, timestamp=[], alignments=None, frame_confidence=None, token_confidence=None, word_confidence=None, length=0, y=None, lm_state=None, lm_scores=None, ngram_lm_state=None, tokens=None, last_token=None, token_duration=None, last_frame=None)"
240,láíðɔ̀ ìjɔ̀,they will make a fire,they will make a fire,"Hypothesis(score=0.0, y_sequence=tensor([1203, 2045, 1172, 1379, 1297, 1331, 1157, 1190, 1409]), text='they will make a fire', dec_out=None, dec_state=None, timestamp=[], alignments=None, frame_confidence=None, token_confidence=None, word_confidence=None, length=0, y=None, lm_state=None, lm_scores=None, ngram_lm_state=None, tokens=None, last_token=None, token_duration=None, last_frame=None)"
241,kɔ́t̪ínɔ́,braid hair,Braid yourself.,"Hypothesis(score=0.0, y_sequence=tensor([1288, 1218, 1244, 1205, 1754, 1235, 2041, 2048]), text='Braid yourself.', dec_out=None, dec_state=None, timestamp=[], alignments=None, frame_confidence=None, token_confidence=None, word_confidence=None, length=0, y=None, lm_state=None, lm_scores=None, ngram_lm_state=None, tokens=None, last_token=None, token_duration=None, last_frame=None)"
242,ìrɔ́ jìcə̀lò,the hair is beautiful,The hairs are good.,"Hypothesis(score=0.0, y_sequence=tensor([1712, 2134, 1679, 2134, 1721, 1292, 1213, 1239, 1263, 1327, 1208, 2041,
        1306]), text='his/her/its hair is beautiful', dec_out=None, dec_state=None, timestamp=[], alignments=None, frame_confidence=None, token_confidence=None, word_confidence=None, length=0, y=None, lm_state=None, lm_scores=None, ngram_lm_state=None, tokens=None, last_token=None, token_duration=None, last_frame=None)"
243,làbúlìjɔ̀,Parts of: They will wrestle the man,they will wrestle (far),"Hypothesis(score=0.0, y_sequence=tensor([1753, 2045, 1172, 2030, 1280, 1195, 2034]), text='They wrestled', dec_out=None, dec_state=None, timestamp=[], alignments=None, frame_confidence=None, token_confidence=None, word_confidence=None, length=0, y=None, lm_state=None, lm_scores=None, ngram_lm_state=None, tokens=None, last_token=None, token_duration=None, last_frame=None)"
244,d̪úɾú ɛ́lɔ̌,Stand up,Stand up,"Hypothesis(score=0.0, y_sequence=tensor([1753, 1158, 1396, 2038, 1239, 1451, 1547, 2048]), text='The stop is good.', dec_out=None, dec_state=None, timestamp=[], alignments=None, frame_confidence=None, token_confidence=None, word_confidence=None, length=0, y=None, lm_state=None, lm_scores=None, ngram_lm_state=None, tokens=None, last_token=None, token_duration=None, last_frame=None)"
245,lɛ̀d̪ùɾú jû,They stopped there,They stopped there,"Hypothesis(score=0.0, y_sequence=tensor([1753, 2045, 1158, 1396, 1350, 1246, 1183, 1302, 2048]), text='They stopped there.', dec_out=None, dec_state=None, timestamp=[], alignments=None, frame_confidence=None, token_confidence=None, word_confidence=None, length=0, y=None, lm_state=None, lm_scores=None, ngram_lm_state=None, tokens=None, last_token=None, token_duration=None, last_frame=None)"
246,lɔ̀bìðí bacʊm,They met with the fox,(The prison is big),"Hypothesis(score=0.0, y_sequence=tensor([1753, 2045, 1172, 1379, 1169, 1235, 2029, 1157, 2044, 1364, 1475, 1197,
        1301, 2048]), text='They will melt away from me.', dec_out=None, dec_state=None, timestamp=[], alignments=None, frame_confidence=None, token_confidence=None, word_confidence=None, length=0, y=None, lm_state=None, lm_scores=None, ngram_lm_state=None, tokens=None, last_token=None, token_duration=None, last_frame=None)"
247,kə́nà àprí jə̀gàràt̪ɔ́ ðówɛ́ nɛ̀ lə̀və́r lɛ́ðɛ́t̪ɛ̀n,Every boy broke a stick in his father's field,every boy broke the stick in the field,"Hypothesis(score=0.0, y_sequence=tensor([1175, 1369, 2045, 1191, 1690, 1191, 1209, 1331, 1203, 1158, 2027, 2044,
        2049, 1201, 1203, 1190, 1180, 1457]), text='every boy broke the sswk in the field', dec_out=None, dec_state=None, timestamp=[], alignments=None, frame_confidence=None, token_confidence=None, word_confidence=None, length=0, y=None, lm_state=None, lm_scores=None, ngram_lm_state=None, tokens=None, last_token=None, token_duration=None, last_frame=None)"
248,jígíɲàt̪ɔ̀,I broke,I broke,"Hypothesis(score=0.0, y_sequence=tensor([1258, 1191, 1209, 1331, 1203, 1164, 1407, 1410]), text='I broke the cloth', dec_out=None, dec_state=None, timestamp=[], alignments=None, frame_confidence=None, token_confidence=None, word_confidence=None, length=0, y=None, lm_state=None, lm_scores=None, ngram_lm_state=None, tokens=None, last_token=None, token_duration=None, last_frame=None)"
249,íjìbí ɔ́ɾà kɛ́ kúkù ŋà,I married Kuku's sister,I come/am from Kuku,"Hypothesis(score=0.0, y_sequence=tensor([1258, 1172, 1379, 1191, 1167, 1746, 1358, 2032, 2049, 2032, 2051, 2027,
        1191, 1246]), text=""I will break Kuku's bed"", dec_out=None, dec_state=None, timestamp=[], alignments=None, frame_confidence=None, token_confidence=None, word_confidence=None, length=0, y=None, lm_state=None, lm_scores=None, ngram_lm_state=None, tokens=None, last_token=None, token_duration=None, last_frame=None)"
250,íjìbí ɔ́ɾà kɛ́ kúkú,I married Kuku's sister,I come/am from Kuku,"Hypothesis(score=0.0, y_sequence=tensor([1258, 1191, 1209, 1331, 1358, 2032, 2049, 2032, 2051, 2027, 1191, 1246]), text=""I broke Kuku's bed"", dec_out=None, dec_state=None, timestamp=[], alignments=None, frame_confidence=None, token_confidence=None, word_confidence=None, length=0, y=None, lm_state=None, lm_scores=None, ngram_lm_state=None, tokens=None, last_token=None, token_duration=None, last_frame=None)"
251,kɔ́t̪ɔ́ ìrɔ́ íjùn,Braid her hair. ,Braid your hair.,"Hypothesis(score=0.0, y_sequence=tensor([1288, 1218, 1244, 1205, 1237, 1292, 1213, 2048]), text='Braid your hair.', dec_out=None, dec_state=None, timestamp=[], alignments=None, frame_confidence=None, token_confidence=None, word_confidence=None, length=0, y=None, lm_state=None, lm_scores=None, ngram_lm_state=None, tokens=None, last_token=None, token_duration=None, last_frame=None)"
252,kɔ́t̪ɔ́ ìrɔ́,Braid hair. ,Braid your hair!,"Hypothesis(score=0.0, y_sequence=tensor([1288, 1218, 1244, 1205, 1237, 1292, 1213, 2117, 2023, 2122, 2041, 1174,
        1157, 2044, 1364, 2121]), text='Braid your hair! (far away)', dec_out=None, dec_state=None, timestamp=[], alignments=None, frame_confidence=None, token_confidence=None, word_confidence=None, length=0, y=None, lm_state=None, lm_scores=None, ngram_lm_state=None, tokens=None, last_token=None, token_duration=None, last_frame=None)"
253,kɔ̀t̪á ìrɔ́ íjùn,Braid her hair (far away).,Braid yourself (far away).,"Hypothesis(score=0.0, y_sequence=tensor([1288, 1218, 1244, 1205, 1237, 1292, 1213, 2117, 2023, 2122, 2041, 1174,
        1157, 2044, 1364, 2121]), text='Braid your hair! (far away)', dec_out=None, dec_state=None, timestamp=[], alignments=None, frame_confidence=None, token_confidence=None, word_confidence=None, length=0, y=None, lm_state=None, lm_scores=None, ngram_lm_state=None, tokens=None, last_token=None, token_duration=None, last_frame=None)"
254,lákɔ̀t̪ìnɔ́,They will braid themselves (far away),They will braid themselves (far away),"Hypothesis(score=0.0, y_sequence=tensor([1753, 2045, 1172, 1379, 1191, 1218, 1244, 1203, 1292, 1213, 2048]), text='They will braid the hair.', dec_out=None, dec_state=None, timestamp=[], alignments=None, frame_confidence=None, token_confidence=None, word_confidence=None, length=0, y=None, lm_state=None, lm_scores=None, ngram_lm_state=None, tokens=None, last_token=None, token_duration=None, last_frame=None)"
255,ŋɔ̀ɽíŋgɔ̀,adult donkey,The donkey is fat,"Hypothesis(score=0.0, y_sequence=tensor([1397, 1331, 2045, 2027]), text='donkeys', dec_out=None, dec_state=None, timestamp=[], alignments=None, frame_confidence=None, token_confidence=None, word_confidence=None, length=0, y=None, lm_state=None, lm_scores=None, ngram_lm_state=None, tokens=None, last_token=None, token_duration=None, last_frame=None)"
256,ɲɔ̀ɽíŋgɔ́,donkeys,the donkey is big,"Hypothesis(score=0.0, y_sequence=tensor([1397, 1331, 2045, 2027]), text='donkeys', dec_out=None, dec_state=None, timestamp=[], alignments=None, frame_confidence=None, token_confidence=None, word_confidence=None, length=0, y=None, lm_state=None, lm_scores=None, ngram_lm_state=None, tokens=None, last_token=None, token_duration=None, last_frame=None)"
257,ábró t̪ɜ́wə̀nì,Jump now.,‘Wait now!’,"Hypothesis(score=0.0, y_sequence=tensor([1387, 1261, 2038, 1901, 2117, 2023, 2122, 2026, 2044, 1364, 2121]), text='Jump now! (away)', dec_out=None, dec_state=None, timestamp=[], alignments=None, frame_confidence=None, token_confidence=None, word_confidence=None, length=0, y=None, lm_state=None, lm_scores=None, ngram_lm_state=None, tokens=None, last_token=None, token_duration=None, last_frame=None)"
258,ábró t̪ɜ́wə̀nì,Jump now.,‘Wait now!’,"Hypothesis(score=0.0, y_sequence=tensor([1387, 1261, 2038, 1901, 2117, 2023, 2122, 2026, 2044, 1364, 2121]), text='Jump now! (away)', dec_out=None, dec_state=None, timestamp=[], alignments=None, frame_confidence=None, token_confidence=None, word_confidence=None, length=0, y=None, lm_state=None, lm_scores=None, ngram_lm_state=None, tokens=None, last_token=None, token_duration=None, last_frame=None)"
259,àbrá t̪ɜ́wə̀nì,Jump now (far away or towards).,brá now (far away),"Hypothesis(score=0.0, y_sequence=tensor([1222, 1261, 2038, 1901, 2117, 2023, 2122, 2041, 1174, 2121]), text='jump now! (far)', dec_out=None, dec_state=None, timestamp=[], alignments=None, frame_confidence=None, token_confidence=None, word_confidence=None, length=0, y=None, lm_state=None, lm_scores=None, ngram_lm_state=None, tokens=None, last_token=None, token_duration=None, last_frame=None)"
260,t̪ʊ̀lí t̪ìðìɲàcì,The lion scares me.,the lion was instructed by God,"Hypothesis(score=0.0, y_sequence=tensor([1753, 1163, 1226, 1366, 1191, 1167, 1746, 1219, 1203, 1316, 2039]), text='The lion was breaking the log', dec_out=None, dec_state=None, timestamp=[], alignments=None, frame_confidence=None, token_confidence=None, word_confidence=None, length=0, y=None, lm_state=None, lm_scores=None, ngram_lm_state=None, tokens=None, last_token=None, token_duration=None, last_frame=None)"
261,t̪ìðìɲîŋì t̪ʊ̀lí t̪ìðìɲîŋì,"It scares me, the lion scares/scared me.",the lion scares me the lion bites me,"Hypothesis(score=0.0, y_sequence=tensor([1294, 2031, 1158, 1652, 1185, 1165, 1203, 1163, 1226]), text='To scratch the lion', dec_out=None, dec_state=None, timestamp=[], alignments=None, frame_confidence=None, token_confidence=None, word_confidence=None, length=0, y=None, lm_state=None, lm_scores=None, ngram_lm_state=None, tokens=None, last_token=None, token_duration=None, last_frame=None)"
262,náŋîðɛ̀ŋɛ̀cí,He scares me away from (denies me from)...,you (sg) waited,"Hypothesis(score=0.0, y_sequence=tensor([1316, 1627, 1157, 2041, 1272, 1301, 2117]), text='look after me!', dec_out=None, dec_state=None, timestamp=[], alignments=None, frame_confidence=None, token_confidence=None, word_confidence=None, length=0, y=None, lm_state=None, lm_scores=None, ngram_lm_state=None, tokens=None, last_token=None, token_duration=None, last_frame=None)"
263,ǎn kə̀ɽìɲáɲàggɛ̀ náŋìðɛ̀ɲɛ̀cì ðíjà ɛ̀ðɛ́,"When we hunt/kill together, he denies me from eating meat.","When we hunt/kill together, we (incl) hunt deer.","Hypothesis(score=0.0, y_sequence=tensor([1326, 1153, 1258, 1262, 1630, 2034, 1687, 2027, 1235, 2041, 1172, 1437,
        1687, 1475, 1282, 2034]), text='when I killed myself with my friend', dec_out=None, dec_state=None, timestamp=[], alignments=None, frame_confidence=None, token_confidence=None, word_confidence=None, length=0, y=None, lm_state=None, lm_scores=None, ngram_lm_state=None, tokens=None, last_token=None, token_duration=None, last_frame=None)"
264,wɛ́ ànt̪á kájt̪ìŋì,It's what makes me...,Then when he arrived,"Hypothesis(score=0.0, y_sequence=tensor([1308, 2036, 1302, 1154, 1244, 1687, 1475, 1282, 2034, 1451, 2086]), text='Where did my friend go?', dec_out=None, dec_state=None, timestamp=[], alignments=None, frame_confidence=None, token_confidence=None, word_confidence=None, length=0, y=None, lm_state=None, lm_scores=None, ngram_lm_state=None, tokens=None, last_token=None, token_duration=None, last_frame=None)"
265,ɔ́ɽɔ́ t̪ə̀màn,Run fast!,Cough now!,"Hypothesis(score=0.0, y_sequence=tensor([1391, 1463, 1195, 1253, 1256]), text='heistle often', dec_out=None, dec_state=None, timestamp=[], alignments=None, frame_confidence=None, token_confidence=None, word_confidence=None, length=0, y=None, lm_state=None, lm_scores=None, ngram_lm_state=None, tokens=None, last_token=None, token_duration=None, last_frame=None)"
266,àpá súɽú t̪ə̀wə̀nì,Bring the beer here now (towards speaker),Bring the beer now! (away),"Hypothesis(score=0.0, y_sequence=tensor([1288, 2030, 1219, 1203, 1263, 1155, 1901, 2117]), text='Bring the beer now!', dec_out=None, dec_state=None, timestamp=[], alignments=None, frame_confidence=None, token_confidence=None, word_confidence=None, length=0, y=None, lm_state=None, lm_scores=None, ngram_lm_state=None, tokens=None, last_token=None, token_duration=None, last_frame=None)"
267,ápɔ́ súɽú t̪ə̀wə̀nì,Bring the beer now (away from speaker),Bring the beer now!,"Hypothesis(score=0.0, y_sequence=tensor([1288, 2030, 1219, 1301, 1709, 2049, 1229, 2027, 1901, 2117]), text='Bring me baskets now!', dec_out=None, dec_state=None, timestamp=[], alignments=None, frame_confidence=None, token_confidence=None, word_confidence=None, length=0, y=None, lm_state=None, lm_scores=None, ngram_lm_state=None, tokens=None, last_token=None, token_duration=None, last_frame=None)"
268,làpɔ́ súɽù,They brought the beer,They brought the beer,"Hypothesis(score=0.0, y_sequence=tensor([1753, 2045, 1172, 1379, 1699, 1219, 1203, 1263, 1155, 2023, 2122, 2041,
        1174, 2121]), text='They will bring the beer (far)', dec_out=None, dec_state=None, timestamp=[], alignments=None, frame_confidence=None, token_confidence=None, word_confidence=None, length=0, y=None, lm_state=None, lm_scores=None, ngram_lm_state=None, tokens=None, last_token=None, token_duration=None, last_frame=None)"
269,làpɔ́ súɽú,They brought the beer,They brought the beer,"Hypothesis(score=0.0, y_sequence=tensor([1753, 2045, 1172, 1379, 1699, 1219, 1203, 1263, 1155]), text='They will bring the beer', dec_out=None, dec_state=None, timestamp=[], alignments=None, frame_confidence=None, token_confidence=None, word_confidence=None, length=0, y=None, lm_state=None, lm_scores=None, ngram_lm_state=None, tokens=None, last_token=None, token_duration=None, last_frame=None)"
270,lápɔ́ súɽù,They will bring the beer,bring the beer (towards speaker),"Hypothesis(score=0.0, y_sequence=tensor([1753, 2045, 1172, 1379, 1699, 1219, 1203, 1263, 1155, 2012, 1179, 1209,
        2044, 2048, 2023, 2122, 2041, 1174, 2121]), text='They will bring the beer tomorrow. (far)', dec_out=None, dec_state=None, timestamp=[], alignments=None, frame_confidence=None, token_confidence=None, word_confidence=None, length=0, y=None, lm_state=None, lm_scores=None, ngram_lm_state=None, tokens=None, last_token=None, token_duration=None, last_frame=None)"
271,jɛ́wàjí ré ɛ́rɛ̀ɲì,I washed MY hands,I washed my hands,"Hypothesis(score=0.0, y_sequence=tensor([1267, 2045, 1393, 1711, 1239, 1169, 1849]), text='My mother is made', dec_out=None, dec_state=None, timestamp=[], alignments=None, frame_confidence=None, token_confidence=None, word_confidence=None, length=0, y=None, lm_state=None, lm_scores=None, ngram_lm_state=None, tokens=None, last_token=None, token_duration=None, last_frame=None)"
272,jɛ́vlɛ̀cɜ̀cí kúkùŋ lɛ̀ŋgɛ̀n,I visited Kuku's mother,I visited Kuku's mother for him,"Hypothesis(score=0.0, y_sequence=tensor([1258, 1872, 1177, 1246, 1358, 2032, 2049, 2032, 1901]), text='I visited Kuku now', dec_out=None, dec_state=None, timestamp=[], alignments=None, frame_confidence=None, token_confidence=None, word_confidence=None, length=0, y=None, lm_state=None, lm_scores=None, ngram_lm_state=None, tokens=None, last_token=None, token_duration=None, last_frame=None)"
273,jɛ́vlɛ̀cɜ̀cí kúkùŋú lɛ̀ŋgɛ̀n,I visited Kuku's mother,I visited Kuku's mother for him,"Hypothesis(score=0.0, y_sequence=tensor([1258, 1872, 1177, 1246, 1358, 2032, 2049, 2032, 1340, 1712, 1393, 1711]), text='I visited Kuku for his mother', dec_out=None, dec_state=None, timestamp=[], alignments=None, frame_confidence=None, token_confidence=None, word_confidence=None, length=0, y=None, lm_state=None, lm_scores=None, ngram_lm_state=None, tokens=None, last_token=None, token_duration=None, last_frame=None)"
274,jɛ́vlɛ̀cìt̪ɔ́ kúkùŋú lɛ́ŋ̀gɛ́n ígùn,I visited (his/her/Kuku's) mother for Kuku,I visited Kuku's mother for him,"Hypothesis(score=0.0, y_sequence=tensor([1258, 1872, 1177, 1246, 1358, 2032, 2049, 2032, 2051, 2027, 1393, 1711,
        1340, 1186, 1266]), text=""I visited Kuku's mother for him"", dec_out=None, dec_state=None, timestamp=[], alignments=None, frame_confidence=None, token_confidence=None, word_confidence=None, length=0, y=None, lm_state=None, lm_scores=None, ngram_lm_state=None, tokens=None, last_token=None, token_duration=None, last_frame=None)"
275,jɛ́vlɛ̀cɜ̀cí kúkùŋú lɛ́ŋgɛ́n ígùn,I visited Kuku's mother,I visited Kuku's mother for him,"Hypothesis(score=0.0, y_sequence=tensor([1258, 1872, 1177, 1246, 1358, 2032, 2049, 2032, 2051, 2027, 1393, 1711,
        1340, 1712, 1956]), text=""I visited Kuku's mother for his mom"", dec_out=None, dec_state=None, timestamp=[], alignments=None, frame_confidence=None, token_confidence=None, word_confidence=None, length=0, y=None, lm_state=None, lm_scores=None, ngram_lm_state=None, tokens=None, last_token=None, token_duration=None, last_frame=None)"
276,áɾɔ́ íŋgárɛ́ kílì,"Say, ""I went to the market!""","Say, ""I went to the market""!","Hypothesis(score=0.0, y_sequence=tensor([1215, 1364, 2043, 2023, 2102, 2060, 1172, 1182, 1221, 1358, 1379, 2028,
        2117, 2102]), text='Say, ""I went to Killi!""', dec_out=None, dec_state=None, timestamp=[], alignments=None, frame_confidence=None, token_confidence=None, word_confidence=None, length=0, y=None, lm_state=None, lm_scores=None, ngram_lm_state=None, tokens=None, last_token=None, token_duration=None, last_frame=None)"
277,àɾá ɔ̀ɽcâ,"Say, ""Jump""! (far away)",Say something! (ventive),"Hypothesis(score=0.0, y_sequence=tensor([1451, 1221, 1222, 1261, 2038]), text='go to jump', dec_out=None, dec_state=None, timestamp=[], alignments=None, frame_confidence=None, token_confidence=None, word_confidence=None, length=0, y=None, lm_state=None, lm_scores=None, ngram_lm_state=None, tokens=None, last_token=None, token_duration=None, last_frame=None)"
278,wɛ́ nnɔ́ bácúm t̪ǎ,When the fox heard that,When the fox heard that,"Hypothesis(score=0.0, y_sequence=tensor([1308, 1476, 1203, 1638, 2054, 1391, 1525, 1183, 1185]), text='When the fox heard that', dec_out=None, dec_state=None, timestamp=[], alignments=None, frame_confidence=None, token_confidence=None, word_confidence=None, length=0, y=None, lm_state=None, lm_scores=None, ngram_lm_state=None, tokens=None, last_token=None, token_duration=None, last_frame=None)"
279,bú árt̪ɛ̀ t̪ɔ̀léŋ,Go and tell the lion,Go and tell the lion,"Hypothesis(score=0.0, y_sequence=tensor([1328, 2031, 1241, 1540, 1214, 1203, 1163, 1226]), text='Go and tell the lion', dec_out=None, dec_state=None, timestamp=[], alignments=None, frame_confidence=None, token_confidence=None, word_confidence=None, length=0, y=None, lm_state=None, lm_scores=None, ngram_lm_state=None, tokens=None, last_token=None, token_duration=None, last_frame=None)"
280,bú árt̪ɛ̀ t̪ɔ̀lêŋ́,Go and tell the lion,Go and tell the lion,"Hypothesis(score=0.0, y_sequence=tensor([1288, 1218, 1244, 1205, 1237, 1292, 1213, 1949, 1596, 1203, 1163, 1226,
        2117, 2023, 2122, 2041, 1174, 2121]), text='Braid your hair inside the lion! (far)', dec_out=None, dec_state=None, timestamp=[], alignments=None, frame_confidence=None, token_confidence=None, word_confidence=None, length=0, y=None, lm_state=None, lm_scores=None, ngram_lm_state=None, tokens=None, last_token=None, token_duration=None, last_frame=None)"
281,jíŋàcàcí ɔ́ɾà kɛ́ kúkù ŋà ŋávɛ̀,I brought Kuku's brother water (at some place),I brought Kuku's brother water,"Hypothesis(score=0.0, y_sequence=tensor([1621, 1173, 1198, 2026, 1220, 1358, 2032, 2049, 2032, 1203, 1191, 1209,
        1711, 1172, 1815, 2048]), text='You gave Kuku the brother water.', dec_out=None, dec_state=None, timestamp=[], alignments=None, frame_confidence=None, token_confidence=None, word_confidence=None, length=0, y=None, lm_state=None, lm_scores=None, ngram_lm_state=None, tokens=None, last_token=None, token_duration=None, last_frame=None)"
282,jíŋàcàcí ɔ́ɾà kɛ́ kúkù ŋà ŋávɛ̀ nɛ̀ lɛ̀vɛ̌ɾ,I brought Kuku's brother water in the field,I brought Kuku's brother water in the field,"Hypothesis(score=0.0, y_sequence=tensor([1258, 1699, 1720, 1446, 1358, 2032, 2049, 2032, 2051, 2027, 1191, 1209,
        1711, 1172, 1815, 1201, 1203, 1190, 1180, 1457]), text=""I brought Kuku's brother water in the field"", dec_out=None, dec_state=None, timestamp=[], alignments=None, frame_confidence=None, token_confidence=None, word_confidence=None, length=0, y=None, lm_state=None, lm_scores=None, ngram_lm_state=None, tokens=None, last_token=None, token_duration=None, last_frame=None)"
283,jíŋàcìt̪ɔ́ ɔ́ɾà kɛ́ kúkù ŋà ŋávɛ̀ kúkùŋù,I brought Kuku water on behalf of Kuku's brother,I brought (someone) water on behalf of Kuku's brother,"Hypothesis(score=0.0, y_sequence=tensor([1258, 1699, 1720, 1446, 1358, 2032, 2049, 2032, 2051, 2027, 1191, 1209,
        1711, 1172, 1815, 1475, 1197, 1358, 2032, 2049, 2032]), text=""I brought Kuku's brother water from Kuku"", dec_out=None, dec_state=None, timestamp=[], alignments=None, frame_confidence=None, token_confidence=None, word_confidence=None, length=0, y=None, lm_state=None, lm_scores=None, ngram_lm_state=None, tokens=None, last_token=None, token_duration=None, last_frame=None)"
284,ɛ̀vàɾtɔ̀ kìcə̀lò,The teacher is good,the teacher is good,"Hypothesis(score=0.0, y_sequence=tensor([1753, 1540, 1382, 1155, 1239, 1451, 1547, 2048]), text='The teacher is good.', dec_out=None, dec_state=None, timestamp=[], alignments=None, frame_confidence=None, token_confidence=None, word_confidence=None, length=0, y=None, lm_state=None, lm_scores=None, ngram_lm_state=None, tokens=None, last_token=None, token_duration=None, last_frame=None)"
285,âŋú ádám íjɛ̀ ɲì,did you see my book?,How did the book come out?,"Hypothesis(score=0.0, y_sequence=tensor([1279, 2031, 1627, 1458, 1687, 1809, 1627, 2117]), text='Look at my book!', dec_out=None, dec_state=None, timestamp=[], alignments=None, frame_confidence=None, token_confidence=None, word_confidence=None, length=0, y=None, lm_state=None, lm_scores=None, ngram_lm_state=None, tokens=None, last_token=None, token_duration=None, last_frame=None)"
286,bɔ́lɔ́ t̪ɔ̀wə̀nì,wrestle now!,wrestle now!,"Hypothesis(score=0.0, y_sequence=tensor([1172, 2030, 1280, 1195, 1901, 2117]), text='wrestle now!', dec_out=None, dec_state=None, timestamp=[], alignments=None, frame_confidence=None, token_confidence=None, word_confidence=None, length=0, y=None, lm_state=None, lm_scores=None, ngram_lm_state=None, tokens=None, last_token=None, token_duration=None, last_frame=None)"
287,bɔ̀lá t̪ɔ̀wə̀nì,wrestle now (far away),wrestle now! (far),"Hypothesis(score=0.0, y_sequence=tensor([1293, 2032, 1214, 1419, 1253, 1453, 2023, 2122, 2026, 2044, 1364, 2121,
        1901, 2117]), text='Pull all of us (away) now!', dec_out=None, dec_state=None, timestamp=[], alignments=None, frame_confidence=None, token_confidence=None, word_confidence=None, length=0, y=None, lm_state=None, lm_scores=None, ngram_lm_state=None, tokens=None, last_token=None, token_duration=None, last_frame=None)"
288,bɔ́lɔ́ t̪ɔ́wə̀nì,wrestle now!,wrestle now!,"Hypothesis(score=0.0, y_sequence=tensor([1172, 2030, 1280, 1195, 1901, 2117]), text='wrestle now!', dec_out=None, dec_state=None, timestamp=[], alignments=None, frame_confidence=None, token_confidence=None, word_confidence=None, length=0, y=None, lm_state=None, lm_scores=None, ngram_lm_state=None, tokens=None, last_token=None, token_duration=None, last_frame=None)"
289,t̪ɔ́t̪ɔ́ súɽú,Drink someone else's beer!,put on the dress! (far),"Hypothesis(score=0.0, y_sequence=tensor([1998, 1490, 1253, 2107, 1753, 2045, 1172, 1379, 1162, 1250, 1154, 2013,
        1203, 1263, 1155, 2012, 1179, 1209, 2044, 2048]), text='Parts of: They will put down the beer tomorrow.', dec_out=None, dec_state=None, timestamp=[], alignments=None, frame_confidence=None, token_confidence=None, word_confidence=None, length=0, y=None, lm_state=None, lm_scores=None, ngram_lm_state=None, tokens=None, last_token=None, token_duration=None, last_frame=None)"
290,t̪ɔ́t̪ɔ́ súɽù,drink someone else's beer!,in the field,"Hypothesis(score=0.0, y_sequence=tensor([1294, 2031, 1706, 1752, 1239, 1451, 1547]), text='To get up is good', dec_out=None, dec_state=None, timestamp=[], alignments=None, frame_confidence=None, token_confidence=None, word_confidence=None, length=0, y=None, lm_state=None, lm_scores=None, ngram_lm_state=None, tokens=None, last_token=None, token_duration=None, last_frame=None)"
291,t̪àt̪ɔ́ súɽú,drink someone else's beer! (far),it (CLŋ 'water') is fetched,"Hypothesis(score=0.0, y_sequence=tensor([1285, 1161, 2051, 2029, 1154, 1566, 2117, 2023, 2122, 2041, 1174, 2121]), text=""Don't dance! (far)"", dec_out=None, dec_state=None, timestamp=[], alignments=None, frame_confidence=None, token_confidence=None, word_confidence=None, length=0, y=None, lm_state=None, lm_scores=None, ngram_lm_state=None, tokens=None, last_token=None, token_duration=None, last_frame=None)"
292,və́lɛ́cíðúr,visit! (pl),Parts of: Pull yourselves (away)!,"Hypothesis(score=0.0, y_sequence=tensor([1872, 1177, 2117, 2023, 2122, 2041, 1174, 2121]), text='visit! (far)', dec_out=None, dec_state=None, timestamp=[], alignments=None, frame_confidence=None, token_confidence=None, word_confidence=None, length=0, y=None, lm_state=None, lm_scores=None, ngram_lm_state=None, tokens=None, last_token=None, token_duration=None, last_frame=None)"
293,və̀lɛ̀cìðá,visit! (far),visit (far)!,"Hypothesis(score=0.0, y_sequence=tensor([1872, 1177, 2117, 2023, 2122, 2041, 1174, 2121]), text='visit! (far)', dec_out=None, dec_state=None, timestamp=[], alignments=None, frame_confidence=None, token_confidence=None, word_confidence=None, length=0, y=None, lm_state=None, lm_scores=None, ngram_lm_state=None, tokens=None, last_token=None, token_duration=None, last_frame=None)"
294,lìɟí làɽíɲɛ̀,Parts of: people extinguished candles yesterday (far),People extinguished candles (here),"Hypothesis(score=0.0, y_sequence=tensor([1417, 1918, 1318, 1178, 1246, 1175, 1382, 1200, 1711, 2023, 2122, 2026,
        2044, 1364, 2121, 1205, 1156, 1272, 2034, 1364]), text='people chased each other (away) yesterday', dec_out=None, dec_state=None, timestamp=[], alignments=None, frame_confidence=None, token_confidence=None, word_confidence=None, length=0, y=None, lm_state=None, lm_scores=None, ngram_lm_state=None, tokens=None, last_token=None, token_duration=None, last_frame=None)"
295,àpɾí jápíjɔ̀ kúkùŋ ɔ́ɾɛ́ nd̪ɔ̀bà,the boy will make Kuku carry the baby away tomorrow,the boy will eat food for Kuku tomorrow (far),"Hypothesis(score=0.0, y_sequence=tensor([1753, 1191, 1690, 1172, 1379, 1699, 1219, 1203, 1318, 1228, 2034, 1221,
        1358, 2032, 2049, 2032, 2012, 1179, 1209, 2044, 2048]), text='The boy will bring the child to Kuku tomorrow.', dec_out=None, dec_state=None, timestamp=[], alignments=None, frame_confidence=None, token_confidence=None, word_confidence=None, length=0, y=None, lm_state=None, lm_scores=None, ngram_lm_state=None, tokens=None, last_token=None, token_duration=None, last_frame=None)"
296,àpɾí jápìjí kúkùŋ ɔ́ɾɛ́ nd̪ɔ̀bà, the boy will make Kuku bring the baby tomorrow,the boy will bring forth the basket to Kuku tomorrow,"Hypothesis(score=0.0, y_sequence=tensor([1753, 1191, 1690, 1172, 1379, 1263, 1699, 1720, 1446, 1691, 1358, 2032,
        2049, 2032, 2012, 1179, 1209, 2044, 2048]), text='The boy will be brought by Kuku tomorrow.', dec_out=None, dec_state=None, timestamp=[], alignments=None, frame_confidence=None, token_confidence=None, word_confidence=None, length=0, y=None, lm_state=None, lm_scores=None, ngram_lm_state=None, tokens=None, last_token=None, token_duration=None, last_frame=None)"
297,ùɾnɔ̀ kɛ̀ɽðɔ́ kúkùŋú àn ɔ́ɟɔ́ kíjà ŋɔ̀mɔ̀ nd̪ɔ̀bà,grandfather asked Kuku who will eat the food tomorrow,grandfather asked Kuku who will eat the food tomorrow,"Hypothesis(score=0.0, y_sequence=tensor([1434, 1271, 2041, 1185, 1679, 1330, 2049, 1246, 1358, 2032, 2049, 2032,
        1887, 1157, 1193, 1203, 1638, 1547, 2012, 1179, 1209, 2044]), text='grandfather asked Kuku who ate the food tomorrow', dec_out=None, dec_state=None, timestamp=[], alignments=None, frame_confidence=None, token_confidence=None, word_confidence=None, length=0, y=None, lm_state=None, lm_scores=None, ngram_lm_state=None, tokens=None, last_token=None, token_duration=None, last_frame=None)"
298,ùɾnɔ̀ kɛ̀ɽðɔ́ kúkùŋú t̪á àn ɔ́ɟɔ́ kíjà ŋɔ̀mɔ̀ nd̪ɔ̀bà,grandfather asked Kuku who will eat the food tomorrow,grandfather asked Kuku who will eat the food tomorrow,"Hypothesis(score=0.0, y_sequence=tensor([1434, 1271, 2041, 1185, 1679, 1330, 2049, 1246, 1358, 2032, 2049, 2032,
        1887, 1172, 1379, 1175, 1185, 1203, 1638, 1547, 2012, 1179, 1209, 2044]), text='grandfather asked Kuku who will eat the food tomorrow', dec_out=None, dec_state=None, timestamp=[], alignments=None, frame_confidence=None, token_confidence=None, word_confidence=None, length=0, y=None, lm_state=None, lm_scores=None, ngram_lm_state=None, tokens=None, last_token=None, token_duration=None, last_frame=None)"
299,àɾò kìcə̀lò,The brother is good,The brother is good.,"Hypothesis(score=0.0, y_sequence=tensor([1205, 1237, 1718, 2031, 2041, 1239, 1451, 1547]), text='your roof is good', dec_out=None, dec_state=None, timestamp=[], alignments=None, frame_confidence=None, token_confidence=None, word_confidence=None, length=0, y=None, lm_state=None, lm_scores=None, ngram_lm_state=None, tokens=None, last_token=None, token_duration=None, last_frame=None)"
300,ùðɔ́ kìcə̀lò,The worm is good,The ostrich is good,"Hypothesis(score=0.0, y_sequence=tensor([1203, 1724, 2037, 1239, 1451, 1547]), text='the worm is good', dec_out=None, dec_state=None, timestamp=[], alignments=None, frame_confidence=None, token_confidence=None, word_confidence=None, length=0, y=None, lm_state=None, lm_scores=None, ngram_lm_state=None, tokens=None, last_token=None, token_duration=None, last_frame=None)"
301,pínɔ́ kɔ́ɾì,swim!,be weak,"Hypothesis(score=0.0, y_sequence=tensor([1254, 1185, 1458, 1181, 1553, 2117]), text='Eat at night!', dec_out=None, dec_state=None, timestamp=[], alignments=None, frame_confidence=None, token_confidence=None, word_confidence=None, length=0, y=None, lm_state=None, lm_scores=None, ngram_lm_state=None, tokens=None, last_token=None, token_duration=None, last_frame=None)"
302,árðɔ́ t̪ɔ̀wə̀nì,shave (s.o.) / cut hair now!,‘ cut ‘ now!,"Hypothesis(score=0.0, y_sequence=tensor([1293, 2032, 1214, 1203, 2037, 2023, 2122, 2026, 2044, 1364, 2121, 1901,
        2117]), text='Pull them (away) now!', dec_out=None, dec_state=None, timestamp=[], alignments=None, frame_confidence=None, token_confidence=None, word_confidence=None, length=0, y=None, lm_state=None, lm_scores=None, ngram_lm_state=None, tokens=None, last_token=None, token_duration=None, last_frame=None)"
303,árðɔ́ írɔ̀,cut someone's hair,cut hair,"Hypothesis(score=0.0, y_sequence=tensor([1588, 2026, 1220, 1292, 1213]), text='shave hair', dec_out=None, dec_state=None, timestamp=[], alignments=None, frame_confidence=None, token_confidence=None, word_confidence=None, length=0, y=None, lm_state=None, lm_scores=None, ngram_lm_state=None, tokens=None, last_token=None, token_duration=None, last_frame=None)"
304,ɔ́lá kicə̀lò,animals are good,The flour residue is good.,"Hypothesis(score=0.0, y_sequence=tensor([1697, 2023, 2122, 2024, 2054, 1590, 2121, 1190, 1185, 1679, 1239, 1451,
        1547]), text='our (excl) father is good', dec_out=None, dec_state=None, timestamp=[], alignments=None, frame_confidence=None, token_confidence=None, word_confidence=None, length=0, y=None, lm_state=None, lm_scores=None, ngram_lm_state=None, tokens=None, last_token=None, token_duration=None, last_frame=None)"
305,àúr jìcə̀lò,the door is good,The door is good.,"Hypothesis(score=0.0, y_sequence=tensor([1203, 1421, 1179, 1239, 1181, 1703]), text='the door is nice', dec_out=None, dec_state=None, timestamp=[], alignments=None, frame_confidence=None, token_confidence=None, word_confidence=None, length=0, y=None, lm_state=None, lm_scores=None, ngram_lm_state=None, tokens=None, last_token=None, token_duration=None, last_frame=None)"
306,ŋìà ŋìcə̀lò,the beer is good,The fish are good.,"Hypothesis(score=0.0, y_sequence=tensor([1753, 1263, 1155, 1239, 1451, 1547, 2048]), text='The beer is good.', dec_out=None, dec_state=None, timestamp=[], alignments=None, frame_confidence=None, token_confidence=None, word_confidence=None, length=0, y=None, lm_state=None, lm_scores=None, ngram_lm_state=None, tokens=None, last_token=None, token_duration=None, last_frame=None)"
307,kə̀rdɔ́ díjɔ̀,he has a cow,Who did grandfather say repaired it (= CLl the ball)?,"Hypothesis(score=0.0, y_sequence=tensor([1391, 1169, 1849, 1157, 1164, 1335]), text='he made a cow', dec_out=None, dec_state=None, timestamp=[], alignments=None, frame_confidence=None, token_confidence=None, word_confidence=None, length=0, y=None, lm_state=None, lm_scores=None, ngram_lm_state=None, tokens=None, last_token=None, token_duration=None, last_frame=None)"
308,t̪ɔ́t̪ɔ́ álɛ̀,throw the stone (away),Throw the stone at home now! (towards),"Hypothesis(score=0.0, y_sequence=tensor([1856, 1209, 2044, 1203, 1450, 1811, 2117, 2023, 2122, 2026, 2044, 1364,
        2121]), text='Throw the stone! (away)', dec_out=None, dec_state=None, timestamp=[], alignments=None, frame_confidence=None, token_confidence=None, word_confidence=None, length=0, y=None, lm_state=None, lm_scores=None, ngram_lm_state=None, tokens=None, last_token=None, token_duration=None, last_frame=None)"
309,ámácíŋì ní,wait for me here!,I am friends with,"Hypothesis(score=0.0, y_sequence=tensor([1588, 1335, 1301, 1157, 1421, 2039]), text='show me a dog', dec_out=None, dec_state=None, timestamp=[], alignments=None, frame_confidence=None, token_confidence=None, word_confidence=None, length=0, y=None, lm_state=None, lm_scores=None, ngram_lm_state=None, tokens=None, last_token=None, token_duration=None, last_frame=None)"
310,ǎn kúkù káŋíŋí,It's Kuku that I saw.,It's Kuku that I saw.,"Hypothesis(score=0.0, y_sequence=tensor([1258, 2029, 2051, 2027, 1307, 1348, 1358, 2032, 2049, 2032, 1258, 1317,
        2044]), text=""It's only Kuku I saw"", dec_out=None, dec_state=None, timestamp=[], alignments=None, frame_confidence=None, token_confidence=None, word_confidence=None, length=0, y=None, lm_state=None, lm_scores=None, ngram_lm_state=None, tokens=None, last_token=None, token_duration=None, last_frame=None)"
311,ǎn ùɟí kǎr káɟà,Someone different,What does Kuku eat?,"Hypothesis(score=0.0, y_sequence=tensor([1258, 2041, 1203, 1162, 1257, 1161, 1172, 1379, 1154, 1209, 2038, 1320,
        2023, 2122, 2029, 1386, 1240, 2026, 2041, 2121, 1157, 2044, 1364]), text='If the person will drop it (the leaf) away', dec_out=None, dec_state=None, timestamp=[], alignments=None, frame_confidence=None, token_confidence=None, word_confidence=None, length=0, y=None, lm_state=None, lm_scores=None, ngram_lm_state=None, tokens=None, last_token=None, token_duration=None, last_frame=None)"
312,kǎr káɟà,Someone different,He is about to break the log,"Hypothesis(score=0.0, y_sequence=tensor([2023, 2048, 2048, 2048, 2029, 1386, 2045, 1172, 1379, 1162, 1364, 1324,
        2048]), text='...they will pay you.', dec_out=None, dec_state=None, timestamp=[], alignments=None, frame_confidence=None, token_confidence=None, word_confidence=None, length=0, y=None, lm_state=None, lm_scores=None, ngram_lm_state=None, tokens=None, last_token=None, token_duration=None, last_frame=None)"
313,uɟi kàrɔ̀,?,Who is laughing?,"Hypothesis(score=0.0, y_sequence=tensor([1293, 2024, 1918, 1172, 1379, 1648, 2030, 2045]), text='People will carry', dec_out=None, dec_state=None, timestamp=[], alignments=None, frame_confidence=None, token_confidence=None, word_confidence=None, length=0, y=None, lm_state=None, lm_scores=None, ngram_lm_state=None, tokens=None, last_token=None, token_duration=None, last_frame=None)"
314,ǎn íŋí kúkù,I am Kuku.,I am not Kuku.,"Hypothesis(score=0.0, y_sequence=tensor([1258, 1560, 1358, 2032, 2049, 2032]), text='I am Kuku', dec_out=None, dec_state=None, timestamp=[], alignments=None, frame_confidence=None, token_confidence=None, word_confidence=None, length=0, y=None, lm_state=None, lm_scores=None, ngram_lm_state=None, tokens=None, last_token=None, token_duration=None, last_frame=None)"
315,ǎn kúkú káì,That's Kuku.,What all?,"Hypothesis(score=0.0, y_sequence=tensor([1307, 1348, 1358, 2032, 2049, 2032]), text='only Kuku', dec_out=None, dec_state=None, timestamp=[], alignments=None, frame_confidence=None, token_confidence=None, word_confidence=None, length=0, y=None, lm_state=None, lm_scores=None, ngram_lm_state=None, tokens=None, last_token=None, token_duration=None, last_frame=None)"
316,ǎn kúkú kɛ̀,This is Kuku.,It's Kuku,"Hypothesis(score=0.0, y_sequence=tensor([1307, 1348, 1358, 2032, 2049, 2032]), text='only Kuku', dec_out=None, dec_state=None, timestamp=[], alignments=None, frame_confidence=None, token_confidence=None, word_confidence=None, length=0, y=None, lm_state=None, lm_scores=None, ngram_lm_state=None, tokens=None, last_token=None, token_duration=None, last_frame=None)"
317,ǎn kúkú kɔ̀n,That's Kuku (addressee and Kuku are together far from speaker).,What's Kuku?,"Hypothesis(score=0.0, y_sequence=tensor([1307, 1348, 1358, 2032, 2049, 2032]), text='only Kuku', dec_out=None, dec_state=None, timestamp=[], alignments=None, frame_confidence=None, token_confidence=None, word_confidence=None, length=0, y=None, lm_state=None, lm_scores=None, ngram_lm_state=None, tokens=None, last_token=None, token_duration=None, last_frame=None)"
318,kúkú kɔ̀n,That's Kuku (addressee and Kuku are together far from speaker).,Kuku is good,"Hypothesis(score=0.0, y_sequence=tensor([1358, 2032, 2049, 2032, 1239, 1191, 1225]), text='Kuku is big', dec_out=None, dec_state=None, timestamp=[], alignments=None, frame_confidence=None, token_confidence=None, word_confidence=None, length=0, y=None, lm_state=None, lm_scores=None, ngram_lm_state=None, tokens=None, last_token=None, token_duration=None, last_frame=None)"
319,ǎn ɔ́ɟɔ́ kɛ̂,Who is this?,Who is afraid?,"Hypothesis(score=0.0, y_sequence=tensor([1887, 1366, 1198, 1346, 1153, 2086]), text='who was given?', dec_out=None, dec_state=None, timestamp=[], alignments=None, frame_confidence=None, token_confidence=None, word_confidence=None, length=0, y=None, lm_state=None, lm_scores=None, ngram_lm_state=None, tokens=None, last_token=None, token_duration=None, last_frame=None)"
320,ǎn kúkù kâi dɛ̀,That is not Kuku.,Kuku is not there,"Hypothesis(score=0.0, y_sequence=tensor([1307, 1348, 1358, 2032, 2049, 2032, 1154, 1209, 1350, 1246]), text='only Kuku dropped', dec_out=None, dec_state=None, timestamp=[], alignments=None, frame_confidence=None, token_confidence=None, word_confidence=None, length=0, y=None, lm_state=None, lm_scores=None, ngram_lm_state=None, tokens=None, last_token=None, token_duration=None, last_frame=None)"
321,lídí lîcə̀lò,The pot is good.,That pot is good,"Hypothesis(score=0.0, y_sequence=tensor([1753, 1415, 2029, 1239, 1451, 1547]), text='The pot is good', dec_out=None, dec_state=None, timestamp=[], alignments=None, frame_confidence=None, token_confidence=None, word_confidence=None, length=0, y=None, lm_state=None, lm_scores=None, ngram_lm_state=None, tokens=None, last_token=None, token_duration=None, last_frame=None)"
322,lídí lɛ̌ kiɲɔ́,The boy cracked the pot.,Where did the pot fall from?,"Hypothesis(score=0.0, y_sequence=tensor([1753, 1415, 2029, 1239, 1451, 1547, 2048]), text='The pot is good.', dec_out=None, dec_state=None, timestamp=[], alignments=None, frame_confidence=None, token_confidence=None, word_confidence=None, length=0, y=None, lm_state=None, lm_scores=None, ngram_lm_state=None, tokens=None, last_token=None, token_duration=None, last_frame=None)"
323,nɛ́ kàrɔ́ áprì,?,he said that the boy,"Hypothesis(score=0.0, y_sequence=tensor([1241, 1317, 1244, 1183, 1185, 1203, 1191, 1690, 1191, 1209, 1331, 1320]), text='and said that the boy broke it', dec_out=None, dec_state=None, timestamp=[], alignments=None, frame_confidence=None, token_confidence=None, word_confidence=None, length=0, y=None, lm_state=None, lm_scores=None, ngram_lm_state=None, tokens=None, last_token=None, token_duration=None, last_frame=None)"
324,nɛ́ kìɲɔ́ áprì,?,of the boy,"Hypothesis(score=0.0, y_sequence=tensor([1998, 1490, 1253, 2107, 1358, 2032, 2049, 2032, 1784, 1591, 2034, 1203,
        1191, 1690]), text='Parts of: Kuku feared the boy', dec_out=None, dec_state=None, timestamp=[], alignments=None, frame_confidence=None, token_confidence=None, word_confidence=None, length=0, y=None, lm_state=None, lm_scores=None, ngram_lm_state=None, tokens=None, last_token=None, token_duration=None, last_frame=None)"
325,ŋɔ̂ɽàt̪àt̪ɛ̀,(dog) runs away from (the boy in the field),Scratch the skin! (far),"Hypothesis(score=0.0, y_sequence=tensor([1243, 1168, 1157, 2044, 1364, 1475, 1197, 1324]), text='run away from you', dec_out=None, dec_state=None, timestamp=[], alignments=None, frame_confidence=None, token_confidence=None, word_confidence=None, length=0, y=None, lm_state=None, lm_scores=None, ngram_lm_state=None, tokens=None, last_token=None, token_duration=None, last_frame=None)"
326,ŋgá kɔ́t̪ìnò,she will braid her own hair,It (the leopard) is visible.,"Hypothesis(score=0.0, y_sequence=tensor([1588, 2026, 1220, 2034, 1191, 1218, 1244, 2027, 2023, 2122, 2036, 2026,
        1213, 2121, 1292, 1213]), text='shaved braids (hair) hair', dec_out=None, dec_state=None, timestamp=[], alignments=None, frame_confidence=None, token_confidence=None, word_confidence=None, length=0, y=None, lm_state=None, lm_scores=None, ngram_lm_state=None, tokens=None, last_token=None, token_duration=None, last_frame=None)"
327,lákɔ́t̪à ɔ̀nì,they will weave a basket,They will weave the basket,"Hypothesis(score=0.0, y_sequence=tensor([1753, 2045, 1172, 1379, 1295, 2026, 1220, 1157, 1709, 2049, 1229, 1901,
        2023, 2122, 2041, 1174, 1157, 2044, 1364, 2121]), text='They will weave a basket now (far away)', dec_out=None, dec_state=None, timestamp=[], alignments=None, frame_confidence=None, token_confidence=None, word_confidence=None, length=0, y=None, lm_state=None, lm_scores=None, ngram_lm_state=None, tokens=None, last_token=None, token_duration=None, last_frame=None)"
328,àvɟɛ́gɛ́ ìcə̀lò,the rug is good,This mat/rug is good.,"Hypothesis(score=0.0, y_sequence=tensor([1203, 1169, 1185, 2134, 2030, 1551, 1239, 1181, 1703]), text='the mat/rug is nice', dec_out=None, dec_state=None, timestamp=[], alignments=None, frame_confidence=None, token_confidence=None, word_confidence=None, length=0, y=None, lm_state=None, lm_scores=None, ngram_lm_state=None, tokens=None, last_token=None, token_duration=None, last_frame=None)"
329,ìrí kɛ́ðùpì kɛ́r nɔ́kɛ̌n àn ðúɽùbǔ nɛ̀ lùpìɽíl váɽàn,‘The real name for the pen is ‘zuhubu’ (name of tree) and the stick also’,the name of the lion that the boy will bite is black,"Hypothesis(score=0.0, y_sequence=tensor([1753, 1341, 1891, 1239, 1807, 1197, 1219, 1157, 1557, 1420, 2024, 2043,
        1320, 1239, 1203, 1191, 1213, 2034, 1183, 1185, 1203, 1191, 1213, 2034,
        1231, 2037, 1232, 1312, 1246, 2048]), text='The trough is becoming a knife, it is the bird that the bird remembered.', dec_out=None, dec_state=None, timestamp=[], alignments=None, frame_confidence=None, token_confidence=None, word_confidence=None, length=0, y=None, lm_state=None, lm_scores=None, ngram_lm_state=None, tokens=None, last_token=None, token_duration=None, last_frame=None)"
330,ìrí kɛ́ðùpí kɛ́r nɔ̀kɛ́n,The real name for the pen...,true name (name which is true?),"Hypothesis(score=0.0, y_sequence=tensor([1341, 1319, 1181, 1729, 1239, 1358, 1153]), text='true name is Ken', dec_out=None, dec_state=None, timestamp=[], alignments=None, frame_confidence=None, token_confidence=None, word_confidence=None, length=0, y=None, lm_state=None, lm_scores=None, ngram_lm_state=None, tokens=None, last_token=None, token_duration=None, last_frame=None)"
331,ìrí kɛ́ðùpì kɛ́r nɔ́kèn àn ðúɽùbǔ nɛ̀ lùpìɽíl váɽàn,‘The real name for the pen is ‘zuhubu’ (name of tree) and the stick also’,the trough that the farmer pushed (away) is very black,"Hypothesis(score=0.0, y_sequence=tensor([1753, 1341, 1891, 1231, 1484, 1159, 1246, 1340, 1358, 2032, 2049, 2032,
        1307, 1203, 1160, 1534, 1241, 1203, 1190, 1180, 1457, 1366, 1872, 1808,
        2048]), text='The trough remained for Kuku on the table and the field was visible.', dec_out=None, dec_state=None, timestamp=[], alignments=None, frame_confidence=None, token_confidence=None, word_confidence=None, length=0, y=None, lm_state=None, lm_scores=None, ngram_lm_state=None, tokens=None, last_token=None, token_duration=None, last_frame=None)"
332,ìrí kɛ́ðùpì kɛ́r nɔ́kèn,The real name for the pen...,true name (name which is true?),"Hypothesis(score=0.0, y_sequence=tensor([1258, 1699, 1720, 1446, 1203, 1263, 1155, 2023, 2122, 2025, 1689, 1324,
        2121, 1221, 1301]), text='I brought the beer (not you) to me', dec_out=None, dec_state=None, timestamp=[], alignments=None, frame_confidence=None, token_confidence=None, word_confidence=None, length=0, y=None, lm_state=None, lm_scores=None, ngram_lm_state=None, tokens=None, last_token=None, token_duration=None, last_frame=None)"
333,ìrí kɛ́ðùpì kɛ́r nɔ́kɛ̌n,name of-pen is true,true name (name which is true?),"Hypothesis(score=0.0, y_sequence=tensor([1753, 1341, 1891, 2043, 1203, 1263, 1185, 1219, 1253, 1358, 1153]), text='The trough, the beating of Ken', dec_out=None, dec_state=None, timestamp=[], alignments=None, frame_confidence=None, token_confidence=None, word_confidence=None, length=0, y=None, lm_state=None, lm_scores=None, ngram_lm_state=None, tokens=None, last_token=None, token_duration=None, last_frame=None)"
334,kɛ́r nɔ́kɛ̀n,true name,every child,"Hypothesis(score=0.0, y_sequence=tensor([1391, 1807, 1729, 1190, 1185]), text='he became fat', dec_out=None, dec_state=None, timestamp=[], alignments=None, frame_confidence=None, token_confidence=None, word_confidence=None, length=0, y=None, lm_state=None, lm_scores=None, ngram_lm_state=None, tokens=None, last_token=None, token_duration=None, last_frame=None)"
335,jùpì jûnd̪òt̪ǔ jìcìlàt̪ó kán kálðíɾín ŋà,‘Dry pens are good with ????,"The wild cat is very bad, it eats people.","Hypothesis(score=0.0, y_sequence=tensor([1753, 1191, 1690, 1638, 1455, 1203, 1392, 2039, 1203, 2045, 1191, 1209,
        1331, 1201, 1396]), text='The boy found the song they broke into', dec_out=None, dec_state=None, timestamp=[], alignments=None, frame_confidence=None, token_confidence=None, word_confidence=None, length=0, y=None, lm_state=None, lm_scores=None, ngram_lm_state=None, tokens=None, last_token=None, token_duration=None, last_frame=None)"
336,jùpì jûnd̪òt̪ǔ jìcìlt̪àt̪ó kán kálðíɾín ŋà,‘Dry pens are good with ????,"The hippo is good, it holds the water","Hypothesis(score=0.0, y_sequence=tensor([1753, 1263, 1185, 1219, 1253, 1203, 1164, 1185, 1239, 1383, 2045, 1191,
        1225]), text='The beating of the cat is very big', dec_out=None, dec_state=None, timestamp=[], alignments=None, frame_confidence=None, token_confidence=None, word_confidence=None, length=0, y=None, lm_state=None, lm_scores=None, ngram_lm_state=None, tokens=None, last_token=None, token_duration=None, last_frame=None)"
337,jùpì jɛ́ŋáǒ jǎjɛ́ làgbúð làgàbúð nɛ̀ lɔ̀gtár,Ink pens can be used by ?? and ??,The mushroom species that I introduced to you is hyena.,"Hypothesis(score=0.0, y_sequence=tensor([1258, 1162, 1250, 1203, 1162, 1153, 1949, 1596, 1203, 1809, 1627]), text='I put the pen inside the book', dec_out=None, dec_state=None, timestamp=[], alignments=None, frame_confidence=None, token_confidence=None, word_confidence=None, length=0, y=None, lm_state=None, lm_scores=None, ngram_lm_state=None, tokens=None, last_token=None, token_duration=None, last_frame=None)"
338,ðìɲó ðícìlò,very well,Liking is good,"Hypothesis(score=0.0, y_sequence=tensor([1753, 1158, 2025, 2026, 1331, 1239, 1451, 1547]), text='The snake is good', dec_out=None, dec_state=None, timestamp=[], alignments=None, frame_confidence=None, token_confidence=None, word_confidence=None, length=0, y=None, lm_state=None, lm_scores=None, ngram_lm_state=None, tokens=None, last_token=None, token_duration=None, last_frame=None)"
339,árlát̪ɔ́ cùcú,walk fast! (away from),Tell him to climb down (towards),"Hypothesis(score=0.0, y_sequence=tensor([1205, 1237, 1393, 1711, 1239, 1451, 1547]), text='your mother is good', dec_out=None, dec_state=None, timestamp=[], alignments=None, frame_confidence=None, token_confidence=None, word_confidence=None, length=0, y=None, lm_state=None, lm_scores=None, ngram_lm_state=None, tokens=None, last_token=None, token_duration=None, last_frame=None)"
340,árlát̪ɔ́ t̪ə̀màn,walk fast!,Tell them to be fast (far),"Hypothesis(score=0.0, y_sequence=tensor([1190, 1229, 1165, 1172, 1815]), text='fetch water', dec_out=None, dec_state=None, timestamp=[], alignments=None, frame_confidence=None, token_confidence=None, word_confidence=None, length=0, y=None, lm_state=None, lm_scores=None, ngram_lm_state=None, tokens=None, last_token=None, token_duration=None, last_frame=None)"
341,àrlàt̪á t̪ə́màn,‘walk fast!’ (towards),(Go and) be lost!,"Hypothesis(score=0.0, y_sequence=tensor([1998, 1490, 1253, 2107, 1190, 1229, 1165, 1172, 1815, 2117]), text='Parts of: fetch water!', dec_out=None, dec_state=None, timestamp=[], alignments=None, frame_confidence=None, token_confidence=None, word_confidence=None, length=0, y=None, lm_state=None, lm_scores=None, ngram_lm_state=None, tokens=None, last_token=None, token_duration=None, last_frame=None)"
342,àrlàt̪á cúcù,‘walk fast!’ (towards),Dance at night! (far away),"Hypothesis(score=0.0, y_sequence=tensor([1753, 2045, 1172, 1379, 1450, 1227, 1203, 1450, 1462, 1182]), text='They will stab the student', dec_out=None, dec_state=None, timestamp=[], alignments=None, frame_confidence=None, token_confidence=None, word_confidence=None, length=0, y=None, lm_state=None, lm_scores=None, ngram_lm_state=None, tokens=None, last_token=None, token_duration=None, last_frame=None)"
343,èdɛ̀ɽì kìcə̀lò,herbs are good,the girl is good,"Hypothesis(score=0.0, y_sequence=tensor([1697, 2023, 2122, 1465, 1192, 2121, 1189, 2035, 1195, 1239, 1451, 1547]), text='our (dual) uncle is good', dec_out=None, dec_state=None, timestamp=[], alignments=None, frame_confidence=None, token_confidence=None, word_confidence=None, length=0, y=None, lm_state=None, lm_scores=None, ngram_lm_state=None, tokens=None, last_token=None, token_duration=None, last_frame=None)"
344,áŋɔ́ŋní kúkú,help Kuku,the help of Kuku,"Hypothesis(score=0.0, y_sequence=tensor([1186, 1235, 2038, 1358, 2032, 2049, 2032]), text='help Kuku', dec_out=None, dec_state=None, timestamp=[], alignments=None, frame_confidence=None, token_confidence=None, word_confidence=None, length=0, y=None, lm_state=None, lm_scores=None, ngram_lm_state=None, tokens=None, last_token=None, token_duration=None, last_frame=None)"
345,pìnɔ́ kɔ́ɾì,swim (far),happened...,"Hypothesis(score=0.0, y_sequence=tensor([1998, 1490, 1253, 2107, 2014, 1366, 1158, 2044, 1266, 2037, 1219, 1201,
        1203, 1172, 1815]), text='Parts of: He was swimming in the water', dec_out=None, dec_state=None, timestamp=[], alignments=None, frame_confidence=None, token_confidence=None, word_confidence=None, length=0, y=None, lm_state=None, lm_scores=None, ngram_lm_state=None, tokens=None, last_token=None, token_duration=None, last_frame=None)"
346,lídí lə́ɽà lài,That big pot is good,That big pot,"Hypothesis(score=0.0, y_sequence=tensor([1856, 1185, 1415, 2029, 1157, 1193, 1203, 1301, 1185]), text='That pot ate the meat', dec_out=None, dec_state=None, timestamp=[], alignments=None, frame_confidence=None, token_confidence=None, word_confidence=None, length=0, y=None, lm_state=None, lm_scores=None, ngram_lm_state=None, tokens=None, last_token=None, token_duration=None, last_frame=None)"
347,ŋídí ŋə́l ápɛ̀ ŋìɽìcàn ŋə̀ɽá ŋái ŋinɔ,Those two big pots that I carried are heavy,Those two big pots that I carried are heavy,"Hypothesis(score=0.0, y_sequence=tensor([1258, 2041, 1324, 1451, 1241, 1162, 1250, 1203, 1191, 1505, 1307, 1203,
        1160, 1534]), text='If you go and put the ball on the table', dec_out=None, dec_state=None, timestamp=[], alignments=None, frame_confidence=None, token_confidence=None, word_confidence=None, length=0, y=None, lm_state=None, lm_scores=None, ngram_lm_state=None, tokens=None, last_token=None, token_duration=None, last_frame=None)"
348,lídí lɛ̀ kìɲɔ̀,The pot broke,#The pot is on the student,"Hypothesis(score=0.0, y_sequence=tensor([1753, 1415, 2029, 1239, 1451, 1219, 1221, 1191, 1167, 1746, 1201, 1320]), text='The pot is going to break in it', dec_out=None, dec_state=None, timestamp=[], alignments=None, frame_confidence=None, token_confidence=None, word_confidence=None, length=0, y=None, lm_state=None, lm_scores=None, ngram_lm_state=None, tokens=None, last_token=None, token_duration=None, last_frame=None)"
349,ŋgá ɔ̀ɽcàcìðìjìt̪ɔ̀ ŋɔ̀ɾà kúkùŋù nd̪ɔ̀bà,she will make the children help Kuku tomorrow,she will make the children help Kuku tomorrow,"Hypothesis(score=0.0, y_sequence=tensor([1934, 1172, 1379, 1186, 1235, 2038, 1262, 2032, 2049, 2032, 1307, 1263,
        1827, 2041, 1253, 1262, 1244, 2027, 2012, 1179, 1209, 2044]), text='she will help kuku on behalf of kids tomorrow', dec_out=None, dec_state=None, timestamp=[], alignments=None, frame_confidence=None, token_confidence=None, word_confidence=None, length=0, y=None, lm_state=None, lm_scores=None, ngram_lm_state=None, tokens=None, last_token=None, token_duration=None, last_frame=None)"
350,ɛ́cílò,I'm fine,Good evening,"Hypothesis(score=0.0, y_sequence=tensor([1239, 1181, 1703]), text='is nice', dec_out=None, dec_state=None, timestamp=[], alignments=None, frame_confidence=None, token_confidence=None, word_confidence=None, length=0, y=None, lm_state=None, lm_scores=None, ngram_lm_state=None, tokens=None, last_token=None, token_duration=None, last_frame=None)"
351,ɲàcìlò,We're fine,Milk is good,"Hypothesis(score=0.0, y_sequence=tensor([1181, 1703, 1241, 1190, 1168]), text='nice and fun', dec_out=None, dec_state=None, timestamp=[], alignments=None, frame_confidence=None, token_confidence=None, word_confidence=None, length=0, y=None, lm_state=None, lm_scores=None, ngram_lm_state=None, tokens=None, last_token=None, token_duration=None, last_frame=None)"
352,ɲàcìlò tásá,We're all fine,The coconut is good,"Hypothesis(score=0.0, y_sequence=tensor([1361, 1703, 1241, 1158, 1506, 1229]), text='Nice and sweet', dec_out=None, dec_state=None, timestamp=[], alignments=None, frame_confidence=None, token_confidence=None, word_confidence=None, length=0, y=None, lm_state=None, lm_scores=None, ngram_lm_state=None, tokens=None, last_token=None, token_duration=None, last_frame=None)"
353,ɲácìló tásà,We're all fine,They like to climb down.,"Hypothesis(score=0.0, y_sequence=tensor([1361, 2045, 1166, 1447, 1239, 1419, 1752, 2027, 1229]), text='Nyango is all upset', dec_out=None, dec_state=None, timestamp=[], alignments=None, frame_confidence=None, token_confidence=None, word_confidence=None, length=0, y=None, lm_state=None, lm_scores=None, ngram_lm_state=None, tokens=None, last_token=None, token_duration=None, last_frame=None)"
354,ɲácìló tásǎ,We're all fine,Parts of: You all are about to eat.,"Hypothesis(score=0.0, y_sequence=tensor([1361, 2045, 2054, 2031, 2023, 2122, 2029, 1335, 1525, 2027, 2121]), text='Nyxo (towards)', dec_out=None, dec_state=None, timestamp=[], alignments=None, frame_confidence=None, token_confidence=None, word_confidence=None, length=0, y=None, lm_state=None, lm_scores=None, ngram_lm_state=None, tokens=None, last_token=None, token_duration=None, last_frame=None)"
355,ŋɔ̀rà ŋìcìlò,The kids are fine,The kids are good,"Hypothesis(score=0.0, y_sequence=tensor([1753, 1318, 1228, 1790, 1153, 1480, 1451, 1547, 2048]), text='The children are good.', dec_out=None, dec_state=None, timestamp=[], alignments=None, frame_confidence=None, token_confidence=None, word_confidence=None, length=0, y=None, lm_state=None, lm_scores=None, ngram_lm_state=None, tokens=None, last_token=None, token_duration=None, last_frame=None)"
356,èmàɽðɛ́n kícìlǒ,My wife is good,The woman is good,"Hypothesis(score=0.0, y_sequence=tensor([1345, 1170, 1172, 1197, 1166, 1239, 1451, 1547, 2048]), text='His woman is good.', dec_out=None, dec_state=None, timestamp=[], alignments=None, frame_confidence=None, token_confidence=None, word_confidence=None, length=0, y=None, lm_state=None, lm_scores=None, ngram_lm_state=None, tokens=None, last_token=None, token_duration=None, last_frame=None)"
357,wáló wə̀rkɛ̌v,How is your wife?,Parts of: They will cut the rope (far),"Hypothesis(score=0.0, y_sequence=tensor([1621, 2032, 2049, 2032, 1785, 1806, 1187, 1180, 2029, 2023, 2122, 2041,
        1174, 2121]), text='Yuku kept quiet (far)', dec_out=None, dec_state=None, timestamp=[], alignments=None, frame_confidence=None, token_confidence=None, word_confidence=None, length=0, y=None, lm_state=None, lm_scores=None, ngram_lm_state=None, tokens=None, last_token=None, token_duration=None, last_frame=None)"
358,wáló kràráò,How is your wife?,How is your husband?,"Hypothesis(score=0.0, y_sequence=tensor([1308, 2036, 2045, 1154, 1244, 1203, 1191, 1690, 1172, 1275, 2086]), text='Why did the boy want?', dec_out=None, dec_state=None, timestamp=[], alignments=None, frame_confidence=None, token_confidence=None, word_confidence=None, length=0, y=None, lm_state=None, lm_scores=None, ngram_lm_state=None, tokens=None, last_token=None, token_duration=None, last_frame=None)"
359,kìcə̀lò,porcupine,he is good,"Hypothesis(score=0.0, y_sequence=tensor([1239, 1181, 1703]), text='is nice', dec_out=None, dec_state=None, timestamp=[], alignments=None, frame_confidence=None, token_confidence=None, word_confidence=None, length=0, y=None, lm_state=None, lm_scores=None, ngram_lm_state=None, tokens=None, last_token=None, token_duration=None, last_frame=None)"
360,wáló kə̀rkɛ̌v,How is your wife?,Parts of: He is spreading the mat now,"Hypothesis(score=0.0, y_sequence=tensor([1205, 1156, 1272, 2034, 1364, 2051, 2027, 2134, 1592, 1271, 1165, 1228,
        1790, 1153, 1221, 1627, 1164, 1591, 1253]), text=""yesterday's/grandchildren took care of"", dec_out=None, dec_state=None, timestamp=[], alignments=None, frame_confidence=None, token_confidence=None, word_confidence=None, length=0, y=None, lm_state=None, lm_scores=None, ngram_lm_state=None, tokens=None, last_token=None, token_duration=None, last_frame=None)"
361,ɔ̀pí ŋámɽàrě,Thank you very much,the dog is in the family,"Hypothesis(score=0.0, y_sequence=tensor([2014, 1157, 1193, 1157, 1316, 2029, 2023, 2122, 2041, 1174, 1157, 2044,
        1364, 2121, 2048]), text='He ate a lot (far away).', dec_out=None, dec_state=None, timestamp=[], alignments=None, frame_confidence=None, token_confidence=None, word_confidence=None, length=0, y=None, lm_state=None, lm_scores=None, ngram_lm_state=None, tokens=None, last_token=None, token_duration=None, last_frame=None)"
362,àpɾí jɛ̀rcɜ̀cí ðíjá ɛ́ðɛ̀,the boy tried to eat the meat,the boy is eating the meat,"Hypothesis(score=0.0, y_sequence=tensor([1753, 1191, 1690, 1160, 1327, 2039, 1446, 1301, 1638, 1547, 2048]), text='The boy taught me food.', dec_out=None, dec_state=None, timestamp=[], alignments=None, frame_confidence=None, token_confidence=None, word_confidence=None, length=0, y=None, lm_state=None, lm_scores=None, ngram_lm_state=None, tokens=None, last_token=None, token_duration=None, last_frame=None)"
363,jâmìɲíl jíl íjà,I like to eat it,I like to eat it,"Hypothesis(score=0.0, y_sequence=tensor([1258, 1521, 1331, 1221, 1175, 1185, 1320]), text='I like to eat it', dec_out=None, dec_state=None, timestamp=[], alignments=None, frame_confidence=None, token_confidence=None, word_confidence=None, length=0, y=None, lm_state=None, lm_scores=None, ngram_lm_state=None, tokens=None, last_token=None, token_duration=None, last_frame=None)"
364,ɛ̀ðɛ̀ jámìɲíl kúkù jǎŋ íjà jàmì,The meat that Kuku likes is tasty,I made Kuku eat my own meat,"Hypothesis(score=0.0, y_sequence=tensor([1712, 1475, 1282, 2034, 1358, 2032, 2049, 2032, 1258, 1521, 1331, 1221,
        1175, 1185]), text='his friend Kuku I like to eat', dec_out=None, dec_state=None, timestamp=[], alignments=None, frame_confidence=None, token_confidence=None, word_confidence=None, length=0, y=None, lm_state=None, lm_scores=None, ngram_lm_state=None, tokens=None, last_token=None, token_duration=None, last_frame=None)"
365,kúkù kìjɔ́ ɛ́ðɛ̀ jɛ́ŋgìð,Kuku ate the meat raw,Kuku ate meat raw,"Hypothesis(score=0.0, y_sequence=tensor([1358, 2032, 2049, 2032, 1157, 1193, 1301, 1185, 2043, 1258, 1317, 2044,
        1320]), text='Kuku ate meat, I saw it', dec_out=None, dec_state=None, timestamp=[], alignments=None, frame_confidence=None, token_confidence=None, word_confidence=None, length=0, y=None, lm_state=None, lm_scores=None, ngram_lm_state=None, tokens=None, last_token=None, token_duration=None, last_frame=None)"
366,ìjɔ́l kúkù jɛ́ŋgìð,Kuku ate it raw,Kuku ate it raw,"Hypothesis(score=0.0, y_sequence=tensor([1258, 1157, 1193, 1358, 2032, 2049, 2032, 2051, 2027, 1301, 1185]), text=""I ate Kuku's meat"", dec_out=None, dec_state=None, timestamp=[], alignments=None, frame_confidence=None, token_confidence=None, word_confidence=None, length=0, y=None, lm_state=None, lm_scores=None, ngram_lm_state=None, tokens=None, last_token=None, token_duration=None, last_frame=None)"
367,ábút̪ɔ́ t̪ɔ̀wə̀nì,Climb up now! (speaker on the ground),Climb up now! (away),"Hypothesis(score=0.0, y_sequence=tensor([1285, 1566, 1901, 2117, 2023, 2122, 2041, 1174, 2121]), text='Dance now! (far)', dec_out=None, dec_state=None, timestamp=[], alignments=None, frame_confidence=None, token_confidence=None, word_confidence=None, length=0, y=None, lm_state=None, lm_scores=None, ngram_lm_state=None, tokens=None, last_token=None, token_duration=None, last_frame=None)"
368,àbùt̪á t̪ɔ̀wə̀nì,Climb up now! (speaker in the tree),Dance now! (far away),"Hypothesis(score=0.0, y_sequence=tensor([1408, 1170, 1177, 1901, 2117, 2023, 2122, 2041, 1174, 2121]), text='Visit now! (far)', dec_out=None, dec_state=None, timestamp=[], alignments=None, frame_confidence=None, token_confidence=None, word_confidence=None, length=0, y=None, lm_state=None, lm_scores=None, ngram_lm_state=None, tokens=None, last_token=None, token_duration=None, last_frame=None)"
369,pínɔ́ t̪ɔ̀wə̀nì,Be beaten now!,‘Break the pot now! (far)’,"Hypothesis(score=0.0, y_sequence=tensor([1263, 1185, 1901, 2117, 2023, 2122, 2041, 1174, 2121]), text='beat now! (far)', dec_out=None, dec_state=None, timestamp=[], alignments=None, frame_confidence=None, token_confidence=None, word_confidence=None, length=0, y=None, lm_state=None, lm_scores=None, ngram_lm_state=None, tokens=None, last_token=None, token_duration=None, last_frame=None)"
370,pìnɔ́ t̪ɔ̀wə̀nì,Be beaten now! (far),‘Press something now!’,"Hypothesis(score=0.0, y_sequence=tensor([1263, 1185, 1901, 2117, 2023, 2122, 2041, 1174, 2121]), text='beat now! (far)', dec_out=None, dec_state=None, timestamp=[], alignments=None, frame_confidence=None, token_confidence=None, word_confidence=None, length=0, y=None, lm_state=None, lm_scores=None, ngram_lm_state=None, tokens=None, last_token=None, token_duration=None, last_frame=None)"
371,kə́lcí àvɟègɛ̀,Spread the mat!,Spread the mat!,"Hypothesis(score=0.0, y_sequence=tensor([1215, 2038, 1167, 1212, 1203, 1169, 1185, 2117]), text='Spread the mat!', dec_out=None, dec_state=None, timestamp=[], alignments=None, frame_confidence=None, token_confidence=None, word_confidence=None, length=0, y=None, lm_state=None, lm_scores=None, ngram_lm_state=None, tokens=None, last_token=None, token_duration=None, last_frame=None)"
372,kə̀lcá àvɟègɛ̀,Spread the mat! (far),spread the mat (far),"Hypothesis(score=0.0, y_sequence=tensor([1215, 2038, 1167, 1212, 1203, 1169, 1185, 2117]), text='Spread the mat!', dec_out=None, dec_state=None, timestamp=[], alignments=None, frame_confidence=None, token_confidence=None, word_confidence=None, length=0, y=None, lm_state=None, lm_scores=None, ngram_lm_state=None, tokens=None, last_token=None, token_duration=None, last_frame=None)"
373,làkə́lcì àvɟègɛ̀,They spread the mat (and left),They spread the mat,"Hypothesis(score=0.0, y_sequence=tensor([1753, 2045, 1172, 1379, 1610, 1167, 1212, 1203, 1169, 1185]), text='They will spread the mat', dec_out=None, dec_state=None, timestamp=[], alignments=None, frame_confidence=None, token_confidence=None, word_confidence=None, length=0, y=None, lm_state=None, lm_scores=None, ngram_lm_state=None, tokens=None, last_token=None, token_duration=None, last_frame=None)"
374,úɽcí t̪ɔ̀wə̀nì,Jump now! (away),Jump now!,"Hypothesis(score=0.0, y_sequence=tensor([1387, 1261, 2038, 1901, 2117, 2023, 2122, 2041, 1174, 2121]), text='Jump now! (far)', dec_out=None, dec_state=None, timestamp=[], alignments=None, frame_confidence=None, token_confidence=None, word_confidence=None, length=0, y=None, lm_state=None, lm_scores=None, ngram_lm_state=None, tokens=None, last_token=None, token_duration=None, last_frame=None)"
375,ùɽcá t̪ɔ̀wə̀nì,Jump now! (far/towards),Jump now! (away),"Hypothesis(score=0.0, y_sequence=tensor([1387, 1261, 2038, 1901, 2117, 2023, 2122, 2041, 1174, 2121]), text='Jump now! (far)', dec_out=None, dec_state=None, timestamp=[], alignments=None, frame_confidence=None, token_confidence=None, word_confidence=None, length=0, y=None, lm_state=None, lm_scores=None, ngram_lm_state=None, tokens=None, last_token=None, token_duration=None, last_frame=None)"
376,rmàn rìcə̀lò,The legs are good.,The leg is good.,"Hypothesis(score=0.0, y_sequence=tensor([1753, 1240, 2039, 2027, 1480, 1451, 1547, 2048]), text='The legs are good.', dec_out=None, dec_state=None, timestamp=[], alignments=None, frame_confidence=None, token_confidence=None, word_confidence=None, length=0, y=None, lm_state=None, lm_scores=None, ngram_lm_state=None, tokens=None, last_token=None, token_duration=None, last_frame=None)"
377,ŋúɽî ŋìcə̀lò,The axe is good.,The axe is good.,"Hypothesis(score=0.0, y_sequence=tensor([1753, 1157, 2054, 1156, 1480, 1451, 1547, 2048]), text='The axes are good.', dec_out=None, dec_state=None, timestamp=[], alignments=None, frame_confidence=None, token_confidence=None, word_confidence=None, length=0, y=None, lm_state=None, lm_scores=None, ngram_lm_state=None, tokens=None, last_token=None, token_duration=None, last_frame=None)"
378,èdɛ̀ɽì kìcə̀lò,The herb is good.,the girl is good,"Hypothesis(score=0.0, y_sequence=tensor([1697, 2023, 2122, 1465, 1192, 2121, 1189, 2035, 1195, 1239, 1451, 1547]), text='our (dual) uncle is good', dec_out=None, dec_state=None, timestamp=[], alignments=None, frame_confidence=None, token_confidence=None, word_confidence=None, length=0, y=None, lm_state=None, lm_scores=None, ngram_lm_state=None, tokens=None, last_token=None, token_duration=None, last_frame=None)"
379,lídí lìcə̀lò,The pot is good.,That pot is good,"Hypothesis(score=0.0, y_sequence=tensor([1753, 1415, 2029, 1239, 1451, 1547]), text='The pot is good', dec_out=None, dec_state=None, timestamp=[], alignments=None, frame_confidence=None, token_confidence=None, word_confidence=None, length=0, y=None, lm_state=None, lm_scores=None, ngram_lm_state=None, tokens=None, last_token=None, token_duration=None, last_frame=None)"
380,ŋídí nìcə̀lò,The pots are good.,The pots are good.,"Hypothesis(score=0.0, y_sequence=tensor([1753, 1341, 1891, 2027, 1480, 1451, 1547, 2048]), text='The troughs are good.', dec_out=None, dec_state=None, timestamp=[], alignments=None, frame_confidence=None, token_confidence=None, word_confidence=None, length=0, y=None, lm_state=None, lm_scores=None, ngram_lm_state=None, tokens=None, last_token=None, token_duration=None, last_frame=None)"
381,ʊ̀mí kìcə̀lò,The bell is good.,The knife is good.,"Hypothesis(score=0.0, y_sequence=tensor([1753, 1263, 1214, 1239, 1451, 1547, 2048]), text='The bell is good.', dec_out=None, dec_state=None, timestamp=[], alignments=None, frame_confidence=None, token_confidence=None, word_confidence=None, length=0, y=None, lm_state=None, lm_scores=None, ngram_lm_state=None, tokens=None, last_token=None, token_duration=None, last_frame=None)"
382,nʊ̀mí nìcə̀lò,The bells are good.,The stones are good.,"Hypothesis(score=0.0, y_sequence=tensor([1753, 1190, 1170, 2036, 1156, 1480, 1451, 1547, 2048]), text='The fishes are good.', dec_out=None, dec_state=None, timestamp=[], alignments=None, frame_confidence=None, token_confidence=None, word_confidence=None, length=0, y=None, lm_state=None, lm_scores=None, ngram_lm_state=None, tokens=None, last_token=None, token_duration=None, last_frame=None)"
383,gʊ̀bʊ̂l kìcə̀lò,The pumpkins are good.,The pumpkin is good.,"Hypothesis(score=0.0, y_sequence=tensor([1753, 1162, 1261, 2038, 2049, 1159, 1239, 1451, 1547, 2048]), text='The pumpkin is good.', dec_out=None, dec_state=None, timestamp=[], alignments=None, frame_confidence=None, token_confidence=None, word_confidence=None, length=0, y=None, lm_state=None, lm_scores=None, ngram_lm_state=None, tokens=None, last_token=None, token_duration=None, last_frame=None)"
384,àɽà kìcə̀lò,The goat's milk is good.,This one is good.,"Hypothesis(score=0.0, y_sequence=tensor([1697, 2023, 2122, 2024, 2054, 1590, 2121, 1191, 1209, 1711, 1239, 1451,
        1547]), text='our (excl) brother is good', dec_out=None, dec_state=None, timestamp=[], alignments=None, frame_confidence=None, token_confidence=None, word_confidence=None, length=0, y=None, lm_state=None, lm_scores=None, ngram_lm_state=None, tokens=None, last_token=None, token_duration=None, last_frame=None)"
385,àlkúrcì jìcə̀lò,The money is good.,The cloth is good.,"Hypothesis(score=0.0, y_sequence=tensor([1315, 1505, 1219, 1340, 1157, 1522, 1331, 2045, 1239, 1451, 1547]), text='Calling for a monkey is good', dec_out=None, dec_state=None, timestamp=[], alignments=None, frame_confidence=None, token_confidence=None, word_confidence=None, length=0, y=None, lm_state=None, lm_scores=None, ngram_lm_state=None, tokens=None, last_token=None, token_duration=None, last_frame=None)"
386,ájà kìcə̀lò,The mother is good.,The mother is good.,"Hypothesis(score=0.0, y_sequence=tensor([1753, 1393, 1711, 1239, 1451, 1547, 2048]), text='The mother is good.', dec_out=None, dec_state=None, timestamp=[], alignments=None, frame_confidence=None, token_confidence=None, word_confidence=None, length=0, y=None, lm_state=None, lm_scores=None, ngram_lm_state=None, tokens=None, last_token=None, token_duration=None, last_frame=None)"
387,cʊ̀mú cìcə̀lò,The scorpion is good.,The scorpion is good.,"Hypothesis(score=0.0, y_sequence=tensor([1753, 1158, 2035, 1179, 2038, 1226, 1239, 1451, 1547, 2048]), text='The scorpion is good.', dec_out=None, dec_state=None, timestamp=[], alignments=None, frame_confidence=None, token_confidence=None, word_confidence=None, length=0, y=None, lm_state=None, lm_scores=None, ngram_lm_state=None, tokens=None, last_token=None, token_duration=None, last_frame=None)"
388,dìjɔ́ rìcə̀lò,The cow is good.,The cow is good.,"Hypothesis(score=0.0, y_sequence=tensor([1753, 1164, 1335, 1239, 1451, 1547, 2048]), text='The cow is good.', dec_out=None, dec_state=None, timestamp=[], alignments=None, frame_confidence=None, token_confidence=None, word_confidence=None, length=0, y=None, lm_state=None, lm_scores=None, ngram_lm_state=None, tokens=None, last_token=None, token_duration=None, last_frame=None)"
389,ìrɔ́ jìcə̀lò,The hairs are good.,The hairs are good.,"Hypothesis(score=0.0, y_sequence=tensor([1315, 1335, 2027, 1480, 1181, 1703]), text='Cows are nice', dec_out=None, dec_state=None, timestamp=[], alignments=None, frame_confidence=None, token_confidence=None, word_confidence=None, length=0, y=None, lm_state=None, lm_scores=None, ngram_lm_state=None, tokens=None, last_token=None, token_duration=None, last_frame=None)"
390,dún kìcə̀lò,The home is good.,The house is good,"Hypothesis(score=0.0, y_sequence=tensor([1753, 1854, 2024, 1239, 1451, 1547, 2048]), text='The home is good.', dec_out=None, dec_state=None, timestamp=[], alignments=None, frame_confidence=None, token_confidence=None, word_confidence=None, length=0, y=None, lm_state=None, lm_scores=None, ngram_lm_state=None, tokens=None, last_token=None, token_duration=None, last_frame=None)"
391,ɛ̀là kìcə̀lò,The mushroom is good.,the farmer is good,"Hypothesis(score=0.0, y_sequence=tensor([1753, 1164, 1271, 1195, 2134, 2039, 1261, 1239, 1451, 1547, 2048]), text='The candle/gum is good.', dec_out=None, dec_state=None, timestamp=[], alignments=None, frame_confidence=None, token_confidence=None, word_confidence=None, length=0, y=None, lm_state=None, lm_scores=None, ngram_lm_state=None, tokens=None, last_token=None, token_duration=None, last_frame=None)"
392,ɛ́ɾɛ́ kìcə̀lò,The fence is good.,The fence is good.,"Hypothesis(score=0.0, y_sequence=tensor([1753, 1450, 1811, 1239, 1451, 1547, 2048]), text='The stone is good.', dec_out=None, dec_state=None, timestamp=[], alignments=None, frame_confidence=None, token_confidence=None, word_confidence=None, length=0, y=None, lm_state=None, lm_scores=None, ngram_lm_state=None, tokens=None, last_token=None, token_duration=None, last_frame=None)"
393,ìlí jìcə̀lò,The market is good.,The market is good,"Hypothesis(score=0.0, y_sequence=tensor([1753, 1571, 2049, 1229, 1239, 1451, 1547]), text='The market is good', dec_out=None, dec_state=None, timestamp=[], alignments=None, frame_confidence=None, token_confidence=None, word_confidence=None, length=0, y=None, lm_state=None, lm_scores=None, ngram_lm_state=None, tokens=None, last_token=None, token_duration=None, last_frame=None)"
394,èmàð kìcə̀lò,The friend is good.,This friendship is good.,"Hypothesis(score=0.0, y_sequence=tensor([1753, 1417, 1155, 1239, 1451, 1547, 2048]), text='The peer is good.', dec_out=None, dec_state=None, timestamp=[], alignments=None, frame_confidence=None, token_confidence=None, word_confidence=None, length=0, y=None, lm_state=None, lm_scores=None, ngram_lm_state=None, tokens=None, last_token=None, token_duration=None, last_frame=None)"
395,ìndò ìcə̀lò,The drum is good.,The drum is good,"Hypothesis(score=0.0, y_sequence=tensor([1753, 1154, 2030, 1261, 1239, 1181, 1703]), text='The drum is nice', dec_out=None, dec_state=None, timestamp=[], alignments=None, frame_confidence=None, token_confidence=None, word_confidence=None, length=0, y=None, lm_state=None, lm_scores=None, ngram_lm_state=None, tokens=None, last_token=None, token_duration=None, last_frame=None)"
396,íɾí kìcə̀lò,The trough is good.,I am good,"Hypothesis(score=0.0, y_sequence=tensor([1753, 1341, 1891, 1239, 1451, 1547, 2048]), text='The trough is good.', dec_out=None, dec_state=None, timestamp=[], alignments=None, frame_confidence=None, token_confidence=None, word_confidence=None, length=0, y=None, lm_state=None, lm_scores=None, ngram_lm_state=None, tokens=None, last_token=None, token_duration=None, last_frame=None)"
397,ìɾí kìcə̀lò,The name is good.,This trough is good.,"Hypothesis(score=0.0, y_sequence=tensor([1753, 1341, 1891, 1239, 1451, 1547, 2048]), text='The trough is good.', dec_out=None, dec_state=None, timestamp=[], alignments=None, frame_confidence=None, token_confidence=None, word_confidence=None, length=0, y=None, lm_state=None, lm_scores=None, ngram_lm_state=None, tokens=None, last_token=None, token_duration=None, last_frame=None)"
398,ǹdrí nìcə̀lò,The names are good.,The knives are good.,"Hypothesis(score=0.0, y_sequence=tensor([1753, 1191, 1335, 2033, 2027, 1480, 1181, 1703]), text='The bowls are nice', dec_out=None, dec_state=None, timestamp=[], alignments=None, frame_confidence=None, token_confidence=None, word_confidence=None, length=0, y=None, lm_state=None, lm_scores=None, ngram_lm_state=None, tokens=None, last_token=None, token_duration=None, last_frame=None)"
399,ìjɔ̀ ìcə̀lò,The shepherd is good.,The beer is good,"Hypothesis(score=0.0, y_sequence=tensor([1753, 1934, 2038, 1679, 2034, 1239, 1181, 1703]), text='The shepherd is nice', dec_out=None, dec_state=None, timestamp=[], alignments=None, frame_confidence=None, token_confidence=None, word_confidence=None, length=0, y=None, lm_state=None, lm_scores=None, ngram_lm_state=None, tokens=None, last_token=None, token_duration=None, last_frame=None)"
400,kámàɽà kìcə̀lò,The friend (casual) is good.,The friend is good.,"Hypothesis(score=0.0, y_sequence=tensor([1753, 1475, 1282, 2034, 2027, 2023, 2122, 2035, 1178, 1990, 2121, 1480,
        1451, 1547]), text='The friends (casual) are good', dec_out=None, dec_state=None, timestamp=[], alignments=None, frame_confidence=None, token_confidence=None, word_confidence=None, length=0, y=None, lm_state=None, lm_scores=None, ngram_lm_state=None, tokens=None, last_token=None, token_duration=None, last_frame=None)"
401,kárò kìcə̀lò,The cart is good.,Car is good,"Hypothesis(score=0.0, y_sequence=tensor([1358, 1174, 2032, 1239, 1451, 1547]), text='Karu is good', dec_out=None, dec_state=None, timestamp=[], alignments=None, frame_confidence=None, token_confidence=None, word_confidence=None, length=0, y=None, lm_state=None, lm_scores=None, ngram_lm_state=None, tokens=None, last_token=None, token_duration=None, last_frame=None)"
402,ŋàɽà ŋìcə̀lò,The candles/gums are good,the candles are good,"Hypothesis(score=0.0, y_sequence=tensor([1753, 1164, 1271, 1641, 1480, 1181, 1703]), text='The candles are nice', dec_out=None, dec_state=None, timestamp=[], alignments=None, frame_confidence=None, token_confidence=None, word_confidence=None, length=0, y=None, lm_state=None, lm_scores=None, ngram_lm_state=None, tokens=None, last_token=None, token_duration=None, last_frame=None)"
403,lán lìcə̀lò,The (drop of) milk is good.,The candle is good.,"Hypothesis(score=0.0, y_sequence=tensor([1856, 1170, 1624, 1239, 1451, 1547, 2048]), text='This one is good.', dec_out=None, dec_state=None, timestamp=[], alignments=None, frame_confidence=None, token_confidence=None, word_confidence=None, length=0, y=None, lm_state=None, lm_scores=None, ngram_lm_state=None, tokens=None, last_token=None, token_duration=None, last_frame=None)"
404,ŋán ŋìcə̀lò,The milk is good.,charcoals are good,"Hypothesis(score=0.0, y_sequence=tensor([1203, 1169, 1202, 2036, 1209, 1197, 2027, 1480, 1181, 1703]), text='the mushrooms are nice', dec_out=None, dec_state=None, timestamp=[], alignments=None, frame_confidence=None, token_confidence=None, word_confidence=None, length=0, y=None, lm_state=None, lm_scores=None, ngram_lm_state=None, tokens=None, last_token=None, token_duration=None, last_frame=None)"
405,lə́vcí kìcə̀lò,The cover is good.,Stealing is good.,"Hypothesis(score=0.0, y_sequence=tensor([1610, 1167, 1212, 1219, 1203, 1169, 1185, 1239, 1451, 1547]), text='spreading the mat is good', dec_out=None, dec_state=None, timestamp=[], alignments=None, frame_confidence=None, token_confidence=None, word_confidence=None, length=0, y=None, lm_state=None, lm_scores=None, ngram_lm_state=None, tokens=None, last_token=None, token_duration=None, last_frame=None)"
406,lípíjó lìcə̀lò,The mushroom sp. is good.,The mushroom sp. are good,"Hypothesis(score=0.0, y_sequence=tensor([1279, 2028, 1350, 2028, 1239, 1451, 1547]), text='Lippi is good', dec_out=None, dec_state=None, timestamp=[], alignments=None, frame_confidence=None, token_confidence=None, word_confidence=None, length=0, y=None, lm_state=None, lm_scores=None, ngram_lm_state=None, tokens=None, last_token=None, token_duration=None, last_frame=None)"
407,lə̀t̪ɾì lìcə̀lò,The skirt is good.,This Tira person is good.,"Hypothesis(score=0.0, y_sequence=tensor([1753, 1158, 2049, 1213, 2029, 1239, 1451, 1547, 2048]), text='The skirt is good.', dec_out=None, dec_state=None, timestamp=[], alignments=None, frame_confidence=None, token_confidence=None, word_confidence=None, length=0, y=None, lm_state=None, lm_scores=None, ngram_lm_state=None, tokens=None, last_token=None, token_duration=None, last_frame=None)"
408,lʊ̀tú lìcə̀lò,The fist/small house (hut) is good.,The fist is good,"Hypothesis(score=0.0, y_sequence=tensor([1753, 1190, 1463, 1239, 1451, 1547]), text='The fist is good', dec_out=None, dec_state=None, timestamp=[], alignments=None, frame_confidence=None, token_confidence=None, word_confidence=None, length=0, y=None, lm_state=None, lm_scores=None, ngram_lm_state=None, tokens=None, last_token=None, token_duration=None, last_frame=None)"
409,ɔ̀ɽàt̪à jə̀cə̀lò,The light is good.,The candles are good.,"Hypothesis(score=0.0, y_sequence=tensor([1315, 2033, 1266, 2040, 1154, 2013, 1239, 1451, 1547]), text='Climb down is good', dec_out=None, dec_state=None, timestamp=[], alignments=None, frame_confidence=None, token_confidence=None, word_confidence=None, length=0, y=None, lm_state=None, lm_scores=None, ngram_lm_state=None, tokens=None, last_token=None, token_duration=None, last_frame=None)"
410,ɔ̀ɾì kìcə̀lò,The water is good.,The trough is good.,"Hypothesis(score=0.0, y_sequence=tensor([1753, 1191, 1227, 2045, 1239, 1451, 1547, 2048]), text='The baby is good.', dec_out=None, dec_state=None, timestamp=[], alignments=None, frame_confidence=None, token_confidence=None, word_confidence=None, length=0, y=None, lm_state=None, lm_scores=None, ngram_lm_state=None, tokens=None, last_token=None, token_duration=None, last_frame=None)"
411,ɔ̌j kìcə̀lò,The bee/honey is good.,my mother is good,"Hypothesis(score=0.0, y_sequence=tensor([1646, 1364, 1239, 1181, 1703]), text='today is nice', dec_out=None, dec_state=None, timestamp=[], alignments=None, frame_confidence=None, token_confidence=None, word_confidence=None, length=0, y=None, lm_state=None, lm_scores=None, ngram_lm_state=None, tokens=None, last_token=None, token_duration=None, last_frame=None)"
412,lǎj lìcə̀lò,The bees/honeys are good.,mother is good,"Hypothesis(score=0.0, y_sequence=tensor([1157, 2045, 1239, 1181, 1703]), text='ay is nice', dec_out=None, dec_state=None, timestamp=[], alignments=None, frame_confidence=None, token_confidence=None, word_confidence=None, length=0, y=None, lm_state=None, lm_scores=None, ngram_lm_state=None, tokens=None, last_token=None, token_duration=None, last_frame=None)"
413,ʊ̀mì kìcə̀lò,The fish is good.,The fist is good,"Hypothesis(score=0.0, y_sequence=tensor([1753, 1190, 1170, 2036, 1239, 1451, 1547, 2048]), text='The fish is good.', dec_out=None, dec_state=None, timestamp=[], alignments=None, frame_confidence=None, token_confidence=None, word_confidence=None, length=0, y=None, lm_state=None, lm_scores=None, ngram_lm_state=None, tokens=None, last_token=None, token_duration=None, last_frame=None)"
414,nʊ̀mì nìcə̀lò,The fish are good.,The stones are good.,"Hypothesis(score=0.0, y_sequence=tensor([1753, 1362, 1590, 1162, 1234, 2029, 2006, 1480, 1451, 1547, 2048]), text='The excl pictures are good.', dec_out=None, dec_state=None, timestamp=[], alignments=None, frame_confidence=None, token_confidence=None, word_confidence=None, length=0, y=None, lm_state=None, lm_scores=None, ngram_lm_state=None, tokens=None, last_token=None, token_duration=None, last_frame=None)"
415,ònì kìcə̀lò,The basket (made of palm leaves & sticks) is good.,This one is good.,"Hypothesis(score=0.0, y_sequence=tensor([1753, 1709, 2049, 1229, 1239, 1451, 1547, 2048]), text='The basket is good.', dec_out=None, dec_state=None, timestamp=[], alignments=None, frame_confidence=None, token_confidence=None, word_confidence=None, length=0, y=None, lm_state=None, lm_scores=None, ngram_lm_state=None, tokens=None, last_token=None, token_duration=None, last_frame=None)"
416,rɽò rìcə̀lò,The goat is good.,The goats are good.,"Hypothesis(score=0.0, y_sequence=tensor([1753, 1451, 1185, 1239, 1451, 1547, 2048]), text='The goat is good.', dec_out=None, dec_state=None, timestamp=[], alignments=None, frame_confidence=None, token_confidence=None, word_confidence=None, length=0, y=None, lm_state=None, lm_scores=None, ngram_lm_state=None, tokens=None, last_token=None, token_duration=None, last_frame=None)"
417,èɽò jə̀cə̀lò,The goats are good.,The goats are good.,"Hypothesis(score=0.0, y_sequence=tensor([1753, 1221, 2038, 1239, 1451, 1547, 2048]), text='The top is good.', dec_out=None, dec_state=None, timestamp=[], alignments=None, frame_confidence=None, token_confidence=None, word_confidence=None, length=0, y=None, lm_state=None, lm_scores=None, ngram_lm_state=None, tokens=None, last_token=None, token_duration=None, last_frame=None)"
418,ìŋɔ̀ jìcə̀lò,The snakes are good.,The raindrops are good.,"Hypothesis(score=0.0, y_sequence=tensor([1753, 1158, 2025, 2026, 1331, 1239, 1451, 1547]), text='The snake is good', dec_out=None, dec_state=None, timestamp=[], alignments=None, frame_confidence=None, token_confidence=None, word_confidence=None, length=0, y=None, lm_state=None, lm_scores=None, ngram_lm_state=None, tokens=None, last_token=None, token_duration=None, last_frame=None)"
419,tá lìcə̀lò,The head is good.,This palm tree is good.,"Hypothesis(score=0.0, y_sequence=tensor([1998, 1490, 1253, 2107, 1753, 1450, 1179, 2045, 1239, 1451, 1547, 2048]), text='Parts of: The story is good.', dec_out=None, dec_state=None, timestamp=[], alignments=None, frame_confidence=None, token_confidence=None, word_confidence=None, length=0, y=None, lm_state=None, lm_scores=None, ngram_lm_state=None, tokens=None, last_token=None, token_duration=None, last_frame=None)"
420,ŋtá ŋìcə̀lò,The heads are good.,The power is good.,"Hypothesis(score=0.0, y_sequence=tensor([1358, 2032, 2049, 2032, 1239, 1181, 1703]), text='Kuku is nice', dec_out=None, dec_state=None, timestamp=[], alignments=None, frame_confidence=None, token_confidence=None, word_confidence=None, length=0, y=None, lm_state=None, lm_scores=None, ngram_lm_state=None, tokens=None, last_token=None, token_duration=None, last_frame=None)"
421,ùɽɔ́ kìcə̀lò,The guinea fowl is good.,The spider is good.,"Hypothesis(score=0.0, y_sequence=tensor([1753, 1191, 1213, 2034, 1239, 1451, 1547, 2048]), text='The bird is good.', dec_out=None, dec_state=None, timestamp=[], alignments=None, frame_confidence=None, token_confidence=None, word_confidence=None, length=0, y=None, lm_state=None, lm_scores=None, ngram_lm_state=None, tokens=None, last_token=None, token_duration=None, last_frame=None)"
422,ltɔ́ lìcə̀lò,The guinea fowls are good.,The rain is good,"Hypothesis(score=0.0, y_sequence=tensor([1753, 1294, 1213, 2026, 1417, 1918, 1480, 1451, 1547, 2048]), text='The Tira people are good.', dec_out=None, dec_state=None, timestamp=[], alignments=None, frame_confidence=None, token_confidence=None, word_confidence=None, length=0, y=None, lm_state=None, lm_scores=None, ngram_lm_state=None, tokens=None, last_token=None, token_duration=None, last_frame=None)"
423,ùɽùwɔ̀ kìcə̀lò,The bird/spirit is good.,The bird/spirit is good.,"Hypothesis(score=0.0, y_sequence=tensor([1191, 1213, 2034, 2092, 2027, 1391, 1791, 1239, 1451, 1547]), text='bird’s heart is good', dec_out=None, dec_state=None, timestamp=[], alignments=None, frame_confidence=None, token_confidence=None, word_confidence=None, length=0, y=None, lm_state=None, lm_scores=None, ngram_lm_state=None, tokens=None, last_token=None, token_duration=None, last_frame=None)"
424,ùlɔ́ kìcə̀lò,The flour is good.,The top is good.,"Hypothesis(score=0.0, y_sequence=tensor([1190, 2033, 1237, 1239, 1451, 1547]), text='flour is good', dec_out=None, dec_state=None, timestamp=[], alignments=None, frame_confidence=None, token_confidence=None, word_confidence=None, length=0, y=None, lm_state=None, lm_scores=None, ngram_lm_state=None, tokens=None, last_token=None, token_duration=None, last_frame=None)"
425,ònì kicə̀lò,The basket is good.,This one is good.,"Hypothesis(score=0.0, y_sequence=tensor([1753, 1709, 2049, 1229, 1239, 1451, 1547, 2048]), text='The basket is good.', dec_out=None, dec_state=None, timestamp=[], alignments=None, frame_confidence=None, token_confidence=None, word_confidence=None, length=0, y=None, lm_state=None, lm_scores=None, ngram_lm_state=None, tokens=None, last_token=None, token_duration=None, last_frame=None)"
426,wɛ́n kìcə̀lò,his wife is good,his wife is good,"Hypothesis(score=0.0, y_sequence=tensor([1308, 1476, 1320, 1238, 1156, 1221, 1211, 1266, 1192, 2027]), text='When it comes to animals', dec_out=None, dec_state=None, timestamp=[], alignments=None, frame_confidence=None, token_confidence=None, word_confidence=None, length=0, y=None, lm_state=None, lm_scores=None, ngram_lm_state=None, tokens=None, last_token=None, token_duration=None, last_frame=None)"
427,ɔ́lá kìcə̀lò,The flour residues are good.,The family is good.,"Hypothesis(score=0.0, y_sequence=tensor([1753, 1190, 2033, 1237, 1511, 1244, 1319, 1239, 1451, 1547, 2048]), text='The flour residue is good.', dec_out=None, dec_state=None, timestamp=[], alignments=None, frame_confidence=None, token_confidence=None, word_confidence=None, length=0, y=None, lm_state=None, lm_scores=None, ngram_lm_state=None, tokens=None, last_token=None, token_duration=None, last_frame=None)"
428,ámál kìcə̀lò,The boy is good.,the boy is good,"Hypothesis(score=0.0, y_sequence=tensor([1753, 1191, 1690, 1239, 1451, 1547, 2048]), text='The boy is good.', dec_out=None, dec_state=None, timestamp=[], alignments=None, frame_confidence=None, token_confidence=None, word_confidence=None, length=0, y=None, lm_state=None, lm_scores=None, ngram_lm_state=None, tokens=None, last_token=None, token_duration=None, last_frame=None)"
429,lɛ̀mbré lìcə̀lò,The bedsheet is good.,the chin is good,"Hypothesis(score=0.0, y_sequence=tensor([1753, 1191, 1911, 1550, 1239, 1451, 1547, 2048]), text='The breeze is good.', dec_out=None, dec_state=None, timestamp=[], alignments=None, frame_confidence=None, token_confidence=None, word_confidence=None, length=0, y=None, lm_state=None, lm_scores=None, ngram_lm_state=None, tokens=None, last_token=None, token_duration=None, last_frame=None)"
430,ɔ̀mnɛ́ kìcə̀lò,"This enemy is good.
",The enemy is good.,"Hypothesis(score=0.0, y_sequence=tensor([1753, 1210, 1232, 2045, 1239, 1451, 1547, 2048]), text='The enemy is good.', dec_out=None, dec_state=None, timestamp=[], alignments=None, frame_confidence=None, token_confidence=None, word_confidence=None, length=0, y=None, lm_state=None, lm_scores=None, ngram_lm_state=None, tokens=None, last_token=None, token_duration=None, last_frame=None)"
431,tòsò lìcə̀lò,This palm tree is good.,The coconut is good.,"Hypothesis(score=0.0, y_sequence=tensor([1294, 2031, 1699, 1219, 1203, 2037, 1239, 1451, 1547]), text='To bring them is good', dec_out=None, dec_state=None, timestamp=[], alignments=None, frame_confidence=None, token_confidence=None, word_confidence=None, length=0, y=None, lm_state=None, lm_scores=None, ngram_lm_state=None, tokens=None, last_token=None, token_duration=None, last_frame=None)"
432,àjén ìcə̀lò,"This hill is good.
",The hill is good.,"Hypothesis(score=0.0, y_sequence=tensor([1753, 1186, 1379, 1239, 1181, 1703]), text='The hill is nice', dec_out=None, dec_state=None, timestamp=[], alignments=None, frame_confidence=None, token_confidence=None, word_confidence=None, length=0, y=None, lm_state=None, lm_scores=None, ngram_lm_state=None, tokens=None, last_token=None, token_duration=None, last_frame=None)"
433,àjín ìcə̀lò,"This Earth is good.
",The bowl is good.,"Hypothesis(score=0.0, y_sequence=tensor([1753, 1186, 1379, 1239, 1181, 1703]), text='The hill is nice', dec_out=None, dec_state=None, timestamp=[], alignments=None, frame_confidence=None, token_confidence=None, word_confidence=None, length=0, y=None, lm_state=None, lm_scores=None, ngram_lm_state=None, tokens=None, last_token=None, token_duration=None, last_frame=None)"
434,ɜ́ɾú kìcə̀lò,"This water skin is good.
",This support pole for roof is good.,"Hypothesis(score=0.0, y_sequence=tensor([1753, 1292, 1213, 1239, 1451, 1547, 2048]), text='The hair is good.', dec_out=None, dec_state=None, timestamp=[], alignments=None, frame_confidence=None, token_confidence=None, word_confidence=None, length=0, y=None, lm_state=None, lm_scores=None, ngram_lm_state=None, tokens=None, last_token=None, token_duration=None, last_frame=None)"
435,ŋɛ́ɲ ŋìcə̀lò,"The eggs are good.
",The eggs are good.,"Hypothesis(score=0.0, y_sequence=tensor([1203, 1421, 2039, 1239, 1181, 1703]), text='the dog is nice', dec_out=None, dec_state=None, timestamp=[], alignments=None, frame_confidence=None, token_confidence=None, word_confidence=None, length=0, y=None, lm_state=None, lm_scores=None, ngram_lm_state=None, tokens=None, last_token=None, token_duration=None, last_frame=None)"
436,nàì nìcə̀lò,"This sweet potato is good.
",The baskets are good.,"Hypothesis(score=0.0, y_sequence=tensor([1753, 1175, 2039, 2039, 2027, 1480, 1181, 1703]), text='The eggs are nice', dec_out=None, dec_state=None, timestamp=[], alignments=None, frame_confidence=None, token_confidence=None, word_confidence=None, length=0, y=None, lm_state=None, lm_scores=None, ngram_lm_state=None, tokens=None, last_token=None, token_duration=None, last_frame=None)"
437,ŋɛ́n nìcə̀lò,"This dog is good.
",the dogs are good,"Hypothesis(score=0.0, y_sequence=tensor([1203, 1421, 2039, 1239, 1181, 1703]), text='the dog is nice', dec_out=None, dec_state=None, timestamp=[], alignments=None, frame_confidence=None, token_confidence=None, word_confidence=None, length=0, y=None, lm_state=None, lm_scores=None, ngram_lm_state=None, tokens=None, last_token=None, token_duration=None, last_frame=None)"
438,ɲɛ́n ɲìcə̀lò,"The dogs are good.
",the dogs are good,"Hypothesis(score=0.0, y_sequence=tensor([1203, 1421, 2039, 2027, 1480, 1181, 1703]), text='the dogs are nice', dec_out=None, dec_state=None, timestamp=[], alignments=None, frame_confidence=None, token_confidence=None, word_confidence=None, length=0, y=None, lm_state=None, lm_scores=None, ngram_lm_state=None, tokens=None, last_token=None, token_duration=None, last_frame=None)"
439,ŋ̀rím ŋìcə̀lò,"This darkness is good.
",The rams are good.,"Hypothesis(score=0.0, y_sequence=tensor([1753, 1421, 2039, 1239, 1181, 1703]), text='The dog is nice', dec_out=None, dec_state=None, timestamp=[], alignments=None, frame_confidence=None, token_confidence=None, word_confidence=None, length=0, y=None, lm_state=None, lm_scores=None, ngram_lm_state=None, tokens=None, last_token=None, token_duration=None, last_frame=None)"
440,órá kìcə̀lò,"This child is good.
",the child is good,"Hypothesis(score=0.0, y_sequence=tensor([1203, 1175, 1174, 1239, 1451, 1547]), text='the ear is good', dec_out=None, dec_state=None, timestamp=[], alignments=None, frame_confidence=None, token_confidence=None, word_confidence=None, length=0, y=None, lm_state=None, lm_scores=None, ngram_lm_state=None, tokens=None, last_token=None, token_duration=None, last_frame=None)"
441,ùɽɟɛ̀n kìcə̀lò,"This calabash is good.
",The gourd is good.,"Hypothesis(score=0.0, y_sequence=tensor([1753, 1951, 1227, 1178, 2036, 1239, 1451, 1547, 2048]), text='The calabash is good.', dec_out=None, dec_state=None, timestamp=[], alignments=None, frame_confidence=None, token_confidence=None, word_confidence=None, length=0, y=None, lm_state=None, lm_scores=None, ngram_lm_state=None, tokens=None, last_token=None, token_duration=None, last_frame=None)"
442,ùjɛ̀l kìcə̀lò,"This photo is good.
",The ostrich is good,"Hypothesis(score=0.0, y_sequence=tensor([1203, 1162, 1257, 1161, 1239, 1451, 1547]), text='the person is good', dec_out=None, dec_state=None, timestamp=[], alignments=None, frame_confidence=None, token_confidence=None, word_confidence=None, length=0, y=None, lm_state=None, lm_scores=None, ngram_lm_state=None, tokens=None, last_token=None, token_duration=None, last_frame=None)"
443,jɔ̀ɽár jìcə̀lò,The tigers are good.,The tiger is good.,"Hypothesis(score=0.0, y_sequence=tensor([1315, 1386, 1257, 1205, 1156, 1272, 2034, 1364, 1480, 1451, 1547]), text='Cheers yesterday are good', dec_out=None, dec_state=None, timestamp=[], alignments=None, frame_confidence=None, token_confidence=None, word_confidence=None, length=0, y=None, lm_state=None, lm_scores=None, ngram_lm_state=None, tokens=None, last_token=None, token_duration=None, last_frame=None)"
444,óɾó kìcə̀lò,"The support poles for roof are good.
",child is good,"Hypothesis(score=0.0, y_sequence=tensor([1315, 1252, 1179, 1239, 1451, 1547]), text='Color is good', dec_out=None, dec_state=None, timestamp=[], alignments=None, frame_confidence=None, token_confidence=None, word_confidence=None, length=0, y=None, lm_state=None, lm_scores=None, ngram_lm_state=None, tokens=None, last_token=None, token_duration=None, last_frame=None)"
445,wɛ́ ɛ́lɔ́ kàrt̪íŋǐ,Then God said to me,Then God said:,"Hypothesis(score=0.0, y_sequence=tensor([1294, 1476, 1328, 1547, 1317, 1244, 1221, 1301]), text='Then God said to me', dec_out=None, dec_state=None, timestamp=[], alignments=None, frame_confidence=None, token_confidence=None, word_confidence=None, length=0, y=None, lm_state=None, lm_scores=None, ngram_lm_state=None, tokens=None, last_token=None, token_duration=None, last_frame=None)"
446,kàɾó ŋ̀gɛ́lǎ ŋgíɲágɛ́ ɔ̀bðà nd̪ɔ̀bàgɛ́ kə̀rdɔ́ nə́rt̪á ŋáŋàl líŋcà,"he said you will go and meet him, he has some words to tell you",he said that the goats will bite each other tomorrow,"Hypothesis(score=0.0, y_sequence=tensor([2014, 1172, 1379, 1297, 1331, 1324, 1301, 1229, 1172, 1437, 1203, 1169,
        1609, 1451, 1185, 2012, 1179, 1209, 2044, 2048]), text='He will make you meet with the male goat tomorrow.', dec_out=None, dec_state=None, timestamp=[], alignments=None, frame_confidence=None, token_confidence=None, word_confidence=None, length=0, y=None, lm_state=None, lm_scores=None, ngram_lm_state=None, tokens=None, last_token=None, token_duration=None, last_frame=None)"
447,kálú èrt̪á èrt̪á,in a place like this ,they will say something (far),"Hypothesis(score=0.0, y_sequence=tensor([2014, 1239, 1430, 1367, 1221, 1540, 1214, 1324, 1536, 1229, 2036, 1219]), text='He is about to tell you something', dec_out=None, dec_state=None, timestamp=[], alignments=None, frame_confidence=None, token_confidence=None, word_confidence=None, length=0, y=None, lm_state=None, lm_scores=None, ngram_lm_state=None, tokens=None, last_token=None, token_duration=None, last_frame=None)"
448,kə̀rdɔ́ ŋə́rtá ŋáŋàl lìŋcáló ŋɔ́ɲà r̀pí,"he has words to tell you, a lot",he has some words to tell you,"Hypothesis(score=0.0, y_sequence=tensor([1391, 1639, 1536, 2024, 1811, 1221, 1540, 1214, 1203, 2037, 1221, 1158,
        1390, 1746, 1221]), text='he has someone to tell them to speak to', dec_out=None, dec_state=None, timestamp=[], alignments=None, frame_confidence=None, token_confidence=None, word_confidence=None, length=0, y=None, lm_state=None, lm_scores=None, ngram_lm_state=None, tokens=None, last_token=None, token_duration=None, last_frame=None)"
449,cíló t̪ɔ́wə̀nì,be good now,Target now!,"Hypothesis(score=0.0, y_sequence=tensor([1288, 1167, 1746, 1203, 1316, 2039, 1901, 2117]), text='Break the log now!', dec_out=None, dec_state=None, timestamp=[], alignments=None, frame_confidence=None, token_confidence=None, word_confidence=None, length=0, y=None, lm_state=None, lm_scores=None, ngram_lm_state=None, tokens=None, last_token=None, token_duration=None, last_frame=None)"
450,cìlá t̪ɔ́wə̀nì,be good now(far away),Climb now! (towards),"Hypothesis(score=0.0, y_sequence=tensor([1254, 1369, 2045, 2034, 1364, 1169, 1179, 2025, 1219]), text='Everyday morning', dec_out=None, dec_state=None, timestamp=[], alignments=None, frame_confidence=None, token_confidence=None, word_confidence=None, length=0, y=None, lm_state=None, lm_scores=None, ngram_lm_state=None, tokens=None, last_token=None, token_duration=None, last_frame=None)"
451,lìcə̀ló,they are good,good/weak,"Hypothesis(score=0.0, y_sequence=tensor([1239, 1181, 1703]), text='is nice', dec_out=None, dec_state=None, timestamp=[], alignments=None, frame_confidence=None, token_confidence=None, word_confidence=None, length=0, y=None, lm_state=None, lm_scores=None, ngram_lm_state=None, tokens=None, last_token=None, token_duration=None, last_frame=None)"
452,cùbó cìcə̀lò,The nut is good,Cough is good,"Hypothesis(score=0.0, y_sequence=tensor([1753, 1191, 1213, 2034, 1239, 1451, 1547, 2048]), text='The bird is good.', dec_out=None, dec_state=None, timestamp=[], alignments=None, frame_confidence=None, token_confidence=None, word_confidence=None, length=0, y=None, lm_state=None, lm_scores=None, ngram_lm_state=None, tokens=None, last_token=None, token_duration=None, last_frame=None)"
453,ŋàtá ɲùcò,taste the soup! (far),...they got fat,"Hypothesis(score=0.0, y_sequence=tensor([1294, 2026, 1331, 1158, 1727, 2117]), text='Take soup!', dec_out=None, dec_state=None, timestamp=[], alignments=None, frame_confidence=None, token_confidence=None, word_confidence=None, length=0, y=None, lm_state=None, lm_scores=None, ngram_lm_state=None, tokens=None, last_token=None, token_duration=None, last_frame=None)"
454,láŋát̪ìðìt̪ɔ̀ kukuŋu ŋucɔ,they will taste Kuku's soup,they will taste each other's soup,"Hypothesis(score=0.0, y_sequence=tensor([1203, 2045, 1172, 1379, 1160, 1178, 1193, 1358, 2032, 2049, 2032, 2051,
        2027, 1158, 1727]), text=""they will taste Kuku's soup"", dec_out=None, dec_state=None, timestamp=[], alignments=None, frame_confidence=None, token_confidence=None, word_confidence=None, length=0, y=None, lm_state=None, lm_scores=None, ngram_lm_state=None, tokens=None, last_token=None, token_duration=None, last_frame=None)"
455,kĺcí ɛɾaðɛ,spread the cloth!,Take the food from the basket,"Hypothesis(score=0.0, y_sequence=tensor([1215, 2038, 1167, 1212, 1203, 1172, 1815, 2117]), text='Spread the water!', dec_out=None, dec_state=None, timestamp=[], alignments=None, frame_confidence=None, token_confidence=None, word_confidence=None, length=0, y=None, lm_state=None, lm_scores=None, ngram_lm_state=None, tokens=None, last_token=None, token_duration=None, last_frame=None)"
456,ŋgákĺcàtà ɛɾaðɛ ɛɽɛ,(Kuku) will spread the cloth inside,He was given the bowl by the hare,"Hypothesis(score=0.0, y_sequence=tensor([1753, 2045, 1610, 1167, 1212, 1203, 1169, 1185, 2117, 2023, 2122, 2026,
        2044, 1364, 2121]), text='They spread the mat! (away)', dec_out=None, dec_state=None, timestamp=[], alignments=None, frame_confidence=None, token_confidence=None, word_confidence=None, length=0, y=None, lm_state=None, lm_scores=None, ngram_lm_state=None, tokens=None, last_token=None, token_duration=None, last_frame=None)"
457,kúkú ŋgákĺcàtà ɛɾaðɛ ɛɽɛ,Kuku will spread the cloth inside,Kuku took care of my animals yesterday,"Hypothesis(score=0.0, y_sequence=tensor([1358, 2032, 2049, 2032, 1610, 1167, 1212, 1203, 1172, 1815]), text='Kuku spread the water', dec_out=None, dec_state=None, timestamp=[], alignments=None, frame_confidence=None, token_confidence=None, word_confidence=None, length=0, y=None, lm_state=None, lm_scores=None, ngram_lm_state=None, tokens=None, last_token=None, token_duration=None, last_frame=None)"
458,ŋgákl̀càt̪ɔ́,(Kuku) will spread,He will be lost here.,"Hypothesis(score=0.0, y_sequence=tensor([1621, 1156, 2043, 1391, 1172, 1379, 1610, 1167, 1212, 1203, 1169, 1185,
        2023, 2122, 2036, 1302, 2121]), text='Yes, he will spread the mat (here)', dec_out=None, dec_state=None, timestamp=[], alignments=None, frame_confidence=None, token_confidence=None, word_confidence=None, length=0, y=None, lm_state=None, lm_scores=None, ngram_lm_state=None, tokens=None, last_token=None, token_duration=None, last_frame=None)"
459,àpɾí jáðídìjà ðúɽí kàɾí,the boy is sitting in the tree (in the branches),the boy is sitting inside the tree (inside the trunk),"Hypothesis(score=0.0, y_sequence=tensor([1203, 1191, 1690, 1239, 1158, 1907, 1219, 1949, 1596, 1203, 1160, 1911]), text='the boy is sitting inside the tree', dec_out=None, dec_state=None, timestamp=[], alignments=None, frame_confidence=None, token_confidence=None, word_confidence=None, length=0, y=None, lm_state=None, lm_scores=None, ngram_lm_state=None, tokens=None, last_token=None, token_duration=None, last_frame=None)"
460,bə̀ɽɔ́ t̪ɔ́wə̀nì,‘Hit something now (far)!’,Cough now! (far away),"Hypothesis(score=0.0, y_sequence=tensor([1387, 1261, 2038, 1901, 2117, 2023, 2122, 2041, 1174, 2121]), text='Jump now! (far)', dec_out=None, dec_state=None, timestamp=[], alignments=None, frame_confidence=None, token_confidence=None, word_confidence=None, length=0, y=None, lm_state=None, lm_scores=None, ngram_lm_state=None, tokens=None, last_token=None, token_duration=None, last_frame=None)"
461,t̪ɔ́ɽɔ́ t̪ɔ́wə̀nì,‘Write something now!’,Braid yourself now (far away).,"Hypothesis(score=0.0, y_sequence=tensor([1928, 1214, 1203, 2037, 1221, 1154, 1566, 2023, 2122, 2036, 1302, 2121,
        1901]), text='Tell them to dance (here) now', dec_out=None, dec_state=None, timestamp=[], alignments=None, frame_confidence=None, token_confidence=None, word_confidence=None, length=0, y=None, lm_state=None, lm_scores=None, ngram_lm_state=None, tokens=None, last_token=None, token_duration=None, last_frame=None)"
462,t̪ɔ̀ɽá t̪ɔ́wə̀nì,‘Write something now! (far)’,in the trees now,"Hypothesis(score=0.0, y_sequence=tensor([1756, 1227, 1901, 2117, 2023, 2122, 2041, 1174, 2121]), text='Stab now! (far)', dec_out=None, dec_state=None, timestamp=[], alignments=None, frame_confidence=None, token_confidence=None, word_confidence=None, length=0, y=None, lm_state=None, lm_scores=None, ngram_lm_state=None, tokens=None, last_token=None, token_duration=None, last_frame=None)"
463,t̪ɔ́t̪ɔ́ t̪ɔ́wə̀nì,‘Throw something now!’,Cough now! (far away),"Hypothesis(score=0.0, y_sequence=tensor([1928, 1214, 1186, 1266, 1221, 1154, 1566, 1901, 2023, 2122, 2041, 1174,
        2121]), text='Tell him to dance now (far)', dec_out=None, dec_state=None, timestamp=[], alignments=None, frame_confidence=None, token_confidence=None, word_confidence=None, length=0, y=None, lm_state=None, lm_scores=None, ngram_lm_state=None, tokens=None, last_token=None, token_duration=None, last_frame=None)"
464,t̪ɔ̀t̪á t̪ɔ́wə̀nì,‘Throw something now!’ ( could be both “towards” or far),in the trees now,"Hypothesis(score=0.0, y_sequence=tensor([1294, 1192, 2049, 1901, 2117]), text='Talk now!', dec_out=None, dec_state=None, timestamp=[], alignments=None, frame_confidence=None, token_confidence=None, word_confidence=None, length=0, y=None, lm_state=None, lm_scores=None, ngram_lm_state=None, tokens=None, last_token=None, token_duration=None, last_frame=None)"
465,vɜ̀ɾá t̪ɔ́wə̀nì,‘Run towards now!’,‘Press something now (far)!’,"Hypothesis(score=0.0, y_sequence=tensor([1593, 1795, 1390, 1901, 2117]), text='Escape now!', dec_out=None, dec_state=None, timestamp=[], alignments=None, frame_confidence=None, token_confidence=None, word_confidence=None, length=0, y=None, lm_state=None, lm_scores=None, ngram_lm_state=None, tokens=None, last_token=None, token_duration=None, last_frame=None)"
466,ðɜ̀ríbì ðìcə̀lò,the animal pen is good,the pen is good,"Hypothesis(score=0.0, y_sequence=tensor([1345, 1185, 1219, 1203, 1191, 1505, 1239, 1451, 1547]), text='Hating the ball is good', dec_out=None, dec_state=None, timestamp=[], alignments=None, frame_confidence=None, token_confidence=None, word_confidence=None, length=0, y=None, lm_state=None, lm_scores=None, ngram_lm_state=None, tokens=None, last_token=None, token_duration=None, last_frame=None)"
467,ðàríbì ðìcə̀lò,the animal pen is good,Climbing up is good,"Hypothesis(score=0.0, y_sequence=tensor([1753, 1162, 1153, 1239, 1451, 1547, 2048]), text='The pen is good.', dec_out=None, dec_state=None, timestamp=[], alignments=None, frame_confidence=None, token_confidence=None, word_confidence=None, length=0, y=None, lm_state=None, lm_scores=None, ngram_lm_state=None, tokens=None, last_token=None, token_duration=None, last_frame=None)"
468,jàríbì jìcə̀lò,animal pens are good,The rocks are good,"Hypothesis(score=0.0, y_sequence=tensor([1753, 1162, 1153, 1239, 1451, 1547, 2048]), text='The pen is good.', dec_out=None, dec_state=None, timestamp=[], alignments=None, frame_confidence=None, token_confidence=None, word_confidence=None, length=0, y=None, lm_state=None, lm_scores=None, ngram_lm_state=None, tokens=None, last_token=None, token_duration=None, last_frame=None)"
469,ɛ̀làɽà kə̀ɽà,farmer is big,the farmer is very big,"Hypothesis(score=0.0, y_sequence=tensor([1190, 1174, 1523, 1239, 1191, 1225]), text='farmer is big', dec_out=None, dec_state=None, timestamp=[], alignments=None, frame_confidence=None, token_confidence=None, word_confidence=None, length=0, y=None, lm_state=None, lm_scores=None, ngram_lm_state=None, tokens=None, last_token=None, token_duration=None, last_frame=None)"
470,kʊ́blɔ́ŋnɔ̀,hide,Hide!,"Hypothesis(score=0.0, y_sequence=tensor([1391, 1239, 2008, 1656]), text='he is strong', dec_out=None, dec_state=None, timestamp=[], alignments=None, frame_confidence=None, token_confidence=None, word_confidence=None, length=0, y=None, lm_state=None, lm_scores=None, ngram_lm_state=None, tokens=None, last_token=None, token_duration=None, last_frame=None)"
471,nɛ̀ ŋìðìɲí út̪ìðí,Then the hare called,Then the hare called,"Hypothesis(score=0.0, y_sequence=tensor([1241, 1203, 1292, 1167, 1951, 1195, 2034]), text='and the hare called', dec_out=None, dec_state=None, timestamp=[], alignments=None, frame_confidence=None, token_confidence=None, word_confidence=None, length=0, y=None, lm_state=None, lm_scores=None, ngram_lm_state=None, tokens=None, last_token=None, token_duration=None, last_frame=None)"
472,àvɟìgɛ̀,mat,spread the mat (far),"Hypothesis(score=0.0, y_sequence=tensor([1203, 1169, 1185, 2134, 2030, 1551]), text='the mat/rug', dec_out=None, dec_state=None, timestamp=[], alignments=None, frame_confidence=None, token_confidence=None, word_confidence=None, length=0, y=None, lm_state=None, lm_scores=None, ngram_lm_state=None, tokens=None, last_token=None, token_duration=None, last_frame=None)"
473,àt̪á kɛ̀lcí ávɟìgɛ́ dɛ̀,Don’t spread the mats! (towards),Don't spread the mat! (away),"Hypothesis(score=0.0, y_sequence=tensor([1285, 1161, 2051, 2029, 1610, 1167, 1212, 1203, 1169, 1185, 2117, 2023,
        2122, 2113, 2053, 2074, 2121, 2023, 2122, 2041, 1174, 2121]), text=""Don't spread the mat! (2SG) (far)"", dec_out=None, dec_state=None, timestamp=[], alignments=None, frame_confidence=None, token_confidence=None, word_confidence=None, length=0, y=None, lm_state=None, lm_scores=None, ngram_lm_state=None, tokens=None, last_token=None, token_duration=None, last_frame=None)"
474,àt̪á kɛ́lcà àvɟìgɛ́ dɛ̀,Don’t spread the mats! (away),Don't spread the mat! (away),"Hypothesis(score=0.0, y_sequence=tensor([1285, 1161, 2051, 2029, 1610, 1167, 1212, 1203, 1169, 1185, 2117, 2023,
        2122, 2113, 2053, 2074, 2121]), text=""Don't spread the mat! (2SG)"", dec_out=None, dec_state=None, timestamp=[], alignments=None, frame_confidence=None, token_confidence=None, word_confidence=None, length=0, y=None, lm_state=None, lm_scores=None, ngram_lm_state=None, tokens=None, last_token=None, token_duration=None, last_frame=None)"
475,án kìpí ŋìnéðàt̪ɛ̀ ásǎ,until he is satisfied,It's him (sheep) that I carried (away),"Hypothesis(score=0.0, y_sequence=tensor([1258, 2041, 1324, 1240, 2026, 1220, 2023, 2122, 2025, 1689, 1324, 2121,
        2043, 1231, 2041, 1195, 2054, 1483, 1348]), text='If you leave (not you), reflexively', dec_out=None, dec_state=None, timestamp=[], alignments=None, frame_confidence=None, token_confidence=None, word_confidence=None, length=0, y=None, lm_state=None, lm_scores=None, ngram_lm_state=None, tokens=None, last_token=None, token_duration=None, last_frame=None)"
476,t̪òlé t̪ìjɔ́ ɛ́ðɛ̀ jít̪ɛ̀jìnɔ̀ ásà,The lion ate the remaining meat,The lion ate the meat until he got fat.,"Hypothesis(score=0.0, y_sequence=tensor([1203, 1163, 1226, 1157, 1193, 1203, 1301, 1185]), text='the lion ate the meat', dec_out=None, dec_state=None, timestamp=[], alignments=None, frame_confidence=None, token_confidence=None, word_confidence=None, length=0, y=None, lm_state=None, lm_scores=None, ngram_lm_state=None, tokens=None, last_token=None, token_duration=None, last_frame=None)"
477,mút̪ɔ́ ŋúcɔ́,sip soup,sip soup,"Hypothesis(score=0.0, y_sequence=tensor([1400, 2038, 1158, 1727]), text='sip soup', dec_out=None, dec_state=None, timestamp=[], alignments=None, frame_confidence=None, token_confidence=None, word_confidence=None, length=0, y=None, lm_state=None, lm_scores=None, ngram_lm_state=None, tokens=None, last_token=None, token_duration=None, last_frame=None)"
478,ɾácí ŋávɛ̀,pour water,Pour the water into the well,"Hypothesis(score=0.0, y_sequence=tensor([1293, 1237, 1203, 1172, 1815, 2117]), text='Pour the water!', dec_out=None, dec_state=None, timestamp=[], alignments=None, frame_confidence=None, token_confidence=None, word_confidence=None, length=0, y=None, lm_state=None, lm_scores=None, ngram_lm_state=None, tokens=None, last_token=None, token_duration=None, last_frame=None)"
479,ɾàcá ŋávɛ̀,pour water (far away),(sg) fetch water,"Hypothesis(score=0.0, y_sequence=tensor([1293, 1237, 1203, 1172, 1815, 2117]), text='Pour the water!', dec_out=None, dec_state=None, timestamp=[], alignments=None, frame_confidence=None, token_confidence=None, word_confidence=None, length=0, y=None, lm_state=None, lm_scores=None, ngram_lm_state=None, tokens=None, last_token=None, token_duration=None, last_frame=None)"
480,kárcí lə́bʊ̀,look for a ball,Look for a ball,"Hypothesis(score=0.0, y_sequence=tensor([1279, 2031, 1627, 1340, 1157, 1158, 2025, 2026, 1331, 2117]), text='Look for a snake!', dec_out=None, dec_state=None, timestamp=[], alignments=None, frame_confidence=None, token_confidence=None, word_confidence=None, length=0, y=None, lm_state=None, lm_scores=None, ngram_lm_state=None, tokens=None, last_token=None, token_duration=None, last_frame=None)"
481,wɛ́ nâdrí áprí álkùrcɛ́ ŋílɛ̀t̪ɛ̀ èdìrá lúɔ̀,"When the boy got the money, he bought a dress for the girl (here).","When the boy got the money, he bought a dress for the girl (here)","Hypothesis(score=0.0, y_sequence=tensor([1308, 1476, 1258, 1191, 1209, 1331, 1203, 1191, 1246, 2043, 1258, 1191,
        1209, 1331, 1203, 1198, 1237, 2034, 1340, 1203, 1198, 1213, 2033, 2023,
        2122, 2036, 1302, 2121]), text='When I broke the bed, I broke the gourd for the girl (here)', dec_out=None, dec_state=None, timestamp=[], alignments=None, frame_confidence=None, token_confidence=None, word_confidence=None, length=0, y=None, lm_state=None, lm_scores=None, ngram_lm_state=None, tokens=None, last_token=None, token_duration=None, last_frame=None)"
482,wɛ́ án àprí jə̀drí àlkùrcɛ́ ná ŋílɛ̀t̪ɛ̀ èdìrá lúɔ̀,"Whenever the boy got the money, he bought a dress for the girl (here)",When did the boy pull it (sheep) (towards)?,"Hypothesis(score=0.0, y_sequence=tensor([1294, 1476, 1326, 1153, 1203, 1191, 1690, 1451, 2029, 1203, 1522, 2024,
        2045, 1391, 1191, 1720, 1446, 1203, 1154, 2030, 1342, 1340, 1203, 1198,
        1213, 2033, 2086]), text='Then when the boy got the money he bought the dress for the girl?', dec_out=None, dec_state=None, timestamp=[], alignments=None, frame_confidence=None, token_confidence=None, word_confidence=None, length=0, y=None, lm_state=None, lm_scores=None, ngram_lm_state=None, tokens=None, last_token=None, token_duration=None, last_frame=None)"
483,án àprí jə̀drí àlkùrcɛ́ jǎrà jìlɔ̀t̪ɔ́ édìrá lúɔ̀,"If the boy got the money, he bought a dress for the girl.","When the boy gets the money, he buys a dress for the girl (far)","Hypothesis(score=0.0, y_sequence=tensor([1308, 2036, 1216, 1191, 1690, 1154, 1244, 1203, 1191, 1690, 1172, 1437,
        1326, 1216, 1391, 1191, 1720, 1446, 1157, 1154, 2030, 1342, 1340, 1203,
        1198, 1213, 2033, 2086]), text='Which boy did the boy with which he bought a dress for the girl?', dec_out=None, dec_state=None, timestamp=[], alignments=None, frame_confidence=None, token_confidence=None, word_confidence=None, length=0, y=None, lm_state=None, lm_scores=None, ngram_lm_state=None, tokens=None, last_token=None, token_duration=None, last_frame=None)"
484,án àprí jə̀drí àlkùrcɛ́ jǎrà jìlɔ̀t̪ɔ́ járà jàílɛ̀t̪ɛ̀ èdìrá lúɔ̀,"If the boy got the money, he bought a dress for the girl(happened here or he left)",Which boy did the grand buy (itive)?,"Hypothesis(score=0.0, y_sequence=tensor([1320, 2051, 2027, 1203, 1191, 1690, 1887, 1198, 2026, 1220, 1191, 1213,
        1410, 1221, 1203, 1191, 1690, 1887, 1198, 2026, 1220, 1191, 1213, 1410,
        1221, 1203, 1198, 1213, 2033]), text=""it's the boy who gave birth to the boy who gave birth to the girl"", dec_out=None, dec_state=None, timestamp=[], alignments=None, frame_confidence=None, token_confidence=None, word_confidence=None, length=0, y=None, lm_state=None, lm_scores=None, ngram_lm_state=None, tokens=None, last_token=None, token_duration=None, last_frame=None)"
485,án àprí jə̀drí àlkùrcɛ́ járà jàílɛ̀t̪ɛ̀ èdìrá lúɔ̀,"If the boy got the money, he bought a dress for the girl(happened here or he left)","When the boy gets the money, he buys a dress for the girl (here)","Hypothesis(score=0.0, y_sequence=tensor([1258, 2041, 1203, 1191, 1690, 1154, 1244, 1203, 1191, 1690, 1191, 1670,
        1203, 1154, 2030, 1342, 1340, 1203, 1198, 1213, 2033, 2023, 2122, 2036,
        1302, 2121]), text='If the boy did the boy buy the dress for the girl (here)', dec_out=None, dec_state=None, timestamp=[], alignments=None, frame_confidence=None, token_confidence=None, word_confidence=None, length=0, y=None, lm_state=None, lm_scores=None, ngram_lm_state=None, tokens=None, last_token=None, token_duration=None, last_frame=None)"
486,ìlɔ́ àprí jàdrí àlkùrcɛ́ járà jìlɔ̀t̪ɔ́ èdìrá lúɔ̀,"If the boy had gotten the money, he would have a bought a dress for the girl.","The boy, with the girl in him, is about to buy the dress for the girl (far away)","Hypothesis(score=0.0, y_sequence=tensor([1203, 1191, 1690, 1239, 1949, 1596, 1203, 1522, 2024, 2045, 1340, 1712,
        1191, 1209, 1711]), text='the boy is inside the money for his brother', dec_out=None, dec_state=None, timestamp=[], alignments=None, frame_confidence=None, token_confidence=None, word_confidence=None, length=0, y=None, lm_state=None, lm_scores=None, ngram_lm_state=None, tokens=None, last_token=None, token_duration=None, last_frame=None)"
487,ìlɔ́ àprí jàdrí àlkùrcɛ́ járà jàílɛ̀t̪ɛ̀ èdìrá lúɔ̀,"If the boy had gotten the money, he would have a bought a dress for the girl (here, or he left)","Parts of: If the boy had gotten the money, he would have a bought a dress for the girl.","Hypothesis(score=0.0, y_sequence=tensor([1258, 2041, 1203, 1191, 1690, 1770, 1451, 2029, 1256, 1203, 1522, 2024,
        2045, 2043, 1391, 1172, 1543, 1292, 1220, 1157, 1191, 1720, 1446, 1157,
        1154, 2030, 1342, 1340, 1203, 1198, 1213, 2033, 2023, 2122, 2036, 1302,
        2121]), text='If the boy had gotten the money, he would have a bought a dress for the girl (here)', dec_out=None, dec_state=None, timestamp=[], alignments=None, frame_confidence=None, token_confidence=None, word_confidence=None, length=0, y=None, lm_state=None, lm_scores=None, ngram_lm_state=None, tokens=None, last_token=None, token_duration=None, last_frame=None)"
488,mə̀nà càt̪á án âjt̪ɔ́ ŋìðə̀nɔ́ŋ ŋírɔ́t̪ɛ̌ íŋgáŋàɽìɲà,"From today, if you leave (lit. let) the hare (this particular hare) to starve (lit. be hungry), I will kill you.",mə,"Hypothesis(score=0.0, y_sequence=tensor([1332, 2030, 1197, 1646, 1364, 2043, 1258, 1172, 1379, 1198, 1483, 1203,
        1262, 1244, 2027, 1157, 1262, 1244, 2027, 1157, 1262, 1244, 2048]), text='From today, I will give the kids a kids a kid.', dec_out=None, dec_state=None, timestamp=[], alignments=None, frame_confidence=None, token_confidence=None, word_confidence=None, length=0, y=None, lm_state=None, lm_scores=None, ngram_lm_state=None, tokens=None, last_token=None, token_duration=None, last_frame=None)"
489,mnà càt̪á án ájít̪ɔ́ ŋìðìnɔ́ŋ ŋ̀rɔ́t̪ɛ̌ íŋgàŋâɽìɲà,"From today, if you leave (lit. let) the hare (this particular hare) to starve (lit. be hungry), I will kill you.","If you eat his meat, I will kill you","Hypothesis(score=0.0, y_sequence=tensor([1332, 2030, 1197, 1646, 1364, 2043, 1258, 1172, 1379, 1198, 1483, 1203,
        1262, 1244, 2027, 1157, 1493, 1587, 1250, 2048]), text='From today, I will give the kids a coconut.', dec_out=None, dec_state=None, timestamp=[], alignments=None, frame_confidence=None, token_confidence=None, word_confidence=None, length=0, y=None, lm_state=None, lm_scores=None, ngram_lm_state=None, tokens=None, last_token=None, token_duration=None, last_frame=None)"
490,ìrcɛ̀cɔ́ ðə̀t̪ɾɛ̀,Learn/teach Tira! (far),I learned/taught Tira last year,"Hypothesis(score=0.0, y_sequence=tensor([1450, 1462, 1182, 1294, 1213, 2026]), text='student Tira', dec_out=None, dec_state=None, timestamp=[], alignments=None, frame_confidence=None, token_confidence=None, word_confidence=None, length=0, y=None, lm_state=None, lm_scores=None, ngram_lm_state=None, tokens=None, last_token=None, token_duration=None, last_frame=None)"
491,láírcɛ̀cɔ̀ ðt̪ɾɛ́ t̪ə́màn,They will learn/teach Tira soon,They will try to fly (away) quickly,"Hypothesis(score=0.0, y_sequence=tensor([1753, 2045, 1240, 1174, 2025, 1246, 2134, 1265, 1551, 1446, 1294, 1213,
        2026, 1413, 2029, 1644, 1174]), text='They learned/taught Tira last year', dec_out=None, dec_state=None, timestamp=[], alignments=None, frame_confidence=None, token_confidence=None, word_confidence=None, length=0, y=None, lm_state=None, lm_scores=None, ngram_lm_state=None, tokens=None, last_token=None, token_duration=None, last_frame=None)"
492,láírcɛ̀cɔ̀ ðə̀t̪ɾɛ́ t̪ə́màn,They will learn/teach Tira soon,They will try to fly (away) quickly,"Hypothesis(score=0.0, y_sequence=tensor([1753, 2045, 1172, 1379, 1540, 1382, 1294, 1213, 2026, 1294, 1213, 2026,
        1417, 1918, 1187, 1726, 1348, 2023, 2122, 2041, 1174, 2121]), text='They will teach Tira Tira people quickly (far)', dec_out=None, dec_state=None, timestamp=[], alignments=None, frame_confidence=None, token_confidence=None, word_confidence=None, length=0, y=None, lm_state=None, lm_scores=None, ngram_lm_state=None, tokens=None, last_token=None, token_duration=None, last_frame=None)"
493,láìrcɛ̀cí ðə́t̪ɾɔ́ t̪ə́màn,They will learn/teach Tira soon (far),They are learning/teaching Tira now,"Hypothesis(score=0.0, y_sequence=tensor([1753, 2045, 1240, 1174, 2025, 1246, 2134, 1265, 1551, 1446, 1294, 1213,
        2026, 1901, 2023, 2122, 2041, 1174, 2121]), text='They learned/taught Tira now (far)', dec_out=None, dec_state=None, timestamp=[], alignments=None, frame_confidence=None, token_confidence=None, word_confidence=None, length=0, y=None, lm_state=None, lm_scores=None, ngram_lm_state=None, tokens=None, last_token=None, token_duration=None, last_frame=None)"
494,láìrcɛ̀cí ðə́t̪ɾɛ́ t̪ə́màn,They will learn/teach Tira soon (far),They learned/taught Tira last year,"Hypothesis(score=0.0, y_sequence=tensor([1753, 2045, 1240, 1174, 2025, 1246, 2134, 1265, 1551, 1446, 1294, 1213,
        2026, 1413, 2029, 1644, 1174]), text='They learned/taught Tira last year', dec_out=None, dec_state=None, timestamp=[], alignments=None, frame_confidence=None, token_confidence=None, word_confidence=None, length=0, y=None, lm_state=None, lm_scores=None, ngram_lm_state=None, tokens=None, last_token=None, token_duration=None, last_frame=None)"
495,láírcɛ̀cì t̪rɛ́ t̪ə́màn,They will learn/teach Tira soon (far),They learned/taught Tira last year (and left),"Hypothesis(score=0.0, y_sequence=tensor([1753, 2045, 1240, 1174, 2025, 1246, 2134, 1265, 1551, 1446, 1294, 1213,
        2026, 1413, 2029, 1644, 1174]), text='They learned/taught Tira last year', dec_out=None, dec_state=None, timestamp=[], alignments=None, frame_confidence=None, token_confidence=None, word_confidence=None, length=0, y=None, lm_state=None, lm_scores=None, ngram_lm_state=None, tokens=None, last_token=None, token_duration=None, last_frame=None)"
496,mnà án kìjàt̪à,If you eat...,From his/her childhood,"Hypothesis(score=0.0, y_sequence=tensor([1263, 1157, 1934, 2038, 1679, 2034]), text='be a shepherd', dec_out=None, dec_state=None, timestamp=[], alignments=None, frame_confidence=None, token_confidence=None, word_confidence=None, length=0, y=None, lm_state=None, lm_scores=None, ngram_lm_state=None, tokens=None, last_token=None, token_duration=None, last_frame=None)"
497,àɟà kɔ́n,Since that time,who is good?,"Hypothesis(score=0.0, y_sequence=tensor([1264, 1167, 1212, 2045, 1238, 2024]), text='already come', dec_out=None, dec_state=None, timestamp=[], alignments=None, frame_confidence=None, token_confidence=None, word_confidence=None, length=0, y=None, lm_state=None, lm_scores=None, ngram_lm_state=None, tokens=None, last_token=None, token_duration=None, last_frame=None)"
498,nɛ̀ ŋìcə̀ló,he looks good,Parts of: They ate food and left,"Hypothesis(score=0.0, y_sequence=tensor([1181, 2045, 1166, 1447, 1239, 1181, 1703]), text='nyango is nice', dec_out=None, dec_state=None, timestamp=[], alignments=None, frame_confidence=None, token_confidence=None, word_confidence=None, length=0, y=None, lm_state=None, lm_scores=None, ngram_lm_state=None, tokens=None, last_token=None, token_duration=None, last_frame=None)"
499,ŋùbòrùbúrɛ́,looks good,he forgot something (far),"Hypothesis(score=0.0, y_sequence=tensor([1391, 2023, 2122, 1561, 2121, 1222, 1261, 2038, 1246, 1154, 2013, 2117]), text='he (pl) jumped down!', dec_out=None, dec_state=None, timestamp=[], alignments=None, frame_confidence=None, token_confidence=None, word_confidence=None, length=0, y=None, lm_state=None, lm_scores=None, ngram_lm_state=None, tokens=None, last_token=None, token_duration=None, last_frame=None)"
500,àɟà kìcəlò,The time is good,Who is good?,"Hypothesis(score=0.0, y_sequence=tensor([1753, 1393, 1711, 1239, 1451, 1547, 2048]), text='The mother is good.', dec_out=None, dec_state=None, timestamp=[], alignments=None, frame_confidence=None, token_confidence=None, word_confidence=None, length=0, y=None, lm_state=None, lm_scores=None, ngram_lm_state=None, tokens=None, last_token=None, token_duration=None, last_frame=None)"
501,lɔ́mán mnà àɟà kɔ̂ɔ́n nà ká dɛ̀ t̪ówà t̪áníní,from that day until now,"the man, since that time, has been called by God","Hypothesis(score=0.0, y_sequence=tensor([1203, 2045, 1221, 1627, 1203, 1638, 1547, 1475, 1197, 1326, 1216, 1203,
        2045, 1963, 1165, 1246, 1203, 1163, 1226, 1901]), text='they took the food from which they touched the lion now', dec_out=None, dec_state=None, timestamp=[], alignments=None, frame_confidence=None, token_confidence=None, word_confidence=None, length=0, y=None, lm_state=None, lm_scores=None, ngram_lm_state=None, tokens=None, last_token=None, token_duration=None, last_frame=None)"
502,núltúmtánì,both of them,both of them are fat,"Hypothesis(score=0.0, y_sequence=tensor([1809, 1410, 1253, 1203, 2037, 1480, 1190, 1360]), text='both of them are fine', dec_out=None, dec_state=None, timestamp=[], alignments=None, frame_confidence=None, token_confidence=None, word_confidence=None, length=0, y=None, lm_state=None, lm_scores=None, ngram_lm_state=None, tokens=None, last_token=None, token_duration=None, last_frame=None)"
503,lìcə̀ló álpùrɔ́ òɾà kícə̀lò ŋàmɽàrɛ̀,Their skin looks good and healthy,We (incl) are about to the grandchildren's place,"Hypothesis(score=0.0, y_sequence=tensor([1753, 2045, 1480, 1451, 1547, 1458, 1158, 2049, 1159, 1901, 2048]), text='They are good at skin now.', dec_out=None, dec_state=None, timestamp=[], alignments=None, frame_confidence=None, token_confidence=None, word_confidence=None, length=0, y=None, lm_state=None, lm_scores=None, ngram_lm_state=None, tokens=None, last_token=None, token_duration=None, last_frame=None)"
504,lìcə̀ló álpùrɔ́ òɾà kícə̀ló ŋàmɽàrɛ̀,Their skin looks good and healthy,We (incl) are about to the grandchildren's house tomorrow,"Hypothesis(score=0.0, y_sequence=tensor([1294, 2026, 1331, 1203, 1158, 2049, 1159, 1475, 1197, 1203, 1175, 1174,
        1239, 1383, 2045, 1191, 1212]), text='Take the skin from the ear is very bad', dec_out=None, dec_state=None, timestamp=[], alignments=None, frame_confidence=None, token_confidence=None, word_confidence=None, length=0, y=None, lm_state=None, lm_scores=None, ngram_lm_state=None, tokens=None, last_token=None, token_duration=None, last_frame=None)"
505,òrà kícə̀ló,?,?,"Hypothesis(score=0.0, y_sequence=tensor([1697, 2023, 2122, 2024, 2054, 1590, 2121, 1191, 1209, 1711, 1239, 1451,
        1547]), text='our (excl) brother is good', dec_out=None, dec_state=None, timestamp=[], alignments=None, frame_confidence=None, token_confidence=None, word_confidence=None, length=0, y=None, lm_state=None, lm_scores=None, ngram_lm_state=None, tokens=None, last_token=None, token_duration=None, last_frame=None)"
506,lìcə̀ló álpùrɔ́ òɾà kícə́ló ŋàmɽàrɛ̀,Their skin looks good and healthy,Some of them are beautiful,"Hypothesis(score=0.0, y_sequence=tensor([1753, 2045, 1521, 1331, 1221, 1158, 1652, 1185, 1165, 1203, 1158, 2049,
        1159, 1205, 1156, 1272, 2034, 1364, 2023, 2122, 1271, 1240, 1595, 2121]), text='They like to scratch the skin yesterday (and left)', dec_out=None, dec_state=None, timestamp=[], alignments=None, frame_confidence=None, token_confidence=None, word_confidence=None, length=0, y=None, lm_state=None, lm_scores=None, ngram_lm_state=None, tokens=None, last_token=None, token_duration=None, last_frame=None)"
507,árt̪ɔ́l lə̀kɛ̀lcà àvɟìgɛ̀,Tell them to spread the mat (away),Tell them to spread the mat (far),"Hypothesis(score=0.0, y_sequence=tensor([1928, 1214, 1203, 2037, 1221, 1610, 1167, 1212, 1203, 1169, 1185, 2117,
        2023, 2122, 2041, 1174, 2121]), text='Tell them to spread the mat! (far)', dec_out=None, dec_state=None, timestamp=[], alignments=None, frame_confidence=None, token_confidence=None, word_confidence=None, length=0, y=None, lm_state=None, lm_scores=None, ngram_lm_state=None, tokens=None, last_token=None, token_duration=None, last_frame=None)"
508,árt̪ɔ́ló lə̀kɛ̀lcà àvɟìgɛ̀,Tell them to spread the mat (away),Tell them to spread the mat (far),"Hypothesis(score=0.0, y_sequence=tensor([1928, 1214, 1203, 2037, 1221, 1610, 1167, 1212, 1203, 1169, 1185]), text='Tell them to spread the mat', dec_out=None, dec_state=None, timestamp=[], alignments=None, frame_confidence=None, token_confidence=None, word_confidence=None, length=0, y=None, lm_state=None, lm_scores=None, ngram_lm_state=None, tokens=None, last_token=None, token_duration=None, last_frame=None)"
509,árt̪ɔ́ló lə̀kɛ̀lcà àvɟìgɛ́ t̪ɔ́wə̀nì,Tell them to spread the mat (away) soon,Tell them to spread the mat now (far),"Hypothesis(score=0.0, y_sequence=tensor([1928, 1214, 1203, 2037, 1221, 1610, 1167, 1212, 1203, 1169, 1185, 1901,
        2023, 2122, 2041, 1174, 2121]), text='Tell them to spread the mat now (far)', dec_out=None, dec_state=None, timestamp=[], alignments=None, frame_confidence=None, token_confidence=None, word_confidence=None, length=0, y=None, lm_state=None, lm_scores=None, ngram_lm_state=None, tokens=None, last_token=None, token_duration=None, last_frame=None)"
510,árt̪ɔ́l lə̀kɛ̀lcì àvɟìgɛ̀,Tell them to spread the mat (towards),Tell them to spread the mat (here),"Hypothesis(score=0.0, y_sequence=tensor([1928, 1214, 1186, 1266, 1221, 1610, 1167, 1212, 1203, 1169, 1185]), text='Tell him to spread the mat', dec_out=None, dec_state=None, timestamp=[], alignments=None, frame_confidence=None, token_confidence=None, word_confidence=None, length=0, y=None, lm_state=None, lm_scores=None, ngram_lm_state=None, tokens=None, last_token=None, token_duration=None, last_frame=None)"
511,árt̪ɔ́ló lə̀kɛ̀lcì àvɟìgɛ̀,Tell them to spread the mat (towards),Tell them to spread the mat (here),"Hypothesis(score=0.0, y_sequence=tensor([1928, 1214, 1203, 2037, 1221, 1610, 1167, 1212, 1203, 1169, 1185]), text='Tell them to spread the mat', dec_out=None, dec_state=None, timestamp=[], alignments=None, frame_confidence=None, token_confidence=None, word_confidence=None, length=0, y=None, lm_state=None, lm_scores=None, ngram_lm_state=None, tokens=None, last_token=None, token_duration=None, last_frame=None)"
512,árt̪ɔ́ló lùrì,Tell them to climb down (away),Tell them to climb down (towards),"Hypothesis(score=0.0, y_sequence=tensor([1928, 1214, 1203, 2037, 1221, 1556, 1266, 2040, 1154, 2013, 2117, 2023,
        2122, 2029, 1335, 1525, 2027, 2121]), text='Tell them to climb down! (towards)', dec_out=None, dec_state=None, timestamp=[], alignments=None, frame_confidence=None, token_confidence=None, word_confidence=None, length=0, y=None, lm_state=None, lm_scores=None, ngram_lm_state=None, tokens=None, last_token=None, token_duration=None, last_frame=None)"
513,áɾt̪ɔ́l lə̀kə̀lcà àvɟìgɛ̂,Tell them to spread the mat (towards),Tell them to spread the mat (far),"Hypothesis(score=0.0, y_sequence=tensor([1928, 1214, 1203, 2037, 1221, 1610, 1167, 1212, 1203, 1169, 1185]), text='Tell them to spread the mat', dec_out=None, dec_state=None, timestamp=[], alignments=None, frame_confidence=None, token_confidence=None, word_confidence=None, length=0, y=None, lm_state=None, lm_scores=None, ngram_lm_state=None, tokens=None, last_token=None, token_duration=None, last_frame=None)"
514,áɾt̪ɔ́l lə̀kə̀lcì àvɟìgɛ̂,Tell them to spread the mat (away),Tell them to spread the mat (here),"Hypothesis(score=0.0, y_sequence=tensor([1928, 1214, 1203, 2037, 1221, 1610, 1167, 1212, 1203, 1169, 1185]), text='Tell them to spread the mat', dec_out=None, dec_state=None, timestamp=[], alignments=None, frame_confidence=None, token_confidence=None, word_confidence=None, length=0, y=None, lm_state=None, lm_scores=None, ngram_lm_state=None, tokens=None, last_token=None, token_duration=None, last_frame=None)"
515,d̪úrú ðɛ́rd̪à,Want to dance! (here),Want to dance! (far away),"Hypothesis(score=0.0, y_sequence=tensor([1452, 2027, 1298, 1216, 1154, 1166, 2035, 1246]), text='Ostrich danced', dec_out=None, dec_state=None, timestamp=[], alignments=None, frame_confidence=None, token_confidence=None, word_confidence=None, length=0, y=None, lm_state=None, lm_scores=None, ngram_lm_state=None, tokens=None, last_token=None, token_duration=None, last_frame=None)"
516,áwó t̪ɔ́wə̀nì,Urinate now!,‘Wait now (far)!’,"Hypothesis(score=0.0, y_sequence=tensor([1285, 1209, 2038, 1901, 2117, 2023, 2122, 2041, 1174, 2121]), text='Drop now! (far)', dec_out=None, dec_state=None, timestamp=[], alignments=None, frame_confidence=None, token_confidence=None, word_confidence=None, length=0, y=None, lm_state=None, lm_scores=None, ngram_lm_state=None, tokens=None, last_token=None, token_duration=None, last_frame=None)"
517,àwá t̪ɔ́wə̀nì,Urinate now! (far),‘Wait now (far)!’,"Hypothesis(score=0.0, y_sequence=tensor([1315, 1891, 1901, 2117, 2023, 2122, 2041, 1174, 1157, 2044, 1364, 2121]), text='Cough now! (far away)', dec_out=None, dec_state=None, timestamp=[], alignments=None, frame_confidence=None, token_confidence=None, word_confidence=None, length=0, y=None, lm_state=None, lm_scores=None, ngram_lm_state=None, tokens=None, last_token=None, token_duration=None, last_frame=None)"
518,lǎt̪ì t̪ɔ̀wə̀nì,They are lost now (and left),They are lost now (here),"Hypothesis(score=0.0, y_sequence=tensor([1293, 2032, 1214, 1301, 2023, 2122, 2026, 2044, 1364, 2121, 1901, 2117]), text='Pull me (away) now!', dec_out=None, dec_state=None, timestamp=[], alignments=None, frame_confidence=None, token_confidence=None, word_confidence=None, length=0, y=None, lm_state=None, lm_scores=None, ngram_lm_state=None, tokens=None, last_token=None, token_duration=None, last_frame=None)"
519,lát̪ì ùnɛ̀ɾɛ̌,They were lost yesterday (and left),They slept here yesterday (and left),"Hypothesis(score=0.0, y_sequence=tensor([1753, 2045, 1344, 2029, 1205, 1156, 1272, 2034, 1364, 2023, 2122, 1271,
        1240, 1595, 2121, 2048]), text='They lost yesterday (and left).', dec_out=None, dec_state=None, timestamp=[], alignments=None, frame_confidence=None, token_confidence=None, word_confidence=None, length=0, y=None, lm_state=None, lm_scores=None, ngram_lm_state=None, tokens=None, last_token=None, token_duration=None, last_frame=None)"
520,ídú t̪ɔ́wə̀nì,Fall now!,Fall now!,"Hypothesis(score=0.0, y_sequence=tensor([1332, 1505, 1901, 2117]), text='Fall now!', dec_out=None, dec_state=None, timestamp=[], alignments=None, frame_confidence=None, token_confidence=None, word_confidence=None, length=0, y=None, lm_state=None, lm_scores=None, ngram_lm_state=None, tokens=None, last_token=None, token_duration=None, last_frame=None)"
521,ìdɔ́ t̪ɔ́wə̀nì,Fall now! (far),Fall now!,"Hypothesis(score=0.0, y_sequence=tensor([1332, 1505, 1901, 2117]), text='Fall now!', dec_out=None, dec_state=None, timestamp=[], alignments=None, frame_confidence=None, token_confidence=None, word_confidence=None, length=0, y=None, lm_state=None, lm_scores=None, ngram_lm_state=None, tokens=None, last_token=None, token_duration=None, last_frame=None)"
522,váɾó t̪ówə̀nì,Escape now!,Escape now! (away),"Hypothesis(score=0.0, y_sequence=tensor([1593, 1795, 1390, 1901, 2117]), text='Escape now!', dec_out=None, dec_state=None, timestamp=[], alignments=None, frame_confidence=None, token_confidence=None, word_confidence=None, length=0, y=None, lm_state=None, lm_scores=None, ngram_lm_state=None, tokens=None, last_token=None, token_duration=None, last_frame=None)"
523,vàɾá t̪ɔ́wə̀nì,Escape now! (far),Escape now!,"Hypothesis(score=0.0, y_sequence=tensor([1593, 1795, 1390, 1901, 2117]), text='Escape now!', dec_out=None, dec_state=None, timestamp=[], alignments=None, frame_confidence=None, token_confidence=None, word_confidence=None, length=0, y=None, lm_state=None, lm_scores=None, ngram_lm_state=None, tokens=None, last_token=None, token_duration=None, last_frame=None)"
524,kə́lcácí àvɟìgɛ́,Spread the mat now!,Spread the mat!,"Hypothesis(score=0.0, y_sequence=tensor([1215, 2038, 1167, 1212, 1203, 1169, 1185, 2117]), text='Spread the mat!', dec_out=None, dec_state=None, timestamp=[], alignments=None, frame_confidence=None, token_confidence=None, word_confidence=None, length=0, y=None, lm_state=None, lm_scores=None, ngram_lm_state=None, tokens=None, last_token=None, token_duration=None, last_frame=None)"
525,úrɔ́t̪ɔ́ dùn,Climb down at home! (away),Climb down at home now! (away),"Hypothesis(score=0.0, y_sequence=tensor([1315, 2033, 1266, 2040, 1154, 2013, 1458, 1854, 2024, 2117, 2023, 2122,
        2026, 2044, 1364, 2121]), text='Climb down at home! (away)', dec_out=None, dec_state=None, timestamp=[], alignments=None, frame_confidence=None, token_confidence=None, word_confidence=None, length=0, y=None, lm_state=None, lm_scores=None, ngram_lm_state=None, tokens=None, last_token=None, token_duration=None, last_frame=None)"
526,ɔ́ɽɔ́ t̪ɔ́wə̀ní,Run now!,Cough now!,"Hypothesis(score=0.0, y_sequence=tensor([1376, 1168, 1901, 2117, 2023, 2122, 2026, 2044, 1364, 2121, 2117]), text='Run now! (away)!', dec_out=None, dec_state=None, timestamp=[], alignments=None, frame_confidence=None, token_confidence=None, word_confidence=None, length=0, y=None, lm_state=None, lm_scores=None, ngram_lm_state=None, tokens=None, last_token=None, token_duration=None, last_frame=None)"
527,ɛ́lá t̪ɔ́wə̀nì,Arrive now!,‘Speak to someone now!’,"Hypothesis(score=0.0, y_sequence=tensor([1332, 1505, 1901, 2117]), text='Fall now!', dec_out=None, dec_state=None, timestamp=[], alignments=None, frame_confidence=None, token_confidence=None, word_confidence=None, length=0, y=None, lm_state=None, lm_scores=None, ngram_lm_state=None, tokens=None, last_token=None, token_duration=None, last_frame=None)"
528,lɔ́mɔ̀ kárè,in the food,Parts of: The food is inside the bird,"Hypothesis(score=0.0, y_sequence=tensor([1318, 2031, 2038, 1536, 1229, 2036, 1219, 2117]), text='chop something!', dec_out=None, dec_state=None, timestamp=[], alignments=None, frame_confidence=None, token_confidence=None, word_confidence=None, length=0, y=None, lm_state=None, lm_scores=None, ngram_lm_state=None, tokens=None, last_token=None, token_duration=None, last_frame=None)"
529,jâɽó ðúpà káré kàré,I put the stick inside the table,I put the stick inside the table,"Hypothesis(score=0.0, y_sequence=tensor([1258, 1162, 1250, 1203, 1158, 2027, 2044, 2049, 1949, 1596, 1203, 1160,
        1534]), text='I put the sswk inside the table', dec_out=None, dec_state=None, timestamp=[], alignments=None, frame_confidence=None, token_confidence=None, word_confidence=None, length=0, y=None, lm_state=None, lm_scores=None, ngram_lm_state=None, tokens=None, last_token=None, token_duration=None, last_frame=None)"
530,jâɽó ðúpà kárè,I put the stick inside the table,I put the stick inside the table,"Hypothesis(score=0.0, y_sequence=tensor([1258, 1162, 1250, 1203, 1158, 2027, 2044, 2049, 1949, 1596, 1203, 1160,
        1534]), text='I put the sswk inside the table', dec_out=None, dec_state=None, timestamp=[], alignments=None, frame_confidence=None, token_confidence=None, word_confidence=None, length=0, y=None, lm_state=None, lm_scores=None, ngram_lm_state=None, tokens=None, last_token=None, token_duration=None, last_frame=None)"
531,jâɽó ðúpǎ kádám kárè,I put the pen inside the book,I put the pen inside the book,"Hypothesis(score=0.0, y_sequence=tensor([1258, 1162, 1250, 1203, 1158, 2027, 2044, 2049, 1949, 1596, 1203, 1809,
        1627]), text='I put the sswk inside the book', dec_out=None, dec_state=None, timestamp=[], alignments=None, frame_confidence=None, token_confidence=None, word_confidence=None, length=0, y=None, lm_state=None, lm_scores=None, ngram_lm_state=None, tokens=None, last_token=None, token_duration=None, last_frame=None)"
532,jâɽó ðúpà kádàm,I put the pen inside the book,I put the stick inside the table,"Hypothesis(score=0.0, y_sequence=tensor([1258, 1162, 1250, 1203, 1162, 1153, 1949, 1596, 1203, 1809, 1627]), text='I put the pen inside the book', dec_out=None, dec_state=None, timestamp=[], alignments=None, frame_confidence=None, token_confidence=None, word_confidence=None, length=0, y=None, lm_state=None, lm_scores=None, ngram_lm_state=None, tokens=None, last_token=None, token_duration=None, last_frame=None)"
533,lùɽìðú t̪ə́màn t̪à,They returned quickly (here),They returned quickly (here),"Hypothesis(score=0.0, y_sequence=tensor([1753, 2045, 1172, 1379, 1231, 2029, 1206, 2025, 1187, 1726, 1348, 2023,
        2122, 2036, 1302, 2121]), text='They will return quickly (here)', dec_out=None, dec_state=None, timestamp=[], alignments=None, frame_confidence=None, token_confidence=None, word_confidence=None, length=0, y=None, lm_state=None, lm_scores=None, ngram_lm_state=None, tokens=None, last_token=None, token_duration=None, last_frame=None)"
534,là úɽìðì t̪ə̀màn t̪à,They returned quickly (away),They are returning quickly (away),"Hypothesis(score=0.0, y_sequence=tensor([1753, 2045, 1172, 1379, 1231, 2029, 1206, 2025, 1187, 1726, 1348, 2023,
        2122, 2036, 1302, 2121]), text='They will return quickly (here)', dec_out=None, dec_state=None, timestamp=[], alignments=None, frame_confidence=None, token_confidence=None, word_confidence=None, length=0, y=None, lm_state=None, lm_scores=None, ngram_lm_state=None, tokens=None, last_token=None, token_duration=None, last_frame=None)"
535,árt̪ɔ́l lùɽìðà t̪ə̀màn t̪à,Tell them to return quickly (here),Tell them to return quickly (towards),"Hypothesis(score=0.0, y_sequence=tensor([1928, 1214, 1203, 2037, 1221, 1231, 2029, 1206, 2025, 1187, 1726, 1348,
        2023, 2122, 2036, 1302, 2121]), text='Tell them to return quickly (here)', dec_out=None, dec_state=None, timestamp=[], alignments=None, frame_confidence=None, token_confidence=None, word_confidence=None, length=0, y=None, lm_state=None, lm_scores=None, ngram_lm_state=None, tokens=None, last_token=None, token_duration=None, last_frame=None)"
536,árt̪ɔ́ ŋúɽìðì t̪ə̀màn t̪à,Tell him to return quickly (away),Tell him to return quickly (here),"Hypothesis(score=0.0, y_sequence=tensor([1285, 1161, 2051, 2029, 1231, 2029, 1206, 2025, 1187, 1726, 1348, 2117,
        2023, 2122, 2113, 2069, 2065, 2121]), text=""Don't return quickly! (2PL)"", dec_out=None, dec_state=None, timestamp=[], alignments=None, frame_confidence=None, token_confidence=None, word_confidence=None, length=0, y=None, lm_state=None, lm_scores=None, ngram_lm_state=None, tokens=None, last_token=None, token_duration=None, last_frame=None)"
537,ábá kári,inside the cave,What will you watch?,"Hypothesis(score=0.0, y_sequence=tensor([1998, 1490, 1253, 2107, 1621, 1237, 1186, 1202, 2040, 1271, 1239, 1160,
        1505]), text='Parts of: Your husband is tall', dec_out=None, dec_state=None, timestamp=[], alignments=None, frame_confidence=None, token_confidence=None, word_confidence=None, length=0, y=None, lm_state=None, lm_scores=None, ngram_lm_state=None, tokens=None, last_token=None, token_duration=None, last_frame=None)"
538,t̪òlé tô káré ké kábá,There is a lion inside the cave,The lion is sitting inside the tree,"Hypothesis(score=0.0, y_sequence=tensor([1294, 2031, 1158, 1506, 2024, 2038, 1203, 1190, 1407, 1179, 1239, 1451,
        1547, 2048]), text='To sweep the floor is good.', dec_out=None, dec_state=None, timestamp=[], alignments=None, frame_confidence=None, token_confidence=None, word_confidence=None, length=0, y=None, lm_state=None, lm_scores=None, ngram_lm_state=None, tokens=None, last_token=None, token_duration=None, last_frame=None)"
539,t̪òlé tô káré ké kábà,There is a lion inside the cave,The lion is sitting inside the bird,"Hypothesis(score=0.0, y_sequence=tensor([1203, 1163, 1226, 1949, 1596, 1203, 1154, 2030, 1261]), text='the lion inside the drum', dec_out=None, dec_state=None, timestamp=[], alignments=None, frame_confidence=None, token_confidence=None, word_confidence=None, length=0, y=None, lm_state=None, lm_scores=None, ngram_lm_state=None, tokens=None, last_token=None, token_duration=None, last_frame=None)"
540,àpìt̪í lùɽbɔ̀,Bring me jujube fruit!,Bring me jujube fruit!,"Hypothesis(score=0.0, y_sequence=tensor([1288, 2030, 1219, 1301, 1222, 2032, 2052, 2032, 1469, 1475, 2032, 1177,
        2117]), text='Bring me jujube fruit!', dec_out=None, dec_state=None, timestamp=[], alignments=None, frame_confidence=None, token_confidence=None, word_confidence=None, length=0, y=None, lm_state=None, lm_scores=None, ngram_lm_state=None, tokens=None, last_token=None, token_duration=None, last_frame=None)"
541,lùɽbí lìcə̀lò,The jujube fruit is good,jujube fruit is good,"Hypothesis(score=0.0, y_sequence=tensor([1753, 1222, 2032, 2052, 2032, 1469, 1475, 2032, 1177, 1239, 1451, 1547,
        2048]), text='The jujube fruit is good.', dec_out=None, dec_state=None, timestamp=[], alignments=None, frame_confidence=None, token_confidence=None, word_confidence=None, length=0, y=None, lm_state=None, lm_scores=None, ngram_lm_state=None, tokens=None, last_token=None, token_duration=None, last_frame=None)"
542,àpìt̪í ðɔ̀cɔ̀ ðɛ́ ðɛ́ ŋìðə̀ní t̪áwə̀nì,Bring me the basket of rabbits now!,Bring me baskets of food now!,"Hypothesis(score=0.0, y_sequence=tensor([1288, 2030, 1219, 1301, 1709, 2049, 1229, 2027, 1253, 1573, 2040, 2040,
        1721, 1901, 2117]), text='Bring me baskets of rabbits now!', dec_out=None, dec_state=None, timestamp=[], alignments=None, frame_confidence=None, token_confidence=None, word_confidence=None, length=0, y=None, lm_state=None, lm_scores=None, ngram_lm_state=None, tokens=None, last_token=None, token_duration=None, last_frame=None)"
543,àpìt̪í ðɔ̀cɔ̀ ðɛ́ ŋìðə̀ní t̪áwə̀nì,Bring me the basket of rabbits now!,Bring me baskets of food now!,"Hypothesis(score=0.0, y_sequence=tensor([1288, 2030, 1219, 1301, 1709, 2049, 1229, 2027, 1253, 1573, 2040, 2040,
        1721, 1901, 2117]), text='Bring me baskets of rabbits now!', dec_out=None, dec_state=None, timestamp=[], alignments=None, frame_confidence=None, token_confidence=None, word_confidence=None, length=0, y=None, lm_state=None, lm_scores=None, ngram_lm_state=None, tokens=None, last_token=None, token_duration=None, last_frame=None)"
544,àpìt̪í ðɔ̀cɔ̀ ðɛ́ ŋìðə̀ní t̪áwə̀nì,Bring me the basket of rabbits now!,Bring me baskets of food now!,"Hypothesis(score=0.0, y_sequence=tensor([1288, 2030, 1219, 1301, 1709, 2049, 1229, 2027, 1253, 1573, 2040, 2040,
        1721, 1901, 2117]), text='Bring me baskets of rabbits now!', dec_out=None, dec_state=None, timestamp=[], alignments=None, frame_confidence=None, token_confidence=None, word_confidence=None, length=0, y=None, lm_state=None, lm_scores=None, ngram_lm_state=None, tokens=None, last_token=None, token_duration=None, last_frame=None)"
545,àpìt̪í ðɔ̀cɔ̀ ðɛ́ ŋípíjɔ́ t̪áwə̀nì,Bring me the basket of mushrooms now!,Bring me baskets of food now!,"Hypothesis(score=0.0, y_sequence=tensor([1288, 2030, 1219, 1301, 1709, 2049, 1229, 2027, 1253, 1169, 1202, 2036,
        1209, 1197, 2027, 1901, 2117]), text='Bring me baskets of mushrooms now!', dec_out=None, dec_state=None, timestamp=[], alignments=None, frame_confidence=None, token_confidence=None, word_confidence=None, length=0, y=None, lm_state=None, lm_scores=None, ngram_lm_state=None, tokens=None, last_token=None, token_duration=None, last_frame=None)"
546,àpìt̪í ðɔ̀cɔ̀ ðɛ́ nɔ̀mì,Bring me the basket of fish!,Bring me baskets of food!,"Hypothesis(score=0.0, y_sequence=tensor([1288, 2030, 1219, 1301, 1709, 2049, 1229, 2027, 1253, 1638, 1547, 2117]), text='Bring me baskets of food!', dec_out=None, dec_state=None, timestamp=[], alignments=None, frame_confidence=None, token_confidence=None, word_confidence=None, length=0, y=None, lm_state=None, lm_scores=None, ngram_lm_state=None, tokens=None, last_token=None, token_duration=None, last_frame=None)"
547,àpìt̪í ðɔ̀cɔ̀ ðɛ́ nɔ̀mì t̪áwə̀nì,Bring me the basket of fish now!,Bring me the basket of clothes!,"Hypothesis(score=0.0, y_sequence=tensor([1288, 2030, 1219, 1301, 1709, 2049, 1229, 2027, 1253, 1256, 1475, 1282,
        2034, 2027, 1901, 2117]), text='Bring me baskets often friends now!', dec_out=None, dec_state=None, timestamp=[], alignments=None, frame_confidence=None, token_confidence=None, word_confidence=None, length=0, y=None, lm_state=None, lm_scores=None, ngram_lm_state=None, tokens=None, last_token=None, token_duration=None, last_frame=None)"
548,àpìt̪í ðɔ̀cɔ̀ ðɛ́ ŋìdí t̪áwə̀nì,Bring me the basket of coconuts now!,Bring me baskets of food now!,"Hypothesis(score=0.0, y_sequence=tensor([1288, 2030, 1219, 1301, 1709, 2049, 1229, 2027, 1253, 1301, 1185, 1901,
        2117]), text='Bring me baskets of meat now!', dec_out=None, dec_state=None, timestamp=[], alignments=None, frame_confidence=None, token_confidence=None, word_confidence=None, length=0, y=None, lm_state=None, lm_scores=None, ngram_lm_state=None, tokens=None, last_token=None, token_duration=None, last_frame=None)"
549,ŋìdí ŋìcə̀lò,Doleib fruits are good,The pots are good.,"Hypothesis(score=0.0, y_sequence=tensor([1753, 1171, 1155, 1480, 1451, 1547]), text='The deer are good', dec_out=None, dec_state=None, timestamp=[], alignments=None, frame_confidence=None, token_confidence=None, word_confidence=None, length=0, y=None, lm_state=None, lm_scores=None, ngram_lm_state=None, tokens=None, last_token=None, token_duration=None, last_frame=None)"
550,àn kúkù ŋɛ́nɛ̀ pɔ̀n káŋíŋì,it's only Kuku I saw,only Kuku saw me,"Hypothesis(score=0.0, y_sequence=tensor([1307, 1348, 1358, 2032, 2049, 2032, 1258, 1317, 2044]), text='only Kuku I saw', dec_out=None, dec_state=None, timestamp=[], alignments=None, frame_confidence=None, token_confidence=None, word_confidence=None, length=0, y=None, lm_state=None, lm_scores=None, ngram_lm_state=None, tokens=None, last_token=None, token_duration=None, last_frame=None)"
551,áŋú ɔ́ɟɔ̂ŋ,who did you see?,who did you see?,"Hypothesis(score=0.0, y_sequence=tensor([1887, 1239, 1183, 1302, 2086]), text='who is there?', dec_out=None, dec_state=None, timestamp=[], alignments=None, frame_confidence=None, token_confidence=None, word_confidence=None, length=0, y=None, lm_state=None, lm_scores=None, ngram_lm_state=None, tokens=None, last_token=None, token_duration=None, last_frame=None)"
552,ùɟí kɛ̂nɛ̀ káŋíŋî,one person I saw,The person saw me,"Hypothesis(score=0.0, y_sequence=tensor([1753, 1162, 1257, 1161, 1258, 1648, 2030, 1730]), text='The person I carried', dec_out=None, dec_state=None, timestamp=[], alignments=None, frame_confidence=None, token_confidence=None, word_confidence=None, length=0, y=None, lm_state=None, lm_scores=None, ngram_lm_state=None, tokens=None, last_token=None, token_duration=None, last_frame=None)"
553,ùɟí kɛ̂nɛ̀ kàŋîŋì,someone saw me,the person saw me,"Hypothesis(score=0.0, y_sequence=tensor([1753, 1162, 1257, 1161, 1887, 1317, 2044, 1301]), text='The person who saw me', dec_out=None, dec_state=None, timestamp=[], alignments=None, frame_confidence=None, token_confidence=None, word_confidence=None, length=0, y=None, lm_state=None, lm_scores=None, ngram_lm_state=None, tokens=None, last_token=None, token_duration=None, last_frame=None)"
554,ùɟí kɛ̂nɛ̀ kàŋíŋî,one person I saw,the person saw me,"Hypothesis(score=0.0, y_sequence=tensor([1753, 1162, 1257, 1161, 1258, 1317, 2044]), text='The person I saw', dec_out=None, dec_state=None, timestamp=[], alignments=None, frame_confidence=None, token_confidence=None, word_confidence=None, length=0, y=None, lm_state=None, lm_scores=None, ngram_lm_state=None, tokens=None, last_token=None, token_duration=None, last_frame=None)"
555,àn kúkù ŋɛ́nɛ̀pɔ́n káŋà t̪ólìɲà,only Kuku will see the lion,only Kuku saw the lion,"Hypothesis(score=0.0, y_sequence=tensor([1307, 1348, 1358, 2032, 2049, 2032, 1172, 1379, 1954, 1203, 1163, 1226]), text='only Kuku will see the lion', dec_out=None, dec_state=None, timestamp=[], alignments=None, frame_confidence=None, token_confidence=None, word_confidence=None, length=0, y=None, lm_state=None, lm_scores=None, ngram_lm_state=None, tokens=None, last_token=None, token_duration=None, last_frame=None)"
556,àn kúkù ŋɛ́nɛ̀pɔ́n káŋì t̪ólìɲà,only Kuku saw the lion (and left),only Kuku saw the lion,"Hypothesis(score=0.0, y_sequence=tensor([1307, 1348, 1358, 2032, 2049, 2032, 1172, 1379, 1954, 1203, 1163, 1226]), text='only Kuku will see the lion', dec_out=None, dec_state=None, timestamp=[], alignments=None, frame_confidence=None, token_confidence=None, word_confidence=None, length=0, y=None, lm_state=None, lm_scores=None, ngram_lm_state=None, tokens=None, last_token=None, token_duration=None, last_frame=None)"
557,ɛ́ná ìcə̀lò,hunting is good,The baskets are good.,"Hypothesis(score=0.0, y_sequence=tensor([1753, 1210, 1232, 2045, 1239, 1181, 1703]), text='The enemy is nice', dec_out=None, dec_state=None, timestamp=[], alignments=None, frame_confidence=None, token_confidence=None, word_confidence=None, length=0, y=None, lm_state=None, lm_scores=None, ngram_lm_state=None, tokens=None, last_token=None, token_duration=None, last_frame=None)"
558,òðɛ̀ kìcə̀lò,the deer is good,the bone is good,"Hypothesis(score=0.0, y_sequence=tensor([1712, 2134, 1679, 2134, 1721, 2049, 1159, 1239, 1451, 1547]), text='his/her/itskin is good', dec_out=None, dec_state=None, timestamp=[], alignments=None, frame_confidence=None, token_confidence=None, word_confidence=None, length=0, y=None, lm_state=None, lm_scores=None, ngram_lm_state=None, tokens=None, last_token=None, token_duration=None, last_frame=None)"
559,kúkù kɔ̂dɔ́ ɛ́ŋná jɛ́ kákà,Kuku builds a house for Kaka,Kuku pushed the stone (away),"Hypothesis(score=0.0, y_sequence=tensor([1358, 2032, 2049, 2032, 1186, 1235, 2034, 1358, 1746, 2026, 2051, 2027,
        1191, 1246]), text=""Kuku held Kaka's bed"", dec_out=None, dec_state=None, timestamp=[], alignments=None, frame_confidence=None, token_confidence=None, word_confidence=None, length=0, y=None, lm_state=None, lm_scores=None, ngram_lm_state=None, tokens=None, last_token=None, token_duration=None, last_frame=None)"
560,kúkù kɔ̂d ɛ́ŋná jɛ́ kákà,Kuku builds a house for Kaka,Kuku will make Kaka braid someone's hair,"Hypothesis(score=0.0, y_sequence=tensor([1358, 2032, 2049, 2032, 1186, 1235, 2034, 1358, 1746, 2026, 2051, 2027]), text=""Kuku held Kaka's"", dec_out=None, dec_state=None, timestamp=[], alignments=None, frame_confidence=None, token_confidence=None, word_confidence=None, length=0, y=None, lm_state=None, lm_scores=None, ngram_lm_state=None, tokens=None, last_token=None, token_duration=None, last_frame=None)"
561,ɛ̀ŋná ìcə̀lò,the house is good,The house is good.,"Hypothesis(score=0.0, y_sequence=tensor([  13, 1697, 2023, 2122, 2024, 2054, 1590, 2121, 1393, 1711, 1239, 1451,
        1547]), text='<|nodiarize|> our (excl) mother is good', dec_out=None, dec_state=None, timestamp=[], alignments=None, frame_confidence=None, token_confidence=None, word_confidence=None, length=0, y=None, lm_state=None, lm_scores=None, ngram_lm_state=None, tokens=None, last_token=None, token_duration=None, last_frame=None)"
562,kúkù kâŋú kákàŋù,Kuku will see Kaka (far),Kuku will see Kaka,"Hypothesis(score=0.0, y_sequence=tensor([1358, 2032, 2049, 2032, 1172, 1379, 1954, 1358, 1746, 2026]), text='Kuku will see Kaka', dec_out=None, dec_state=None, timestamp=[], alignments=None, frame_confidence=None, token_confidence=None, word_confidence=None, length=0, y=None, lm_state=None, lm_scores=None, ngram_lm_state=None, tokens=None, last_token=None, token_duration=None, last_frame=None)"
563,kúkù kǎŋà kákàŋù,Kuku will see Kaka,Kuku will see Kaka,"Hypothesis(score=0.0, y_sequence=tensor([1358, 2032, 2049, 2032, 1172, 1379, 1954, 1358, 1746, 2026]), text='Kuku will see Kaka', dec_out=None, dec_state=None, timestamp=[], alignments=None, frame_confidence=None, token_confidence=None, word_confidence=None, length=0, y=None, lm_state=None, lm_scores=None, ngram_lm_state=None, tokens=None, last_token=None, token_duration=None, last_frame=None)"
564,kúkù kàŋú kákàŋù,Kuku saw Kaka,Kuku saw Kaka,"Hypothesis(score=0.0, y_sequence=tensor([1358, 2032, 2049, 2032, 1317, 2044, 1358, 1746, 2026]), text='Kuku saw Kaka', dec_out=None, dec_state=None, timestamp=[], alignments=None, frame_confidence=None, token_confidence=None, word_confidence=None, length=0, y=None, lm_state=None, lm_scores=None, ngram_lm_state=None, tokens=None, last_token=None, token_duration=None, last_frame=None)"
565,kúkù káŋì kákàŋù,Kuku saw Kaka (and left),Kuku will introduce Kaka (someone) to me,"Hypothesis(score=0.0, y_sequence=tensor([1358, 2032, 2049, 2032, 1172, 1379, 1297, 1331, 1358, 1746, 2026, 1238,
        2024, 1763, 1253, 1320]), text='Kuku will make Kaka come out of it', dec_out=None, dec_state=None, timestamp=[], alignments=None, frame_confidence=None, token_confidence=None, word_confidence=None, length=0, y=None, lm_state=None, lm_scores=None, ngram_lm_state=None, tokens=None, last_token=None, token_duration=None, last_frame=None)"
566,àn ɔ́ɟɔ́ káɾó t̪á t̪ʊ̀lí tàmə̀ɾðɔ́ ápɾíɲà,who said thet the lion bit the boy?,who said the lion bit the boy?,"Hypothesis(score=0.0, y_sequence=tensor([1887, 1154, 1244, 1203, 1163, 1226, 1191, 1509, 1203, 1191, 1690, 2086]), text='who did the lion bite the boy?', dec_out=None, dec_state=None, timestamp=[], alignments=None, frame_confidence=None, token_confidence=None, word_confidence=None, length=0, y=None, lm_state=None, lm_scores=None, ngram_lm_state=None, tokens=None, last_token=None, token_duration=None, last_frame=None)"
567,àn ɔ́ɟɔ́ kɛ́ɾðɛ̀ðó t̪á t̪ʊ̀lí tàmə̀ɾðɔ́ ápɾíɲà,who asked if the lion bit the boy?,who did the lion chase away?,"Hypothesis(score=0.0, y_sequence=tensor([1887, 1154, 1244, 1203, 1163, 1226, 1191, 1509, 1203, 1191, 1690, 2086]), text='who did the lion bite the boy?', dec_out=None, dec_state=None, timestamp=[], alignments=None, frame_confidence=None, token_confidence=None, word_confidence=None, length=0, y=None, lm_state=None, lm_scores=None, ngram_lm_state=None, tokens=None, last_token=None, token_duration=None, last_frame=None)"
568,àn ɔ́ɟɔ́ kɛ́ɾðɛ̀ðó t̪á àn ɔ́ndì kámə̀ɾðɔ́ ápɾíɲà,who asked what bit the boy?,"who did the lion bite, who did the boy chase?","Hypothesis(score=0.0, y_sequence=tensor([1887, 1259, 1435, 1154, 1244, 1324, 1485, 1214, 2086, 1326, 1185, 1154,
        1244, 1203, 1191, 1690, 1191, 1509, 2086]), text='who else did you pull? what did the boy bite?', dec_out=None, dec_state=None, timestamp=[], alignments=None, frame_confidence=None, token_confidence=None, word_confidence=None, length=0, y=None, lm_state=None, lm_scores=None, ngram_lm_state=None, tokens=None, last_token=None, token_duration=None, last_frame=None)"
569,àn ɔ́ndì káɾógɛ́ ɔ̀ɟɔ́ t̪á kàmə̀ɾðɔ́ ápɾíɲà,what did who say bit the boy?,what did who say bit the boy?,"Hypothesis(score=0.0, y_sequence=tensor([1326, 1185, 1154, 1244, 1887, 1317, 2045, 1191, 1177, 1203, 1191, 1690,
        2086]), text='what did who say bit the boy?', dec_out=None, dec_state=None, timestamp=[], alignments=None, frame_confidence=None, token_confidence=None, word_confidence=None, length=0, y=None, lm_state=None, lm_scores=None, ngram_lm_state=None, tokens=None, last_token=None, token_duration=None, last_frame=None)"
570,àn t̪ʊ́lí táɾó tɛ́ ɔ̀ɟɔ́ t̪á t̪àmə̀ɾðɔ́ ápɾíɲà,it's the lion that who said bit the boy,it's the lion that the boy said the lion will bite,"Hypothesis(score=0.0, y_sequence=tensor([1320, 2051, 2027, 1203, 1163, 1226, 1887, 1318, 1178, 1246, 1203, 1191,
        1690, 1887, 1191, 1177, 1203, 1191, 1690]), text=""it's the lion who chased the boy who bit the boy"", dec_out=None, dec_state=None, timestamp=[], alignments=None, frame_confidence=None, token_confidence=None, word_confidence=None, length=0, y=None, lm_state=None, lm_scores=None, ngram_lm_state=None, tokens=None, last_token=None, token_duration=None, last_frame=None)"
571,àn ɔ́ɟɔ́ káɾó gɛ́ káɾó gɛ́ ùɾnɔ̀ t̪á kàmə̀ɾðɔ́ t̪ʊ̀lì,who did grandpa say that the lion bit?,who did grandpa say the lion will bite?,"Hypothesis(score=0.0, y_sequence=tensor([1887, 1154, 1244, 1434, 1271, 2041, 1185, 1679, 1317, 2045, 1203, 1163,
        1226, 1191, 1177, 2086]), text='who did grandfather say the lion bit?', dec_out=None, dec_state=None, timestamp=[], alignments=None, frame_confidence=None, token_confidence=None, word_confidence=None, length=0, y=None, lm_state=None, lm_scores=None, ngram_lm_state=None, tokens=None, last_token=None, token_duration=None, last_frame=None)"
572,t̪ʊ̀lí t̪áɾó tɛ́ ùɾnɔ̀ɔ̌ t̪àmə̀ɾðɔ́ ápɾíɲá t̪ə̀ɽà,the lion that grandpa said bit the boy was big,"the lion, when he heard that, he began to bite the boy","Hypothesis(score=0.0, y_sequence=tensor([1203, 1163, 1226, 1318, 1178, 1246, 1434, 1271, 2041, 1185, 1679, 1203,
        1191, 1690, 1191, 1177, 1239, 1191, 1225]), text='the lion chased grandfather the boy bit is big', dec_out=None, dec_state=None, timestamp=[], alignments=None, frame_confidence=None, token_confidence=None, word_confidence=None, length=0, y=None, lm_state=None, lm_scores=None, ngram_lm_state=None, tokens=None, last_token=None, token_duration=None, last_frame=None)"
573,t̪ʊ̀lí t̪áɾó tɛ́ ùɾnɔ̀ t̪àmə̀ɾðɔ́ ápɾíɲá t̪ə̀ɽà,the lion that grandpa said bit the boy was big,the lion he saw bit the boy,"Hypothesis(score=0.0, y_sequence=tensor([1203, 1163, 1226, 1448, 2031, 1317, 1244, 1434, 1271, 2041, 1185, 1679,
        1191, 1177, 1203, 1191, 1690, 1191, 1225]), text='the lion also said grandfather bit the boy big', dec_out=None, dec_state=None, timestamp=[], alignments=None, frame_confidence=None, token_confidence=None, word_confidence=None, length=0, y=None, lm_state=None, lm_scores=None, ngram_lm_state=None, tokens=None, last_token=None, token_duration=None, last_frame=None)"
574,t̪ʊ̀lí t̪ə́ɽá t̪áɾó tɛ́ ùɾnɔ̀ t̪àmə̀ɾðɔ́ ápɾíɲá,the lion that grandpa said bit the boy is big,"the lion should have been big, the grandfather should have been big","Hypothesis(score=0.0, y_sequence=tensor([1203, 1163, 1226, 1172, 1379, 1263, 1434, 1271, 2041, 1185, 1679, 1887,
        1172, 1379, 1191, 1509, 1203, 1191, 1690]), text='the lion will be grandfather who will bite the boy', dec_out=None, dec_state=None, timestamp=[], alignments=None, frame_confidence=None, token_confidence=None, word_confidence=None, length=0, y=None, lm_state=None, lm_scores=None, ngram_lm_state=None, tokens=None, last_token=None, token_duration=None, last_frame=None)"
575,t̪ʊ̀lí t̪ə́ɽá t̪àɾó tɛ́ ùɾnɔ̀ t̪àmə̀ɾðɔ́ ápɾíɲá,"the big lion, grandpa said bit the boy",the lion should have said that to the boy,"Hypothesis(score=0.0, y_sequence=tensor([1203, 1163, 1226, 1366, 1191, 1225, 2043, 1434, 1271, 2041, 1185, 1679,
        1317, 1244, 1203, 1191, 1690, 1191, 1177]), text='the lion was big, grandfather said the boy bit', dec_out=None, dec_state=None, timestamp=[], alignments=None, frame_confidence=None, token_confidence=None, word_confidence=None, length=0, y=None, lm_state=None, lm_scores=None, ngram_lm_state=None, tokens=None, last_token=None, token_duration=None, last_frame=None)"
576,t̪ʊ̀lí t̪ə́ɽá t̪áɾó tɛ́ ùɾnɔ̀ t̪àmə̀ɾðɔ́ ápɾíɲá,the lion grandpa said bit the boy is big,"the lion should have been big, the grandfather should have been big","Hypothesis(score=0.0, y_sequence=tensor([1203, 1163, 1226, 1172, 1379, 1458, 1265, 1388, 1203, 1434, 1271, 2041,
        1185, 1679, 1887, 1191, 1177, 1203, 1191, 1690]), text='the lion will attack the grandfather who bit the boy', dec_out=None, dec_state=None, timestamp=[], alignments=None, frame_confidence=None, token_confidence=None, word_confidence=None, length=0, y=None, lm_state=None, lm_scores=None, ngram_lm_state=None, tokens=None, last_token=None, token_duration=None, last_frame=None)"
577,sɔ̀ɽíŋgɔ́ sə́tàn,the little donkey is small,Parts of: small donkey appeared,"Hypothesis(score=0.0, y_sequence=tensor([1203, 1397, 1331, 2045, 1239, 1160, 1505]), text='the donkey is tall', dec_out=None, dec_state=None, timestamp=[], alignments=None, frame_confidence=None, token_confidence=None, word_confidence=None, length=0, y=None, lm_state=None, lm_scores=None, ngram_lm_state=None, tokens=None, last_token=None, token_duration=None, last_frame=None)"
578,kúkùŋà kákàgɛ̀ lǎŋt̪ɛ̀ nɛ̀ lə̀vɛ̀r,Kuku and Kaka saw something in the field (and left),Kuku and Kaka will see something in the field,"Hypothesis(score=0.0, y_sequence=tensor([1358, 2032, 2049, 2032, 1241, 1358, 1746, 2026, 1172, 1379, 1954, 1536,
        1229, 2036, 1219, 1201, 1203, 1190, 1180, 1457]), text='Kuku and Kaka will see something in the field', dec_out=None, dec_state=None, timestamp=[], alignments=None, frame_confidence=None, token_confidence=None, word_confidence=None, length=0, y=None, lm_state=None, lm_scores=None, ngram_lm_state=None, tokens=None, last_token=None, token_duration=None, last_frame=None)"
579,kúkùŋà kákàgɛ̀ láŋíðàt̪à nɛ̀ lə̀vɛ̀r,Kuku and Kaka will see (something) in the field,Kuku and Kaka will see something in the field,"Hypothesis(score=0.0, y_sequence=tensor([1358, 2032, 2049, 2032, 1241, 1358, 1746, 2026, 1172, 1379, 1954, 1536,
        1229, 2036, 1219, 1201, 1203, 1190, 1180, 1457]), text='Kuku and Kaka will see something in the field', dec_out=None, dec_state=None, timestamp=[], alignments=None, frame_confidence=None, token_confidence=None, word_confidence=None, length=0, y=None, lm_state=None, lm_scores=None, ngram_lm_state=None, tokens=None, last_token=None, token_duration=None, last_frame=None)"
580,kúkùŋà kákàgɛ̀ láŋt̪íðì nɛ̀ lə̀vɛ̀r,Kuku and Kaka saw each other OR saw something in the field and left,Kuku and Kaka will see something in the field (far),"Hypothesis(score=0.0, y_sequence=tensor([1358, 2032, 2049, 2032, 1241, 1358, 1746, 2026, 1172, 1379, 1954, 1536,
        1229, 2036, 1219, 1201, 1203, 1190, 1180, 1457]), text='Kuku and Kaka will see something in the field', dec_out=None, dec_state=None, timestamp=[], alignments=None, frame_confidence=None, token_confidence=None, word_confidence=None, length=0, y=None, lm_state=None, lm_scores=None, ngram_lm_state=None, tokens=None, last_token=None, token_duration=None, last_frame=None)"
581,kúkùŋà kákàgɛ̀ láŋt̪íðà nɛ̀ lə̀vɛ̀r,Kuku and Kaka will see each other OR see something in the field,Kuku and Kaka will see something in the field,"Hypothesis(score=0.0, y_sequence=tensor([1358, 2032, 2049, 2032, 1241, 1358, 1746, 2026, 1172, 1379, 1954, 1419,
        1253, 1453, 1201, 1203, 1190, 1180, 1457]), text='Kuku and Kaka will see all of us in the field', dec_out=None, dec_state=None, timestamp=[], alignments=None, frame_confidence=None, token_confidence=None, word_confidence=None, length=0, y=None, lm_state=None, lm_scores=None, ngram_lm_state=None, tokens=None, last_token=None, token_duration=None, last_frame=None)"
582,kúkù kɜ̀ŋcí kákàŋú ŋɛ́nɛ̀,Kuku showed Kaka a dog,Kuku introduced Kaka to him,"Hypothesis(score=0.0, y_sequence=tensor([1358, 2032, 2049, 2032, 1588, 1335, 1246, 1358, 1746, 2026, 1157, 1421,
        2039]), text='Kuku showed Kaka a dog', dec_out=None, dec_state=None, timestamp=[], alignments=None, frame_confidence=None, token_confidence=None, word_confidence=None, length=0, y=None, lm_state=None, lm_scores=None, ngram_lm_state=None, tokens=None, last_token=None, token_duration=None, last_frame=None)"
583,kúkù kɜ́ŋcì kákàŋú ŋɛ́nɛ̀,Kuku showed Kaka a dog (and left),Kuku showed Kaka a dog,"Hypothesis(score=0.0, y_sequence=tensor([1358, 2032, 2049, 2032, 1172, 1379, 1588, 1335, 1358, 1746, 2026, 1157,
        1421, 2039, 2023, 2122, 2041, 1174, 2121]), text='Kuku will show Kaka a dog (far)', dec_out=None, dec_state=None, timestamp=[], alignments=None, frame_confidence=None, token_confidence=None, word_confidence=None, length=0, y=None, lm_state=None, lm_scores=None, ngram_lm_state=None, tokens=None, last_token=None, token_duration=None, last_frame=None)"
584,kúkù kɜ̂ŋcí kákàŋú ŋɛ́nɛ̀,Kuku will show Kaka a dog (far),Kuku introduced Kaka to him,"Hypothesis(score=0.0, y_sequence=tensor([1358, 2032, 2049, 2032, 1588, 1335, 1246, 1358, 1746, 2026, 1157, 1421,
        2039, 2023, 2122, 1271, 1240, 1595, 2121]), text='Kuku showed Kaka a dog (and left)', dec_out=None, dec_state=None, timestamp=[], alignments=None, frame_confidence=None, token_confidence=None, word_confidence=None, length=0, y=None, lm_state=None, lm_scores=None, ngram_lm_state=None, tokens=None, last_token=None, token_duration=None, last_frame=None)"
585,kúkùŋà kákàgɛ̀ lɜ́ŋcíðì ŋɛ́nɛ̀,Kuku and Kaka showed (someone) a dog (and left),Kuku and Kaka showed each other a dog (and left),"Hypothesis(score=0.0, y_sequence=tensor([1358, 2032, 2049, 2032, 1241, 1358, 1746, 2026, 1588, 1335, 1246, 1301,
        1157, 1421, 2039, 2023, 2122, 1271, 1240, 1595, 2121]), text='Kuku and Kaka showed me a dog (and left)', dec_out=None, dec_state=None, timestamp=[], alignments=None, frame_confidence=None, token_confidence=None, word_confidence=None, length=0, y=None, lm_state=None, lm_scores=None, ngram_lm_state=None, tokens=None, last_token=None, token_duration=None, last_frame=None)"
586,kúkùŋà kákàgɛ̀ lɜ̀ŋcìðú ŋɛ́nɛ̀,Kuku and Kaka showed (someone) a dog,Kuku and Kaka showed each other a dog,"Hypothesis(score=0.0, y_sequence=tensor([1358, 2032, 2049, 2032, 1241, 1358, 1746, 2026, 1588, 1335, 1246, 1157,
        1421, 2039, 1221, 1175, 1382, 1200, 1711]), text='Kuku and Kaka showed a dog to each other', dec_out=None, dec_state=None, timestamp=[], alignments=None, frame_confidence=None, token_confidence=None, word_confidence=None, length=0, y=None, lm_state=None, lm_scores=None, ngram_lm_state=None, tokens=None, last_token=None, token_duration=None, last_frame=None)"
587,kúkùŋà kákàgɛ̀ lɛ̂ŋcí ɔ̀ɾà ŋɛ́nɛ̀,Kuku and Kaka will show each other a dog (far),Kuku and Kaka will show each other a dog,"Hypothesis(score=0.0, y_sequence=tensor([1358, 2032, 2049, 2032, 1241, 1358, 1746, 2026, 1172, 1379, 1588, 1335,
        1175, 1382, 1200, 1711, 1157, 1421, 2039]), text='Kuku and Kaka will show each other a dog', dec_out=None, dec_state=None, timestamp=[], alignments=None, frame_confidence=None, token_confidence=None, word_confidence=None, length=0, y=None, lm_state=None, lm_scores=None, ngram_lm_state=None, tokens=None, last_token=None, token_duration=None, last_frame=None)"
588,kúkù kɾ̀ŋìt̪ɔ́ kákàŋù,Kuku kept quiet for Kaka,Kuku will taste Kaka (far),"Hypothesis(score=0.0, y_sequence=tensor([1358, 2032, 2049, 2032, 1699, 1720, 1446, 1358, 1746, 2026, 1221, 2044,
        1525, 2027]), text='Kuku brought Kaka towards', dec_out=None, dec_state=None, timestamp=[], alignments=None, frame_confidence=None, token_confidence=None, word_confidence=None, length=0, y=None, lm_state=None, lm_scores=None, ngram_lm_state=None, tokens=None, last_token=None, token_duration=None, last_frame=None)"
589,kúkù káɾŋít̪ɛ̀ kákàŋù,Kuku kept quiet for Kaka (and left),Kuku will keep quiet for Kaka (far),"Hypothesis(score=0.0, y_sequence=tensor([1358, 2032, 2049, 2032, 1172, 1379, 1785, 2024, 2038, 1187, 1180, 2029,
        1340, 1358, 1746, 2026]), text='Kuku will keep quiet for Kaka', dec_out=None, dec_state=None, timestamp=[], alignments=None, frame_confidence=None, token_confidence=None, word_confidence=None, length=0, y=None, lm_state=None, lm_scores=None, ngram_lm_state=None, tokens=None, last_token=None, token_duration=None, last_frame=None)"
590,àn ɔ́ndì káɾɔ́gɛ́ ùɾnɔ̀ t̪á kàmə̀ɾðɔ́ ápɾíɲà,what did grandpa say bit the boy?,INTENDED: what did grandpa say bit the boy? (far),"Hypothesis(score=0.0, y_sequence=tensor([1308, 2036, 1185, 1154, 1244, 1434, 1271, 2041, 1185, 1679, 1317, 2045,
        1191, 1177, 1203, 1191, 1690, 2086]), text='What did grandfather say bit the boy?', dec_out=None, dec_state=None, timestamp=[], alignments=None, frame_confidence=None, token_confidence=None, word_confidence=None, length=0, y=None, lm_state=None, lm_scores=None, ngram_lm_state=None, tokens=None, last_token=None, token_duration=None, last_frame=None)"
591,t̪ʊ̀lí t̪áɾɔ́t̪ɛ́ ùɾnɔ̀ t̪àmə̀ɾðɔ́ ápɾíɲà tə̀ɽà,the lion grandpa said bit the boy is big,the lion he saw yesterday bit the boy fast,"Hypothesis(score=0.0, y_sequence=tensor([1203, 1163, 1226, 1221, 1457, 1434, 1271, 2041, 1185, 1679, 1203, 1191,
        1690, 1191, 1177]), text='the lion told grandfather the boy bit', dec_out=None, dec_state=None, timestamp=[], alignments=None, frame_confidence=None, token_confidence=None, word_confidence=None, length=0, y=None, lm_state=None, lm_scores=None, ngram_lm_state=None, tokens=None, last_token=None, token_duration=None, last_frame=None)"
592,t̪ʊ̀lí t̪àððɔ́ ápɾíɲà èŋgáð jɛ̀,the lion attacked the boy with its teeth,the lion bit the boy,"Hypothesis(score=0.0, y_sequence=tensor([1203, 1163, 1226, 1191, 1177, 1203, 1191, 1690]), text='the lion bit the boy', dec_out=None, dec_state=None, timestamp=[], alignments=None, frame_confidence=None, token_confidence=None, word_confidence=None, length=0, y=None, lm_state=None, lm_scores=None, ngram_lm_state=None, tokens=None, last_token=None, token_duration=None, last_frame=None)"
593,t̪ʊ̀lí t̪àððɔ́ ápɾíɲà èŋgáð jɛ́ ùnɛ̀ɾɛ̀,the lion attacked the boy with its teeth yesterday,the lion bit the boy yesterday (and left),"Hypothesis(score=0.0, y_sequence=tensor([1753, 1163, 1226, 1198, 2026, 1220, 1203, 1191, 1690, 1203, 1164, 1335,
        1205, 1156, 1272, 2034, 1364, 2048]), text='The lion gave the boy the cow yesterday.', dec_out=None, dec_state=None, timestamp=[], alignments=None, frame_confidence=None, token_confidence=None, word_confidence=None, length=0, y=None, lm_state=None, lm_scores=None, ngram_lm_state=None, tokens=None, last_token=None, token_duration=None, last_frame=None)"
594,t̪ʊ̀lí t̪àððàt̪ɔ́ ápɾíɲà ðùɽì nd̪ɾì,the lion attacked the boy next to the tree,the lion bit the boy about the wood tomorrow,"Hypothesis(score=0.0, y_sequence=tensor([1203, 1163, 1226, 1172, 1379, 1154, 1209, 2038, 1203, 1191, 1690, 2051,
        2027, 1160, 1911, 1949, 1596]), text=""the lion will drop the boy's tree inside"", dec_out=None, dec_state=None, timestamp=[], alignments=None, frame_confidence=None, token_confidence=None, word_confidence=None, length=0, y=None, lm_state=None, lm_scores=None, ngram_lm_state=None, tokens=None, last_token=None, token_duration=None, last_frame=None)"
595,àn âw káɾɔ́gɛ́ ùɾnɔ̀ kàððɔ́gɛ́ t̪ùlí àpɾíɲà,how did grandpa say the lion attacked the boy?,how did grandpa say the lion attacked the boy?,"Hypothesis(score=0.0, y_sequence=tensor([1866, 1154, 1244, 1434, 1271, 2041, 1185, 1679, 1317, 2045, 1203, 1163,
        1226, 1458, 1265, 1388, 1246, 1203, 1191, 1690, 2086]), text='how did grandfather say the lion attacked the boy?', dec_out=None, dec_state=None, timestamp=[], alignments=None, frame_confidence=None, token_confidence=None, word_confidence=None, length=0, y=None, lm_state=None, lm_scores=None, ngram_lm_state=None, tokens=None, last_token=None, token_duration=None, last_frame=None)"
596,àn âw káɾɔ́gɛ́ ùɾnɔ̀ kágɛ́ t̪ùlí àððà àpɾíɲà,how did grandpa say the lion will attack the boy?,how did grandpa say the lion will attack the boy?,"Hypothesis(score=0.0, y_sequence=tensor([1345, 1335, 1154, 1244, 1434, 1271, 2041, 1185, 1679, 1317, 2045, 1203,
        1163, 1226, 1172, 1379, 1458, 1265, 1388, 1203, 1191, 1690, 2086]), text='How did grandfather say the lion will attack the boy?', dec_out=None, dec_state=None, timestamp=[], alignments=None, frame_confidence=None, token_confidence=None, word_confidence=None, length=0, y=None, lm_state=None, lm_scores=None, ngram_lm_state=None, tokens=None, last_token=None, token_duration=None, last_frame=None)"
597,àn âw káɾɔ́gɛ́ ùɾnɔ̀ kágɛ́ kágɛ́ t̪ùlí àððà àpɾíɲà,how did grandpa say the lion will attack the boy?,how did grandpa say the lion will attack the boy?,"Hypothesis(score=0.0, y_sequence=tensor([1345, 1335, 1154, 1244, 1434, 1271, 2041, 1185, 1679, 1317, 2045, 1203,
        1163, 1226, 1172, 1379, 1458, 1265, 1388, 1203, 1191, 1690, 2086]), text='How did grandfather say the lion will attack the boy?', dec_out=None, dec_state=None, timestamp=[], alignments=None, frame_confidence=None, token_confidence=None, word_confidence=None, length=0, y=None, lm_state=None, lm_scores=None, ngram_lm_state=None, tokens=None, last_token=None, token_duration=None, last_frame=None)"
598,àn ndɔ́n káɾɔ́gɛ́ ùɾnɔ̀ kàmə̀ɾðɔ́gɛ́ t̪ùlí àpɾíɲà,when did grandpa say the lion bit the boy?,which day did grandpa say the lion attacked the boy?,"Hypothesis(score=0.0, y_sequence=tensor([1308, 2036, 1185, 1154, 1244, 1434, 1271, 2041, 1185, 1679, 1317, 2045,
        1203, 1163, 1226, 1458, 1265, 1388, 1246, 1203, 1191, 1690, 2086]), text='What did grandfather say the lion attacked the boy?', dec_out=None, dec_state=None, timestamp=[], alignments=None, frame_confidence=None, token_confidence=None, word_confidence=None, length=0, y=None, lm_state=None, lm_scores=None, ngram_lm_state=None, tokens=None, last_token=None, token_duration=None, last_frame=None)"
599,àn ndɔ́n káɾɔ́gɛ́ ùɾnɔ̀ kágɛ́ t̪ùlí àððà àpɾíɲà,when did grandpa say the lion will attack the boy?,which day did grandpa say the lion will attack the boy?,"Hypothesis(score=0.0, y_sequence=tensor([1308, 2036, 1216, 1392, 2039, 1154, 1244, 1434, 1271, 2041, 1185, 1679,
        1317, 2045, 1203, 1163, 1226, 1172, 1379, 1191, 1509, 2086]), text='Which song did grandfather say the lion will bite?', dec_out=None, dec_state=None, timestamp=[], alignments=None, frame_confidence=None, token_confidence=None, word_confidence=None, length=0, y=None, lm_state=None, lm_scores=None, ngram_lm_state=None, tokens=None, last_token=None, token_duration=None, last_frame=None)"
600,àn ŋgá káɾɔ́gɛ́ ùɾnɔ̀ kàmə̀ɾðɔ́t̪ɔ́l t̪ùlí àpɾíɲà,where did grandpa say the lion bit the boy?,it's with his teeth grandpa said the lion attacked the boy,"Hypothesis(score=0.0, y_sequence=tensor([1326, 1302, 1154, 1244, 1434, 1271, 2041, 1185, 1679, 1557, 1335, 1203,
        1163, 1226, 1191, 1177, 2086]), text='where did grandfather know the lion bit?', dec_out=None, dec_state=None, timestamp=[], alignments=None, frame_confidence=None, token_confidence=None, word_confidence=None, length=0, y=None, lm_state=None, lm_scores=None, ngram_lm_state=None, tokens=None, last_token=None, token_duration=None, last_frame=None)"
601,àn ŋgá káɾɔ́gɛ́ ùɾnɔ̀ kàððàt̪ɔ́l t̪ùlí àpɾíɲà,where did grandpa say the lion attacked the boy?,it's with its teeth that grandpa said the lion attacked the boy,"Hypothesis(score=0.0, y_sequence=tensor([1326, 1302, 1154, 1244, 1434, 1271, 1779, 1317, 2045, 1203, 1163, 1226,
        1458, 1265, 1388, 1246, 1203, 1191, 1690, 2086]), text='where did grandpa say the lion attacked the boy?', dec_out=None, dec_state=None, timestamp=[], alignments=None, frame_confidence=None, token_confidence=None, word_confidence=None, length=0, y=None, lm_state=None, lm_scores=None, ngram_lm_state=None, tokens=None, last_token=None, token_duration=None, last_frame=None)"
602,àn ŋgá káɾɔ́gɛ́ ùɾnɔ̀ t̪á kàððàt̪ɔ́l t̪ùlí àpɾíɲà,where did grandpa say the lion attacked the boy?,it's with his teeth grandpa said the lion will attack the boy,"Hypothesis(score=0.0, y_sequence=tensor([1326, 1302, 1154, 1244, 1434, 1271, 1779, 1317, 2045, 1203, 1163, 1226,
        1458, 1265, 1388, 1246, 1203, 1191, 1690, 2086]), text='where did grandpa say the lion attacked the boy?', dec_out=None, dec_state=None, timestamp=[], alignments=None, frame_confidence=None, token_confidence=None, word_confidence=None, length=0, y=None, lm_state=None, lm_scores=None, ngram_lm_state=None, tokens=None, last_token=None, token_duration=None, last_frame=None)"
603,àn ŋgá káɾɔ́gɛ́ ùɾnɔ̀ kál t̪ùlí àððàt̪à àpɾíɲà,where did grandpa say the lion will attack the boy?,it's with his teeth grandpa said the lion will attack the boy,"Hypothesis(score=0.0, y_sequence=tensor([1326, 1302, 1154, 1244, 1434, 1271, 2041, 1185, 1679, 1317, 2045, 1203,
        1163, 1226, 1172, 1379, 1191, 1167, 1746, 1203, 1191, 1690, 2086]), text='where did grandfather say the lion will break the boy?', dec_out=None, dec_state=None, timestamp=[], alignments=None, frame_confidence=None, token_confidence=None, word_confidence=None, length=0, y=None, lm_state=None, lm_scores=None, ngram_lm_state=None, tokens=None, last_token=None, token_duration=None, last_frame=None)"
604,àn únɛ́ɾɛ́ káɾɔ́gɛ́ ùɾnɔ̀ tá kàððɔ́gɛ́ t̪ùlí àpɾíɲà,when did grandpa say the lion attacked the boy?,it's yesterday that grandpa said the lion bit the boy,"Hypothesis(score=0.0, y_sequence=tensor([1308, 2036, 1185, 1154, 1244, 1434, 1271, 1779, 1317, 2045, 1203, 1163,
        1226, 1458, 1265, 1388, 1246, 1203, 1191, 1690, 2086]), text='What did grandpa say the lion attacked the boy?', dec_out=None, dec_state=None, timestamp=[], alignments=None, frame_confidence=None, token_confidence=None, word_confidence=None, length=0, y=None, lm_state=None, lm_scores=None, ngram_lm_state=None, tokens=None, last_token=None, token_duration=None, last_frame=None)"
605,kúkù kápɛ̀ ìndɔ̀,Kuku beat the drum (and left),Kuku beat the drum,"Hypothesis(score=0.0, y_sequence=tensor([1358, 2032, 2049, 2032, 1263, 1185, 1203, 1154, 2030, 1261]), text='Kuku beat the drum', dec_out=None, dec_state=None, timestamp=[], alignments=None, frame_confidence=None, token_confidence=None, word_confidence=None, length=0, y=None, lm_state=None, lm_scores=None, ngram_lm_state=None, tokens=None, last_token=None, token_duration=None, last_frame=None)"
606,kúkù kə̀pìt̪ɔ́ kákàŋú índɔ̀,Kuku beat the drum for Kaka,Kuku beat Kaka's drum,"Hypothesis(score=0.0, y_sequence=tensor([1358, 2032, 2049, 2032, 1263, 1185, 1358, 1746, 2026, 2051, 2027, 1191,
        1246, 1154, 2030, 1261]), text=""Kuku beat Kaka's bed drum"", dec_out=None, dec_state=None, timestamp=[], alignments=None, frame_confidence=None, token_confidence=None, word_confidence=None, length=0, y=None, lm_state=None, lm_scores=None, ngram_lm_state=None, tokens=None, last_token=None, token_duration=None, last_frame=None)"
607,kúkù kápít̪ɛ̀ kákàŋú índɔ̀,Kuku beat the drum for Kaka (and left),Kuku will drink milk for Kaka,"Hypothesis(score=0.0, y_sequence=tensor([1358, 2032, 2049, 2032, 1699, 1720, 1446, 1358, 1746, 2026, 2051, 2027,
        1154, 2030, 1261]), text=""Kuku brought Kaka's drum"", dec_out=None, dec_state=None, timestamp=[], alignments=None, frame_confidence=None, token_confidence=None, word_confidence=None, length=0, y=None, lm_state=None, lm_scores=None, ngram_lm_state=None, tokens=None, last_token=None, token_duration=None, last_frame=None)"
608,kúkù kǎpít̪ɔ̀ kákàŋú índɔ̀,Kuku will beat the drum for Kaka,Kuku will drink water for Kaka,"Hypothesis(score=0.0, y_sequence=tensor([1358, 2032, 2049, 2032, 1263, 1185, 1358, 1746, 2026, 2051, 2027, 1154,
        2030, 1261]), text=""Kuku beat Kaka's drum"", dec_out=None, dec_state=None, timestamp=[], alignments=None, frame_confidence=None, token_confidence=None, word_confidence=None, length=0, y=None, lm_state=None, lm_scores=None, ngram_lm_state=None, tokens=None, last_token=None, token_duration=None, last_frame=None)"
609,kúkù kâpìt̪ɔ́ kákàŋú índɔ̀,Kuku will beat the drum for Kaka (far),Kuku will bring Kaka to school (far),"Hypothesis(score=0.0, y_sequence=tensor([1358, 2032, 2049, 2032, 1172, 1379, 1263, 1185, 1358, 1746, 2026, 2051,
        2027, 1154, 2030, 1261]), text=""Kuku will beat Kaka's drum"", dec_out=None, dec_state=None, timestamp=[], alignments=None, frame_confidence=None, token_confidence=None, word_confidence=None, length=0, y=None, lm_state=None, lm_scores=None, ngram_lm_state=None, tokens=None, last_token=None, token_duration=None, last_frame=None)"
610,kúkù kə̀pɜ̀ìt̪ɔ́ kákàŋú índɔ̀,Kuku beat the drum instead of Kaka,Kuku beat Kaka's drum,"Hypothesis(score=0.0, y_sequence=tensor([1358, 2032, 2049, 2032, 1263, 1185, 1358, 1746, 2026, 1201, 1203, 1190,
        1180, 1457]), text='Kuku beat Kaka in the field', dec_out=None, dec_state=None, timestamp=[], alignments=None, frame_confidence=None, token_confidence=None, word_confidence=None, length=0, y=None, lm_state=None, lm_scores=None, ngram_lm_state=None, tokens=None, last_token=None, token_duration=None, last_frame=None)"
611,kúkù kápɜ́ìt̪ɛ̀ kákàŋú índɔ̀,Kuku beat the drum instead of Kaka (and left),Kuku took (something) away from Kaka,"Hypothesis(score=0.0, y_sequence=tensor([1358, 2032, 2049, 2032, 1172, 1379, 1699, 1219, 1358, 1746, 2026, 1638,
        1547, 2012, 1179, 1209, 2044]), text='Kuku will bring Kaka food tomorrow', dec_out=None, dec_state=None, timestamp=[], alignments=None, frame_confidence=None, token_confidence=None, word_confidence=None, length=0, y=None, lm_state=None, lm_scores=None, ngram_lm_state=None, tokens=None, last_token=None, token_duration=None, last_frame=None)"
612,kúkù kâpɜ̀ìt̪ɔ́ kákàŋú índɔ̀,Kuku will beat the drum instead of Kaka (far),Kuku will beat Kaka's drum,"Hypothesis(score=0.0, y_sequence=tensor([1358, 2032, 2049, 2032, 1172, 1379, 1263, 1185, 1358, 1746, 2026, 1201,
        1203, 1190, 1180, 1457]), text='Kuku will beat Kaka in the field', dec_out=None, dec_state=None, timestamp=[], alignments=None, frame_confidence=None, token_confidence=None, word_confidence=None, length=0, y=None, lm_state=None, lm_scores=None, ngram_lm_state=None, tokens=None, last_token=None, token_duration=None, last_frame=None)"
613,kúkù kǎpɜ́ìt̪ɔ̀ kákàŋú índɔ̀,Kuku will beat the drum instead of Kaka,Kuku will beat Kaka's drum,"Hypothesis(score=0.0, y_sequence=tensor([1358, 2032, 2049, 2032, 1172, 1379, 1263, 1185, 1358, 1746, 2026, 2051,
        2027, 1154, 2030, 1261]), text=""Kuku will beat Kaka's drum"", dec_out=None, dec_state=None, timestamp=[], alignments=None, frame_confidence=None, token_confidence=None, word_confidence=None, length=0, y=None, lm_state=None, lm_scores=None, ngram_lm_state=None, tokens=None, last_token=None, token_duration=None, last_frame=None)"
614,kúkù ŋgǎpít̪ìt̪ɔ̀ kákàŋú índɔ̀,Kuku will beat the drum instead of Kaka,Kuku will drink milk for Kaka,"Hypothesis(score=0.0, y_sequence=tensor([1358, 2032, 2049, 2032, 1172, 1379, 1263, 1185, 1358, 1746, 2026, 2051,
        2027, 1154, 2030, 1261]), text=""Kuku will beat Kaka's drum"", dec_out=None, dec_state=None, timestamp=[], alignments=None, frame_confidence=None, token_confidence=None, word_confidence=None, length=0, y=None, lm_state=None, lm_scores=None, ngram_lm_state=None, tokens=None, last_token=None, token_duration=None, last_frame=None)"
615,kúkù kə̀pìt̪ìt̪ɔ́ kákàŋú índɔ̀,Kuku beat the drum instead of Kaka,Kuku beat Kaka's drum,"Hypothesis(score=0.0, y_sequence=tensor([1358, 2032, 2049, 2032, 1263, 1185, 1358, 1746, 2026, 2051, 2027, 1154,
        2030, 1261]), text=""Kuku beat Kaka's drum"", dec_out=None, dec_state=None, timestamp=[], alignments=None, frame_confidence=None, token_confidence=None, word_confidence=None, length=0, y=None, lm_state=None, lm_scores=None, ngram_lm_state=None, tokens=None, last_token=None, token_duration=None, last_frame=None)"
616,kúkù kápít̪ìt̪ɛ̀ kákàŋú índɔ̀,Kuku beat the drum instead of Kaka (and left),Kuku will drink in the field for Kaka,"Hypothesis(score=0.0, y_sequence=tensor([1358, 2032, 2049, 2032, 1172, 1379, 1263, 1185, 1358, 1746, 2026, 1201,
        1203, 1190, 1180, 1457]), text='Kuku will beat Kaka in the field', dec_out=None, dec_state=None, timestamp=[], alignments=None, frame_confidence=None, token_confidence=None, word_confidence=None, length=0, y=None, lm_state=None, lm_scores=None, ngram_lm_state=None, tokens=None, last_token=None, token_duration=None, last_frame=None)"
617,kúkù kâpìt̪ìt̪ɔ́ kákàŋú índɔ̀,Kuku will beat the drum for Kaka (far),Kuku will bring a bundle of candles to Kaka,"Hypothesis(score=0.0, y_sequence=tensor([1358, 2032, 2049, 2032, 1172, 1379, 1699, 1219, 1358, 1746, 2026, 1154,
        2030, 1261]), text='Kuku will bring Kaka drum', dec_out=None, dec_state=None, timestamp=[], alignments=None, frame_confidence=None, token_confidence=None, word_confidence=None, length=0, y=None, lm_state=None, lm_scores=None, ngram_lm_state=None, tokens=None, last_token=None, token_duration=None, last_frame=None)"
618,kúkù ŋgâpìt̪ìt̪ɔ́ kákàŋú índɔ̀,Kuku will beat the drum for Kaka (far),Kuku hunts for Kaka,"Hypothesis(score=0.0, y_sequence=tensor([1358, 2032, 2049, 2032, 1172, 1379, 1186, 1271, 1195, 1358, 1746, 2026,
        2051, 2027, 1154, 2030, 1261]), text=""Kuku will handle Kaka's drum"", dec_out=None, dec_state=None, timestamp=[], alignments=None, frame_confidence=None, token_confidence=None, word_confidence=None, length=0, y=None, lm_state=None, lm_scores=None, ngram_lm_state=None, tokens=None, last_token=None, token_duration=None, last_frame=None)"
619,kúkù kǎpíðɔ̀t̪ɔ̀ ǹ lə̀vɛ̀r,Kuku will beat in the field,Kuku will beat in the field,"Hypothesis(score=0.0, y_sequence=tensor([1358, 2032, 2049, 2032, 1186, 1168, 1490, 1201, 1203, 1190, 1180, 1457]), text='Kuku hunts in the field', dec_out=None, dec_state=None, timestamp=[], alignments=None, frame_confidence=None, token_confidence=None, word_confidence=None, length=0, y=None, lm_state=None, lm_scores=None, ngram_lm_state=None, tokens=None, last_token=None, token_duration=None, last_frame=None)"
620,àpɾì jɜ̀ŋcí ŋɛ́nɛ̀,the boy showed a dog,the boy showed a dog,"Hypothesis(score=0.0, y_sequence=tensor([1203, 1191, 1690, 1172, 1379, 1588, 1335, 1203, 1421, 2039, 1221, 1301]), text='the boy will show the dog to me', dec_out=None, dec_state=None, timestamp=[], alignments=None, frame_confidence=None, token_confidence=None, word_confidence=None, length=0, y=None, lm_state=None, lm_scores=None, ngram_lm_state=None, tokens=None, last_token=None, token_duration=None, last_frame=None)"
621,àpɾì jɜ́ŋcɜ́cì ŋɛ́nɛ̀ nɛ̀ lə̀vɛ̀r,the boy showed a dog in the field (and left),the boy showed a dog in the field,"Hypothesis(score=0.0, y_sequence=tensor([1203, 1191, 1690, 1172, 1379, 1588, 1335, 1157, 1421, 2039, 1201, 1203,
        1190, 1180, 1457, 2023, 2122, 2041, 1174, 2121]), text='the boy will show a dog in the field (far)', dec_out=None, dec_state=None, timestamp=[], alignments=None, frame_confidence=None, token_confidence=None, word_confidence=None, length=0, y=None, lm_state=None, lm_scores=None, ngram_lm_state=None, tokens=None, last_token=None, token_duration=None, last_frame=None)"
622,kúkù kɜ̀ŋcìjí ápɾíɲá ŋɛ́nɛ̀,Kuku made the boy show a dog,Kuku made the boy help (and left),"Hypothesis(score=0.0, y_sequence=tensor([1358, 2032, 2049, 2032, 1588, 1335, 1246, 1203, 1421, 2039, 1221, 1203,
        1191, 1690]), text='Kuku showed the dog to the boy', dec_out=None, dec_state=None, timestamp=[], alignments=None, frame_confidence=None, token_confidence=None, word_confidence=None, length=0, y=None, lm_state=None, lm_scores=None, ngram_lm_state=None, tokens=None, last_token=None, token_duration=None, last_frame=None)"
623,kúkù kɜ́ŋcíjì ápɾíɲá ŋɛ́nɛ̀,Kuku made the boy show a dog (and left),Kuku made the boy eat (and left),"Hypothesis(score=0.0, y_sequence=tensor([1358, 2032, 2049, 2032, 1172, 1379, 1588, 1335, 1157, 1421, 2039, 1221,
        1301]), text='Kuku will show a dog to me', dec_out=None, dec_state=None, timestamp=[], alignments=None, frame_confidence=None, token_confidence=None, word_confidence=None, length=0, y=None, lm_state=None, lm_scores=None, ngram_lm_state=None, tokens=None, last_token=None, token_duration=None, last_frame=None)"
624,kúkù kɜ̌ŋcíjɔ̀ ápɾíɲá ŋɛ́nɛ̀,Kuku will make the boy show a dog,Kuku made the boy eat (and left),"Hypothesis(score=0.0, y_sequence=tensor([1358, 2032, 2049, 2032, 1588, 1335, 1246, 1203, 1191, 1690, 1157, 1421,
        2039]), text='Kuku showed the boy a dog', dec_out=None, dec_state=None, timestamp=[], alignments=None, frame_confidence=None, token_confidence=None, word_confidence=None, length=0, y=None, lm_state=None, lm_scores=None, ngram_lm_state=None, tokens=None, last_token=None, token_duration=None, last_frame=None)"
625,kúkù kɜ̂ŋcìjí ápɾíɲá ŋɛ́nɛ̀,Kuku will make the boy show a dog (far),Kuku will make the boy eat food (far),"Hypothesis(score=0.0, y_sequence=tensor([1358, 2032, 2049, 2032, 1588, 1335, 1246, 1203, 1421, 2039, 1221, 1203,
        1191, 1690]), text='Kuku showed the dog to the boy', dec_out=None, dec_state=None, timestamp=[], alignments=None, frame_confidence=None, token_confidence=None, word_confidence=None, length=0, y=None, lm_state=None, lm_scores=None, ngram_lm_state=None, tokens=None, last_token=None, token_duration=None, last_frame=None)"
626,kúkù kɜ̀ŋcìjìt̪ɔ́ ápɾíɲá ŋɛ́nɛ̀ nɛ̀ lə̀vɛ̀r,Kuku made the boy show a dog in the field,Kuku made the boy eat food and left,"Hypothesis(score=0.0, y_sequence=tensor([1358, 2032, 2049, 2032, 1588, 1335, 1246, 1203, 1421, 2039, 1221, 1203,
        1191, 1690, 1201, 1203, 1190, 1180, 1457]), text='Kuku showed the dog to the boy in the field', dec_out=None, dec_state=None, timestamp=[], alignments=None, frame_confidence=None, token_confidence=None, word_confidence=None, length=0, y=None, lm_state=None, lm_scores=None, ngram_lm_state=None, tokens=None, last_token=None, token_duration=None, last_frame=None)"
627,kúkù kɜ̀ŋcìjìðɔ̀t̪ɔ́ ápɾíɲá ŋɛ́nɛ̀ nɛ̀ lə̀vɛ̀r,Kuku made the boy show a dog in the field,Kuku will make the boy eat food in the field,"Hypothesis(score=0.0, y_sequence=tensor([1358, 2032, 2049, 2032, 1588, 1335, 1246, 1203, 1191, 1690, 1201, 1203,
        1190, 1180, 1457]), text='Kuku showed the boy in the field', dec_out=None, dec_state=None, timestamp=[], alignments=None, frame_confidence=None, token_confidence=None, word_confidence=None, length=0, y=None, lm_state=None, lm_scores=None, ngram_lm_state=None, tokens=None, last_token=None, token_duration=None, last_frame=None)"
628,kúkù kɜ̀ŋcìjìðɔ̀t̪ɔ́,Kuku made (the boy) show (a dog),Kuku was a shepherd,"Hypothesis(score=0.0, y_sequence=tensor([1358, 2032, 2049, 2032, 1588, 1335, 1246, 1324, 1536, 1229, 2036, 1219,
        1221, 1186, 1266, 2134, 1679, 2134, 1177]), text='Kuku showed you something to him/her/it', dec_out=None, dec_state=None, timestamp=[], alignments=None, frame_confidence=None, token_confidence=None, word_confidence=None, length=0, y=None, lm_state=None, lm_scores=None, ngram_lm_state=None, tokens=None, last_token=None, token_duration=None, last_frame=None)"
629,kúkù kɜ̀ŋcìjìt̪ɔ́ ápɾíɲá kákàŋú ŋɛ́nɛ̀ nɛ̀ lə̀vɛ̀r,Kuku made the boy show Kaka a dog in the field,Kuku made the boy eat a lot (and left),"Hypothesis(score=0.0, y_sequence=tensor([1358, 2032, 2049, 2032, 1588, 1335, 1246, 1203, 1191, 1690, 1358, 1746,
        2026, 1201, 1203, 1190, 1180, 1457]), text='Kuku showed the boy Kaka in the field', dec_out=None, dec_state=None, timestamp=[], alignments=None, frame_confidence=None, token_confidence=None, word_confidence=None, length=0, y=None, lm_state=None, lm_scores=None, ngram_lm_state=None, tokens=None, last_token=None, token_duration=None, last_frame=None)"
630,kúkù kɜ̀ŋcìðìjìt̪ɔ́ ápɾíɲá kákàŋú ŋɛ́nɛ̀ nɛ̀ lə̀vɛ̀r,Kuku made the boy show Kaka a dog in the field,Kuku will make the boy eat a lot (far away),"Hypothesis(score=0.0, y_sequence=tensor([1358, 2032, 2049, 2032, 1172, 1379, 1588, 1335, 1203, 1191, 1690, 1221,
        1358, 1746, 2026, 1201, 1203, 1190, 1180, 1457]), text='Kuku will show the boy to Kaka in the field', dec_out=None, dec_state=None, timestamp=[], alignments=None, frame_confidence=None, token_confidence=None, word_confidence=None, length=0, y=None, lm_state=None, lm_scores=None, ngram_lm_state=None, tokens=None, last_token=None, token_duration=None, last_frame=None)"
631,kúkù kɜ̀ŋcíŋìǐ ŋûŋ,Kuku introduced me to him,Kuku introduced me to him,"Hypothesis(score=0.0, y_sequence=tensor([1358, 2032, 2049, 2032, 1588, 1335, 1246, 1301, 1203, 1158, 2025, 2026,
        1331]), text='Kuku showed me the snake', dec_out=None, dec_state=None, timestamp=[], alignments=None, frame_confidence=None, token_confidence=None, word_confidence=None, length=0, y=None, lm_state=None, lm_scores=None, ngram_lm_state=None, tokens=None, last_token=None, token_duration=None, last_frame=None)"
632,kúkù kɜ̀ŋcíŋì ŋûŋ,Kuku introduced me to him,Kuku introduced me to him,"Hypothesis(score=0.0, y_sequence=tensor([1358, 2032, 2049, 2032, 1588, 1335, 1246, 1301, 1221, 1186, 1266]), text='Kuku showed me to him', dec_out=None, dec_state=None, timestamp=[], alignments=None, frame_confidence=None, token_confidence=None, word_confidence=None, length=0, y=None, lm_state=None, lm_scores=None, ngram_lm_state=None, tokens=None, last_token=None, token_duration=None, last_frame=None)"
633,kúkù kɜ̀ŋcíŋì ŋâŋ̌,Kuku introduced me to you,Kuku introduced me to you,"Hypothesis(score=0.0, y_sequence=tensor([1358, 2032, 2049, 2032, 1221, 1457, 1301, 1536, 1229, 2036, 1219]), text='Kuku told me something', dec_out=None, dec_state=None, timestamp=[], alignments=None, frame_confidence=None, token_confidence=None, word_confidence=None, length=0, y=None, lm_state=None, lm_scores=None, ngram_lm_state=None, tokens=None, last_token=None, token_duration=None, last_frame=None)"
634,kúkù kɜ̀ŋcíŋì ŋâŋ,Kuku introduced me to you,Kuku introduced me to you,"Hypothesis(score=0.0, y_sequence=tensor([1358, 2032, 2049, 2032, 1588, 1335, 1246, 1301, 1203, 1158, 2025, 2026,
        1331]), text='Kuku showed me the snake', dec_out=None, dec_state=None, timestamp=[], alignments=None, frame_confidence=None, token_confidence=None, word_confidence=None, length=0, y=None, lm_state=None, lm_scores=None, ngram_lm_state=None, tokens=None, last_token=None, token_duration=None, last_frame=None)"
635,kúkù kɜ̀ŋcáŋà ŋîŋ,Kuku introduced you to me,Kuku gave you the snake,"Hypothesis(score=0.0, y_sequence=tensor([1358, 2032, 2049, 2032, 1172, 1379, 1201, 1786, 1465, 1273, 1301, 1221,
        1186, 1266]), text='Kuku will introduce me to him', dec_out=None, dec_state=None, timestamp=[], alignments=None, frame_confidence=None, token_confidence=None, word_confidence=None, length=0, y=None, lm_state=None, lm_scores=None, ngram_lm_state=None, tokens=None, last_token=None, token_duration=None, last_frame=None)"
636,lɛ́ŋgɛ́n k ápɾì,the boy's mom,his/her mother is good,"Hypothesis(score=0.0, y_sequence=tensor([1712, 2134, 1679, 2134, 1721, 1244, 1156, 2071, 1159, 2071, 1461, 2044,
        1239, 1191, 1212]), text='his/her/itsides-in-law is bad', dec_out=None, dec_state=None, timestamp=[], alignments=None, frame_confidence=None, token_confidence=None, word_confidence=None, length=0, y=None, lm_state=None, lm_scores=None, ngram_lm_state=None, tokens=None, last_token=None, token_duration=None, last_frame=None)"
637,lɛ́ŋgɛ́n k ápɾíŋà,the boy's mom,his/her mother is strong,"Hypothesis(score=0.0, y_sequence=tensor([1712, 2134, 1679, 1393, 1711, 1172, 1379, 1191, 1509, 1175, 1382, 1200,
        1711]), text='his/her mother will bite each other', dec_out=None, dec_state=None, timestamp=[], alignments=None, frame_confidence=None, token_confidence=None, word_confidence=None, length=0, y=None, lm_state=None, lm_scores=None, ngram_lm_state=None, tokens=None, last_token=None, token_duration=None, last_frame=None)"
638,kúkù kàpɔ́ ŋɔ́mɔ̀,kuku brought food,Kuku will bring (something),"Hypothesis(score=0.0, y_sequence=tensor([1358, 2032, 2049, 2032, 1263, 1185, 1203, 1638, 1547]), text='Kuku beat the food', dec_out=None, dec_state=None, timestamp=[], alignments=None, frame_confidence=None, token_confidence=None, word_confidence=None, length=0, y=None, lm_state=None, lm_scores=None, ngram_lm_state=None, tokens=None, last_token=None, token_duration=None, last_frame=None)"
639,kúkù kápɛ̀ ŋɔ̀mɔ̀,Kuku took food away,Kuku beat the wood,"Hypothesis(score=0.0, y_sequence=tensor([1358, 2032, 2049, 2032, 1221, 1627, 1638, 1547]), text='Kuku took food', dec_out=None, dec_state=None, timestamp=[], alignments=None, frame_confidence=None, token_confidence=None, word_confidence=None, length=0, y=None, lm_state=None, lm_scores=None, ngram_lm_state=None, tokens=None, last_token=None, token_duration=None, last_frame=None)"
640,kúkù kâpɔ́ ŋɔ́mɔ̀,Kuku will bring food,Kuku will bring (someone) food,"Hypothesis(score=0.0, y_sequence=tensor([1358, 2032, 2049, 2032, 1172, 1379, 1263, 1185, 1638, 1547]), text='Kuku will beat food', dec_out=None, dec_state=None, timestamp=[], alignments=None, frame_confidence=None, token_confidence=None, word_confidence=None, length=0, y=None, lm_state=None, lm_scores=None, ngram_lm_state=None, tokens=None, last_token=None, token_duration=None, last_frame=None)"
641,kúkù kǎpà ŋɔ̀mɔ̀,Kuku will take food away,Kuku will bring the food,"Hypothesis(score=0.0, y_sequence=tensor([1358, 2032, 2049, 2032, 1172, 1379, 1263, 1185, 1203, 1638, 1547]), text='Kuku will beat the food', dec_out=None, dec_state=None, timestamp=[], alignments=None, frame_confidence=None, token_confidence=None, word_confidence=None, length=0, y=None, lm_state=None, lm_scores=None, ngram_lm_state=None, tokens=None, last_token=None, token_duration=None, last_frame=None)"
642,kúkù kàpàt̪ɔ́ ŋɔ́mɔ́ dùn,Kuku brought food home,Kuku brought the baby home,"Hypothesis(score=0.0, y_sequence=tensor([1358, 2032, 2049, 2032, 1699, 1720, 1446, 1638, 1547, 1854, 2024, 1458,
        1854, 2024]), text='Kuku brought food home at home', dec_out=None, dec_state=None, timestamp=[], alignments=None, frame_confidence=None, token_confidence=None, word_confidence=None, length=0, y=None, lm_state=None, lm_scores=None, ngram_lm_state=None, tokens=None, last_token=None, token_duration=None, last_frame=None)"
643,kúkù kápát̪ɛ̀ ŋɔ̀mɔ̀ dùn,Kuku took food home,Kuku took food home (and left),"Hypothesis(score=0.0, y_sequence=tensor([1358, 2032, 2049, 2032, 1221, 1627, 1638, 1547, 1854, 2024, 1458, 1854,
        2024]), text='Kuku took food home at home', dec_out=None, dec_state=None, timestamp=[], alignments=None, frame_confidence=None, token_confidence=None, word_confidence=None, length=0, y=None, lm_state=None, lm_scores=None, ngram_lm_state=None, tokens=None, last_token=None, token_duration=None, last_frame=None)"
644,kúkù kâpàt̪ɔ́ ŋɔ́mɔ̀ dùn,Kuku will bring food home,Kuku will bring the food home (far),"Hypothesis(score=0.0, y_sequence=tensor([1358, 2032, 2049, 2032, 1699, 1720, 1446, 1638, 1547, 1854, 2024, 1458,
        1854, 2024]), text='Kuku brought food home at home', dec_out=None, dec_state=None, timestamp=[], alignments=None, frame_confidence=None, token_confidence=None, word_confidence=None, length=0, y=None, lm_state=None, lm_scores=None, ngram_lm_state=None, tokens=None, last_token=None, token_duration=None, last_frame=None)"
645,kúkù kǎpát̪à ŋɔ̀mɔ̀ dùn,Kuku will take food home,Kuku will bring the food home,"Hypothesis(score=0.0, y_sequence=tensor([1358, 2032, 2049, 2032, 1172, 1379, 1263, 1185, 1203, 1638, 1547, 1458,
        1854, 2024]), text='Kuku will beat the food at home', dec_out=None, dec_state=None, timestamp=[], alignments=None, frame_confidence=None, token_confidence=None, word_confidence=None, length=0, y=None, lm_state=None, lm_scores=None, ngram_lm_state=None, tokens=None, last_token=None, token_duration=None, last_frame=None)"
646,kúkù kàpìt̪ɔ́ kákàŋú ŋɔ́mɔ̀,Kuku brought food for Kaka,Kuku brought Kaka's food,"Hypothesis(score=0.0, y_sequence=tensor([1358, 2032, 2049, 2032, 1221, 1627, 1358, 1746, 2026, 2051, 2027, 1638,
        1547, 1854, 2024]), text=""Kuku took Kaka's food home"", dec_out=None, dec_state=None, timestamp=[], alignments=None, frame_confidence=None, token_confidence=None, word_confidence=None, length=0, y=None, lm_state=None, lm_scores=None, ngram_lm_state=None, tokens=None, last_token=None, token_duration=None, last_frame=None)"
647,kúkù kápít̪ɛ̀ kákàŋú ŋɔ́mɔ̀,Kuku took food for Kaka,Kuku will drink milk for Kaka,"Hypothesis(score=0.0, y_sequence=tensor([1358, 2032, 2049, 2032, 1699, 1720, 1446, 1358, 1746, 2026, 1638, 1547,
        1221, 2044, 1525, 2027]), text='Kuku brought Kaka food towards', dec_out=None, dec_state=None, timestamp=[], alignments=None, frame_confidence=None, token_confidence=None, word_confidence=None, length=0, y=None, lm_state=None, lm_scores=None, ngram_lm_state=None, tokens=None, last_token=None, token_duration=None, last_frame=None)"
648,kúkù ŋgápít̪ɛ̀ kákàŋú ŋɔ́mɔ̀,Kuku took food for Kaka,Kuku drank milk of Kaka,"Hypothesis(score=0.0, y_sequence=tensor([1358, 2032, 2049, 2032, 1186, 1168, 1490, 1340, 1358, 1746, 2026, 1901,
        2023, 2122, 2041, 1174, 2121]), text='Kuku hunts for Kaka now (far)', dec_out=None, dec_state=None, timestamp=[], alignments=None, frame_confidence=None, token_confidence=None, word_confidence=None, length=0, y=None, lm_state=None, lm_scores=None, ngram_lm_state=None, tokens=None, last_token=None, token_duration=None, last_frame=None)"
649,kúkù kâpìt̪ɔ́ kákàŋú ŋɔ́mɔ̀,Kuku will bring food for Kaka,Kuku will bring Kaka's food (far),"Hypothesis(score=0.0, y_sequence=tensor([1358, 2032, 2049, 2032, 1221, 1627, 1358, 1746, 2026, 2051, 2027, 1638,
        1547, 1854, 2024]), text=""Kuku took Kaka's food home"", dec_out=None, dec_state=None, timestamp=[], alignments=None, frame_confidence=None, token_confidence=None, word_confidence=None, length=0, y=None, lm_state=None, lm_scores=None, ngram_lm_state=None, tokens=None, last_token=None, token_duration=None, last_frame=None)"
650,kúkù ŋgâpìt̪ɔ́ kákàŋú ŋɔ́mɔ̀,Kuku will bring food for Kaka,Kuku hunts for Kaka,"Hypothesis(score=0.0, y_sequence=tensor([1358, 2032, 2049, 2032, 1186, 1168, 1490, 1340, 1358, 1746, 2026, 1901,
        2023, 2122, 2041, 1174, 2121]), text='Kuku hunts for Kaka now (far)', dec_out=None, dec_state=None, timestamp=[], alignments=None, frame_confidence=None, token_confidence=None, word_confidence=None, length=0, y=None, lm_state=None, lm_scores=None, ngram_lm_state=None, tokens=None, last_token=None, token_duration=None, last_frame=None)"
651,kúkù kǎpít̪ɔ̀ kákàŋú ŋɔ́mɔ̀,Kuku will take food for Kaka,Kuku will drink milk for Kaka,"Hypothesis(score=0.0, y_sequence=tensor([1358, 2032, 2049, 2032, 1221, 1627, 1358, 1746, 2026, 2051, 2027, 1638,
        1547, 1854, 2024]), text=""Kuku took Kaka's food home"", dec_out=None, dec_state=None, timestamp=[], alignments=None, frame_confidence=None, token_confidence=None, word_confidence=None, length=0, y=None, lm_state=None, lm_scores=None, ngram_lm_state=None, tokens=None, last_token=None, token_duration=None, last_frame=None)"
652,kúkù kùtìðí kákàŋù,Kuku called Kaka,Kuku will call Kaka (far),"Hypothesis(score=0.0, y_sequence=tensor([1358, 2032, 2049, 2032, 1169, 1849, 1358, 1746, 2026, 1191, 1218, 1244,
        1536, 2024, 1811, 2051, 2027, 1292, 1213]), text=""Kuku made Kaka braid someone's hair"", dec_out=None, dec_state=None, timestamp=[], alignments=None, frame_confidence=None, token_confidence=None, word_confidence=None, length=0, y=None, lm_state=None, lm_scores=None, ngram_lm_state=None, tokens=None, last_token=None, token_duration=None, last_frame=None)"
653,kúkù kàkáɾcàcì ŋɔ̀mɔ̀ nɛ̀ lə̀vɛ̀r,Kuku searched for food in the field (and left),Kuku searched for food in the field,"Hypothesis(score=0.0, y_sequence=tensor([1358, 2032, 2049, 2032, 1172, 1379, 1217, 1174, 1165, 1340, 1638, 1547,
        1201, 1203, 1190, 1180, 1457]), text='Kuku will search for food in the field', dec_out=None, dec_state=None, timestamp=[], alignments=None, frame_confidence=None, token_confidence=None, word_confidence=None, length=0, y=None, lm_state=None, lm_scores=None, ngram_lm_state=None, tokens=None, last_token=None, token_duration=None, last_frame=None)"
654,kúkù kákàɾcàcí ŋɔ́mɔ̀ nɛ̀ lə̀vɛ̀r,Kuku will search for food in the field (far),Kuku searched for food in the field,"Hypothesis(score=0.0, y_sequence=tensor([1358, 2032, 2049, 2032, 1172, 1379, 1217, 1174, 1165, 1340, 1638, 1547,
        1201, 1203, 1190, 1180, 1457, 2023, 2122, 2041, 1174, 2121]), text='Kuku will search for food in the field (far)', dec_out=None, dec_state=None, timestamp=[], alignments=None, frame_confidence=None, token_confidence=None, word_confidence=None, length=0, y=None, lm_state=None, lm_scores=None, ngram_lm_state=None, tokens=None, last_token=None, token_duration=None, last_frame=None)"
655,kúkù kákáɾcácà ŋɔ̀mɔ̀ nɛ̀ lə̀vɛ̀r,Kuku will search for food in the field,Kuku will search for food in the field,"Hypothesis(score=0.0, y_sequence=tensor([1358, 2032, 2049, 2032, 1172, 1379, 1217, 1174, 1165, 1340, 1638, 1547,
        1201, 1203, 1190, 1180, 1457, 2023, 2122, 2041, 1174, 2121]), text='Kuku will search for food in the field (far)', dec_out=None, dec_state=None, timestamp=[], alignments=None, frame_confidence=None, token_confidence=None, word_confidence=None, length=0, y=None, lm_state=None, lm_scores=None, ngram_lm_state=None, tokens=None, last_token=None, token_duration=None, last_frame=None)"
656,kúkù kàkáɾcìðì ùnɛ̀ɾɛ̀,Kuku searched yesterday (and left),Kuku searched yesterday (and left),"Hypothesis(score=0.0, y_sequence=tensor([1358, 2032, 2049, 2032, 1217, 1174, 1165, 1246, 1205, 1156, 1272, 2034,
        1364]), text='Kuku searched yesterday', dec_out=None, dec_state=None, timestamp=[], alignments=None, frame_confidence=None, token_confidence=None, word_confidence=None, length=0, y=None, lm_state=None, lm_scores=None, ngram_lm_state=None, tokens=None, last_token=None, token_duration=None, last_frame=None)"
657,kúkù kàkáɾcíðàt̪ɛ̀ nɛ̀ lə̀vɛ̀r,Kuku searched in the field (and left),Kuku searched in the field,"Hypothesis(score=0.0, y_sequence=tensor([1358, 2032, 2049, 2032, 1217, 1174, 1165, 1246, 1201, 1203, 1190, 1180,
        1457, 2023, 2122, 1271, 1240, 1595, 2121]), text='Kuku searched in the field (and left)', dec_out=None, dec_state=None, timestamp=[], alignments=None, frame_confidence=None, token_confidence=None, word_confidence=None, length=0, y=None, lm_state=None, lm_scores=None, ngram_lm_state=None, tokens=None, last_token=None, token_duration=None, last_frame=None)"
658,kúkù kákáɾcíðàt̪à nɛ̀ lə̀vɛ̀r,Kuku will search in the field,Kuku will search in the field (far),"Hypothesis(score=0.0, y_sequence=tensor([1358, 2032, 2049, 2032, 1172, 1379, 1217, 1174, 1165, 1201, 1203, 1190,
        1180, 1457]), text='Kuku will search in the field', dec_out=None, dec_state=None, timestamp=[], alignments=None, frame_confidence=None, token_confidence=None, word_confidence=None, length=0, y=None, lm_state=None, lm_scores=None, ngram_lm_state=None, tokens=None, last_token=None, token_duration=None, last_frame=None)"
659,kúkù kákàɾcìðàt̪ɔ́ nɛ̀ lə̀vɛ̀r,Kuku will search in the field (far),Kuku will search in the field,"Hypothesis(score=0.0, y_sequence=tensor([1358, 2032, 2049, 2032, 1172, 1379, 1217, 1174, 1165, 1201, 1203, 1190,
        1180, 1457, 2023, 2122, 2041, 1174, 2121]), text='Kuku will search in the field (far)', dec_out=None, dec_state=None, timestamp=[], alignments=None, frame_confidence=None, token_confidence=None, word_confidence=None, length=0, y=None, lm_state=None, lm_scores=None, ngram_lm_state=None, tokens=None, last_token=None, token_duration=None, last_frame=None)"
660,ùɟí kɔ́bə̀cɔ̀,white person,People will hit the wood,"Hypothesis(score=0.0, y_sequence=tensor([1308, 2036, 2031, 1239, 1887, 2086]), text='Who is who?', dec_out=None, dec_state=None, timestamp=[], alignments=None, frame_confidence=None, token_confidence=None, word_confidence=None, length=0, y=None, lm_state=None, lm_scores=None, ngram_lm_state=None, tokens=None, last_token=None, token_duration=None, last_frame=None)"
661,àn ɔ́ndì kə́ŋàcí kúkù àpɾíɲá ùnɛ̀ɾɛ̀,what did Kuku give the boy yesterday?,what did Kuku give the boy yesterday?,"Hypothesis(score=0.0, y_sequence=tensor([1326, 1185, 1154, 1244, 1358, 2032, 2049, 2032, 1198, 1483, 1203, 1191,
        1690, 1221, 1205, 1156, 1272, 2034, 1364, 2086]), text='what did Kuku give the boy to yesterday?', dec_out=None, dec_state=None, timestamp=[], alignments=None, frame_confidence=None, token_confidence=None, word_confidence=None, length=0, y=None, lm_state=None, lm_scores=None, ngram_lm_state=None, tokens=None, last_token=None, token_duration=None, last_frame=None)"
662,ùcùl kìcɛ̀lù,the stranger is good,The spider is good.,"Hypothesis(score=0.0, y_sequence=tensor([1753, 1154, 1209, 2038, 1253, 1158, 1727, 1239, 1451, 1547, 2048]), text='The drop of soup is good.', dec_out=None, dec_state=None, timestamp=[], alignments=None, frame_confidence=None, token_confidence=None, word_confidence=None, length=0, y=None, lm_state=None, lm_scores=None, ngram_lm_state=None, tokens=None, last_token=None, token_duration=None, last_frame=None)"
663,ùcùl káŋìŋì,the stranger saw me,The fox resembles its mother,"Hypothesis(score=0.0, y_sequence=tensor([1358, 2032, 2049, 2032, 1317, 2044, 1301]), text='Kuku saw me', dec_out=None, dec_state=None, timestamp=[], alignments=None, frame_confidence=None, token_confidence=None, word_confidence=None, length=0, y=None, lm_state=None, lm_scores=None, ngram_lm_state=None, tokens=None, last_token=None, token_duration=None, last_frame=None)"
664,àn ɔ́ɟɔ́ kɛ́lɛ̀ŋìt̪ɔ́ gɛ́ ùɾnɔ̀ ðɛ̀ɲú t̪á kàmə̀ɾðɔ́ t̪ùlì,who does grandfather know the lion bit?,who does grandfather know the lion bit?,"Hypothesis(score=0.0, y_sequence=tensor([1308, 2036, 2031, 1419, 1154, 1244, 1434, 1271, 2041, 1185, 1679, 1521,
        1331, 2043, 1887, 1419, 1154, 1244, 1203, 1163, 1226, 1191, 1509, 2086]), text='Who all did grandfather like, who all did the lion bite?', dec_out=None, dec_state=None, timestamp=[], alignments=None, frame_confidence=None, token_confidence=None, word_confidence=None, length=0, y=None, lm_state=None, lm_scores=None, ngram_lm_state=None, tokens=None, last_token=None, token_duration=None, last_frame=None)"
665,àn ɔ́ɟɔ́ kɛ́lɛ̀ŋìt̪á gɛ́ ðɛ̀ɲú t̪á kàmə̀ɾðɔ́ t̪ùlì,who do you know that the lion bit?,who does the lion chase?,"Hypothesis(score=0.0, y_sequence=tensor([1887, 1239, 1784, 1174, 1219, 1203, 1163, 1226, 2086]), text='who is fearing the lion?', dec_out=None, dec_state=None, timestamp=[], alignments=None, frame_confidence=None, token_confidence=None, word_confidence=None, length=0, y=None, lm_state=None, lm_scores=None, ngram_lm_state=None, tokens=None, last_token=None, token_duration=None, last_frame=None)"
666,ùɾnɔ̀ kɛ̀lɛ̀ŋìt̪ɔ́ t̪á kúkù kàɾɔ́ t̪ùlí t̪àmə̀ɾðɔ́ ápɾíɲá ùnɛ̀ɾɛ̀,grandfather knew that Kuku said the lion bit the boy yesterday,grandfather told me Kuku the lion bit the boy yesterday,"Hypothesis(score=0.0, y_sequence=tensor([1434, 1271, 2041, 1185, 1679, 1326, 1153, 1358, 2032, 2049, 2032, 1191,
        1177, 1203, 1163, 1226, 1205, 1156, 1272, 2034, 1364]), text='grandfather when Kuku bit the lion yesterday', dec_out=None, dec_state=None, timestamp=[], alignments=None, frame_confidence=None, token_confidence=None, word_confidence=None, length=0, y=None, lm_state=None, lm_scores=None, ngram_lm_state=None, tokens=None, last_token=None, token_duration=None, last_frame=None)"
667,kúkù kàɾɔ́ t̪ùlí t̪àmə̀ɾðɔ́ ápɾíɲá ùnɛ̀ɾɛ̀,Kuku said the lion bit the boy yesterday,Kuku said the lion bit the boy yesterday,"Hypothesis(score=0.0, y_sequence=tensor([1358, 2032, 2049, 2032, 1191, 1209, 1331, 1203, 1163, 1226, 1191, 1177,
        1203, 1191, 1690, 1205, 1156, 1272, 2034, 1364]), text='Kuku broke the lion bit the boy yesterday', dec_out=None, dec_state=None, timestamp=[], alignments=None, frame_confidence=None, token_confidence=None, word_confidence=None, length=0, y=None, lm_state=None, lm_scores=None, ngram_lm_state=None, tokens=None, last_token=None, token_duration=None, last_frame=None)"
668,ùɾnɔ̀ kɛ̀lɛ̀ŋìt̪ɔ́ kúkù kàɾɔ́ t̪á t̪ùlí t̪àmə̀ɾðɔ́ ápɾíɲà,grandfather knew that Kuku said the lion bit the boy,grandfather told Kuku that the lion should bite the boy,"Hypothesis(score=0.0, y_sequence=tensor([1434, 1271, 2041, 1185, 1679, 1262, 1630, 2034, 1358, 2032, 2049, 2032,
        1887, 1191, 1177, 1203, 1163, 1226, 1458, 1203, 1191, 1690]), text='grandfather killed Kuku who bit the lion at the boy', dec_out=None, dec_state=None, timestamp=[], alignments=None, frame_confidence=None, token_confidence=None, word_confidence=None, length=0, y=None, lm_state=None, lm_scores=None, ngram_lm_state=None, tokens=None, last_token=None, token_duration=None, last_frame=None)"
669,ùɾnɔ̀ kɛ̀lɛ̀ŋìt̪ɔ́ ðɛ́ɲú kúkù kàɾɔ́ t̪á t̪ùlí t̪àmə̀ɾðɔ́ ápɾíɲà,grandfather knew that Kuku said the lion bit the boy yesterday,grandfather told me Kuku will bite the lion,"Hypothesis(score=0.0, y_sequence=tensor([1434, 1271, 2041, 1185, 1679, 1521, 2049, 1246, 1358, 2032, 2049, 2032,
        2051, 2027, 1191, 1209, 1711, 1201, 1203, 1190, 1180, 1457]), text=""grandfather liked Kuku's brother in the field"", dec_out=None, dec_state=None, timestamp=[], alignments=None, frame_confidence=None, token_confidence=None, word_confidence=None, length=0, y=None, lm_state=None, lm_scores=None, ngram_lm_state=None, tokens=None, last_token=None, token_duration=None, last_frame=None)"
670,àn ɔ́ɟɔ́ kɛ̀lɛ̀ŋìt̪ɔ́ ùɾnɔ̀ kàɾɔ́ gɛ́ kúkù t̪á kàmə̀ɾðɔ́ t̪ùlì,who did grandfather know that Kuku said the lion bit?,who does grandfather know Kuku's book?,"Hypothesis(score=0.0, y_sequence=tensor([1887, 1154, 1244, 1434, 1271, 2041, 1185, 1679, 1318, 1178, 2024, 1358,
        2032, 2049, 2032, 2051, 2027, 1191, 1177, 1203, 1163, 1226, 2086]), text=""who did grandfather chase Kuku's bit the lion?"", dec_out=None, dec_state=None, timestamp=[], alignments=None, frame_confidence=None, token_confidence=None, word_confidence=None, length=0, y=None, lm_state=None, lm_scores=None, ngram_lm_state=None, tokens=None, last_token=None, token_duration=None, last_frame=None)"
671,àn ɔ́ɟɔ́ŋá lɛ̀lɛ̀ŋìt̪ɔ́l ùɾnɔ̀ɔ̌ làɾɔ́ lɛ́ kúkù t̪á làmə̀ɾðɔ́l t̪ùlì,who all did grandfather know that Kuku said the lion bit?,who all did Kuku know the lion chased here?,"Hypothesis(score=0.0, y_sequence=tensor([1887, 1419, 1154, 1244, 1434, 1271, 2041, 1185, 1679, 1521, 1331, 2043,
        1358, 2032, 2049, 2032, 2051, 2027, 1191, 1690, 1203, 1163, 1226, 2086]), text=""who all did grandfather like, Kuku's boy the lion?"", dec_out=None, dec_state=None, timestamp=[], alignments=None, frame_confidence=None, token_confidence=None, word_confidence=None, length=0, y=None, lm_state=None, lm_scores=None, ngram_lm_state=None, tokens=None, last_token=None, token_duration=None, last_frame=None)"
672,àn ɔ́ɟɔ́ŋá lɛ̀lɛ̀ŋìt̪ɔ́l ùɾnɔ̀ làɾɔ́ lɛ́ kúkù t̪á làmə̀ɾðɔ́l t̪ùlì,who all did grandfather know that Kuku said the lion bit?,who all did grandpa say Kuku will bite?,"Hypothesis(score=0.0, y_sequence=tensor([1887, 1419, 1154, 1244, 1434, 1271, 2041, 1185, 1679, 1521, 1331, 1358,
        2032, 2049, 2032, 2051, 2027, 1191, 1177, 1253, 1163, 1226, 2086]), text=""who all did grandfather like Kuku's bit of lion?"", dec_out=None, dec_state=None, timestamp=[], alignments=None, frame_confidence=None, token_confidence=None, word_confidence=None, length=0, y=None, lm_state=None, lm_scores=None, ngram_lm_state=None, tokens=None, last_token=None, token_duration=None, last_frame=None)"
673,kúkù ŋgàɾìðù,Kuku broke (something),Kuku broke (something),"Hypothesis(score=0.0, y_sequence=tensor([1358, 2032, 2049, 2032, 1191, 1209, 1331, 1536, 1229, 2036, 1219]), text='Kuku broke something', dec_out=None, dec_state=None, timestamp=[], alignments=None, frame_confidence=None, token_confidence=None, word_confidence=None, length=0, y=None, lm_state=None, lm_scores=None, ngram_lm_state=None, tokens=None, last_token=None, token_duration=None, last_frame=None)"
674,kúkù kákə́cì ŋɔ̀mɔ̀,Kuku took food away (from here) ,Kuku took food (and left),"Hypothesis(score=0.0, y_sequence=tensor([1358, 2032, 2049, 2032, 1221, 1627, 1638, 1547, 1475, 1197, 1854, 2024,
        2023, 2122, 2041, 1174, 2121]), text='Kuku took food from home (far)', dec_out=None, dec_state=None, timestamp=[], alignments=None, frame_confidence=None, token_confidence=None, word_confidence=None, length=0, y=None, lm_state=None, lm_scores=None, ngram_lm_state=None, tokens=None, last_token=None, token_duration=None, last_frame=None)"
675,kúkù kákɔ́cɔ̀ ŋɔ̀mɔ̀,Kuku will take the food away (far),Kuku will take care of the animals (far),"Hypothesis(score=0.0, y_sequence=tensor([1358, 2032, 2049, 2032, 1172, 1379, 1493, 1627, 1203, 1638, 1547]), text='Kuku will cook the food', dec_out=None, dec_state=None, timestamp=[], alignments=None, frame_confidence=None, token_confidence=None, word_confidence=None, length=0, y=None, lm_state=None, lm_scores=None, ngram_lm_state=None, tokens=None, last_token=None, token_duration=None, last_frame=None)"
676,kúkù kákə̀cí ŋɔ́mɔ̀,Kuku will take food away,Kuku will introduce me to you,"Hypothesis(score=0.0, y_sequence=tensor([1358, 2032, 2049, 2032, 1221, 1627, 1638, 1547, 1475, 1197, 1854, 2024]), text='Kuku took food from home', dec_out=None, dec_state=None, timestamp=[], alignments=None, frame_confidence=None, token_confidence=None, word_confidence=None, length=0, y=None, lm_state=None, lm_scores=None, ngram_lm_state=None, tokens=None, last_token=None, token_duration=None, last_frame=None)"
677,kúkù kák kàkə̀cí ŋɔ́mɔ̀,Kuku will take food away,Kuku will search for food,"Hypothesis(score=0.0, y_sequence=tensor([1358, 2032, 2049, 2032, 1221, 1627, 1638, 1547, 1475, 1197, 1854, 2024]), text='Kuku took food from home', dec_out=None, dec_state=None, timestamp=[], alignments=None, frame_confidence=None, token_confidence=None, word_confidence=None, length=0, y=None, lm_state=None, lm_scores=None, ngram_lm_state=None, tokens=None, last_token=None, token_duration=None, last_frame=None)"
678,kúkù kàkɛ́cì ŋɔ̀mɔ̀,Kuku took food (from here),Kuku took (something) away (far),"Hypothesis(score=0.0, y_sequence=tensor([1358, 2032, 2049, 2032, 1172, 1379, 1961, 1331, 1203, 1638, 1547, 1475,
        1197, 1203, 1829, 1455]), text='Kuku will take the food from the ground', dec_out=None, dec_state=None, timestamp=[], alignments=None, frame_confidence=None, token_confidence=None, word_confidence=None, length=0, y=None, lm_state=None, lm_scores=None, ngram_lm_state=None, tokens=None, last_token=None, token_duration=None, last_frame=None)"
679,kúkù kákɛ́cɛ́cì ŋɔ̀mɔ̀ dùn,Kuku took food from home,Kuku took food from home (far),"Hypothesis(score=0.0, y_sequence=tensor([1358, 2032, 2049, 2032, 1221, 1627, 1638, 1547, 1475, 1197, 1854, 2024,
        1458, 1854, 2024]), text='Kuku took food from home at home', dec_out=None, dec_state=None, timestamp=[], alignments=None, frame_confidence=None, token_confidence=None, word_confidence=None, length=0, y=None, lm_state=None, lm_scores=None, ngram_lm_state=None, tokens=None, last_token=None, token_duration=None, last_frame=None)"
680,kúkù kàkɛ́cɛ́cì ŋɔ̀mɔ̀ dùn,Kuku took food from home,Kuku took (something) away (far),"Hypothesis(score=0.0, y_sequence=tensor([1358, 2032, 2049, 2032, 1221, 1627, 1638, 1547, 1475, 1197, 1854, 2024,
        1458, 1854, 2024]), text='Kuku took food from home at home', dec_out=None, dec_state=None, timestamp=[], alignments=None, frame_confidence=None, token_confidence=None, word_confidence=None, length=0, y=None, lm_state=None, lm_scores=None, ngram_lm_state=None, tokens=None, last_token=None, token_duration=None, last_frame=None)"
681,kàkɛ́cɛ́cì,(Kuku) took food (from  home),Parts of: He took (something) away (far),"Hypothesis(score=0.0, y_sequence=tensor([1358, 1746, 2026, 1239, 1430, 1367, 1221, 1588, 2026, 1331, 1203, 1421,
        1179]), text='Kaka is about to shake the door', dec_out=None, dec_state=None, timestamp=[], alignments=None, frame_confidence=None, token_confidence=None, word_confidence=None, length=0, y=None, lm_state=None, lm_scores=None, ngram_lm_state=None, tokens=None, last_token=None, token_duration=None, last_frame=None)"
682,kúkù kə̀kə̀cɛ̀cí ŋɔ́mɔ̀ dùn,Kuku took food from home (far),Kuku took food from home (far),"Hypothesis(score=0.0, y_sequence=tensor([1358, 2032, 2049, 2032, 1221, 1627, 1638, 1547, 1475, 1197, 1854, 2024,
        2023, 2122, 2041, 1174, 2121]), text='Kuku took food from home (far)', dec_out=None, dec_state=None, timestamp=[], alignments=None, frame_confidence=None, token_confidence=None, word_confidence=None, length=0, y=None, lm_state=None, lm_scores=None, ngram_lm_state=None, tokens=None, last_token=None, token_duration=None, last_frame=None)"
683,kúkù kɛ̀kə̀cɛ̀cí ŋɔ́mɔ̀ dùn,Kuku took food from home (far),Kuku took food from home (far),"Hypothesis(score=0.0, y_sequence=tensor([1358, 2032, 2049, 2032, 1366, 1160, 1746, 1219, 1638, 1547, 1475, 1197,
        1854, 2024]), text='Kuku was taking food from home', dec_out=None, dec_state=None, timestamp=[], alignments=None, frame_confidence=None, token_confidence=None, word_confidence=None, length=0, y=None, lm_state=None, lm_scores=None, ngram_lm_state=None, tokens=None, last_token=None, token_duration=None, last_frame=None)"
684,kúkù kákɔ́cɔ̀cɔ̀ ŋɔ̀mɔ̀ dùn,Kuku will take food from home,Kuku will take care of the animals at home,"Hypothesis(score=0.0, y_sequence=tensor([1358, 2032, 2049, 2032, 1172, 1379, 1961, 1331, 1203, 1638, 1547, 1475,
        1197, 1203, 1829, 1455]), text='Kuku will take the food from the ground', dec_out=None, dec_state=None, timestamp=[], alignments=None, frame_confidence=None, token_confidence=None, word_confidence=None, length=0, y=None, lm_state=None, lm_scores=None, ngram_lm_state=None, tokens=None, last_token=None, token_duration=None, last_frame=None)"
685,kúkù kákə̀cɛ̀cí ŋɔ́mɔ̀ dùn,Kuku will take food from home (far),Kuku took food from home (far),"Hypothesis(score=0.0, y_sequence=tensor([1358, 2032, 2049, 2032, 1172, 1379, 1961, 1331, 1638, 1547, 1475, 1197,
        1854, 2024, 2023, 2122, 2041, 1174, 2121]), text='Kuku will take food from home (far)', dec_out=None, dec_state=None, timestamp=[], alignments=None, frame_confidence=None, token_confidence=None, word_confidence=None, length=0, y=None, lm_state=None, lm_scores=None, ngram_lm_state=None, tokens=None, last_token=None, token_duration=None, last_frame=None)"
686,kúkù kákɛ̀cɛ̀cí ŋɔ́mɔ̀ dùn,Kuku will take food from home (far),Kuku took food from home (far),"Hypothesis(score=0.0, y_sequence=tensor([1358, 2032, 2049, 2032, 1172, 1379, 1961, 1331, 1638, 1547, 1475, 1197,
        1854, 2024, 1458, 1854, 2024]), text='Kuku will take food from home at home', dec_out=None, dec_state=None, timestamp=[], alignments=None, frame_confidence=None, token_confidence=None, word_confidence=None, length=0, y=None, lm_state=None, lm_scores=None, ngram_lm_state=None, tokens=None, last_token=None, token_duration=None, last_frame=None)"
687,kúkù ŋgə̀cɛ̀cí,"Kuku took (food home, far)",Kuku took (something) away,"Hypothesis(score=0.0, y_sequence=tensor([1358, 2032, 2049, 2032, 1239, 1451, 1547]), text='Kuku is good', dec_out=None, dec_state=None, timestamp=[], alignments=None, frame_confidence=None, token_confidence=None, word_confidence=None, length=0, y=None, lm_state=None, lm_scores=None, ngram_lm_state=None, tokens=None, last_token=None, token_duration=None, last_frame=None)"
688,kúkù kə̀gɛ̀cìðù,Kuku took (something) away (far),Kuku took (something) away (far),"Hypothesis(score=0.0, y_sequence=tensor([1358, 2032, 2049, 2032, 1221, 1627, 1164, 1591, 1253, 1358, 2032, 2049,
        2032, 2051, 2027, 1154, 1197, 1342, 2044, 1185, 1246, 1211, 1266, 1192,
        2027]), text=""Kuku took care of Kuku's domesswated animals"", dec_out=None, dec_state=None, timestamp=[], alignments=None, frame_confidence=None, token_confidence=None, word_confidence=None, length=0, y=None, lm_state=None, lm_scores=None, ngram_lm_state=None, tokens=None, last_token=None, token_duration=None, last_frame=None)"
689,kúkù kə̀bùlìjɛ̀cí ŋálóŋ nɛ̀ lə̀vɛ̀r,Kuku wrestled Ngalo in the field,Kuku wrestled Ngalo in the field,"Hypothesis(score=0.0, y_sequence=tensor([1358, 2032, 2049, 2032, 1172, 2030, 1280, 1195, 2034, 1361, 2039, 1192,
        2031, 1201, 1203, 1190, 1180, 1457]), text='Kuku wrestled Ngalo in the field', dec_out=None, dec_state=None, timestamp=[], alignments=None, frame_confidence=None, token_confidence=None, word_confidence=None, length=0, y=None, lm_state=None, lm_scores=None, ngram_lm_state=None, tokens=None, last_token=None, token_duration=None, last_frame=None)"
690,kúkù kàbúlíjɛ̀cì ŋàlóŋ nɛ̀ lə̀vɛ̀r,Kuku wrestled Ngalo in the field (and left),Kuku visited Ngalo in the field (and left),"Hypothesis(score=0.0, y_sequence=tensor([1358, 2032, 2049, 2032, 1172, 2030, 1280, 1195, 2034, 1361, 2039, 1192,
        2031, 1201, 1203, 1190, 1180, 1457]), text='Kuku wrestled Ngalo in the field', dec_out=None, dec_state=None, timestamp=[], alignments=None, frame_confidence=None, token_confidence=None, word_confidence=None, length=0, y=None, lm_state=None, lm_scores=None, ngram_lm_state=None, tokens=None, last_token=None, token_duration=None, last_frame=None)"
691,kúkù kàgít̪ɛ̀ kákàŋú áwùɾ,Kuku opened the door for Kaka (and left),Kuku opened the door for Kaka,"Hypothesis(score=0.0, y_sequence=tensor([1358, 2032, 2049, 2032, 1820, 1153, 1246, 1203, 1421, 1179, 1340, 1358,
        1746, 2026, 1901, 2023, 2122, 2041, 1174, 2121]), text='Kuku opened the door for Kaka now (far)', dec_out=None, dec_state=None, timestamp=[], alignments=None, frame_confidence=None, token_confidence=None, word_confidence=None, length=0, y=None, lm_state=None, lm_scores=None, ngram_lm_state=None, tokens=None, last_token=None, token_duration=None, last_frame=None)"
692,kúkù kágít̪ɔ̀ kákàŋú áwùɾ,Kuku will open the door for Kaka (far),Kuku will open the door for Kaka,"Hypothesis(score=0.0, y_sequence=tensor([1358, 2032, 2049, 2032, 1820, 1153, 1246, 1203, 1421, 1179, 1340, 1358,
        1746, 2026]), text='Kuku opened the door for Kaka', dec_out=None, dec_state=None, timestamp=[], alignments=None, frame_confidence=None, token_confidence=None, word_confidence=None, length=0, y=None, lm_state=None, lm_scores=None, ngram_lm_state=None, tokens=None, last_token=None, token_duration=None, last_frame=None)"
693,kə̀t̪ɔ̀ðɔ̀t̪ɔ́ kə̀t̪ɔ̀ðɔ̀t̪ɔ́,(Kuku) drank (water in the field),Parts of: the farmer who pushed the bicycle is strong,"Hypothesis(score=0.0, y_sequence=tensor([1285, 2031, 1324, 1172, 1275, 1221, 1154, 1566, 2086]), text='Do you want to dance?', dec_out=None, dec_state=None, timestamp=[], alignments=None, frame_confidence=None, token_confidence=None, word_confidence=None, length=0, y=None, lm_state=None, lm_scores=None, ngram_lm_state=None, tokens=None, last_token=None, token_duration=None, last_frame=None)"
694,kúkù kə̀t̪ìjí ápɾíɲá ŋávɛ̀,Kuku made the boy drink water,Kuku made the boy drink water,"Hypothesis(score=0.0, y_sequence=tensor([1358, 2032, 2049, 2032, 1154, 2030, 1792, 1172, 1815, 1475, 1197, 1203,
        1191, 1690]), text='Kuku drank water from the boy', dec_out=None, dec_state=None, timestamp=[], alignments=None, frame_confidence=None, token_confidence=None, word_confidence=None, length=0, y=None, lm_state=None, lm_scores=None, ngram_lm_state=None, tokens=None, last_token=None, token_duration=None, last_frame=None)"
695,kúkù kɛ̀t̪ìjí ápɾíɲá ŋávɛ̀,Kuku made the boy drink water,Kuku made the boy drink water,"Hypothesis(score=0.0, y_sequence=tensor([1358, 2032, 2049, 2032, 1154, 2030, 1792, 1172, 1815, 1475, 1197, 1203,
        1191, 1690]), text='Kuku drank water from the boy', dec_out=None, dec_state=None, timestamp=[], alignments=None, frame_confidence=None, token_confidence=None, word_confidence=None, length=0, y=None, lm_state=None, lm_scores=None, ngram_lm_state=None, tokens=None, last_token=None, token_duration=None, last_frame=None)"
696,kúkù kàt̪íjì àpɾíɲá ŋávɛ̀,Kuku made the boy drink water (and left),Kuku made the boy drink water (and left),"Hypothesis(score=0.0, y_sequence=tensor([1358, 2032, 2049, 2032, 1154, 2030, 1792, 1172, 1815, 1475, 1197, 1203,
        1191, 1690]), text='Kuku drank water from the boy', dec_out=None, dec_state=None, timestamp=[], alignments=None, frame_confidence=None, token_confidence=None, word_confidence=None, length=0, y=None, lm_state=None, lm_scores=None, ngram_lm_state=None, tokens=None, last_token=None, token_duration=None, last_frame=None)"
697,kúkù kát̪íjɔ̀ àpɾíɲá ŋávɛ̀,Kuku will make the boy drink water,Kuku will make the boy drink water,"Hypothesis(score=0.0, y_sequence=tensor([1358, 2032, 2049, 2032, 1154, 2030, 1792, 1203, 1191, 1690, 2051, 2027,
        1172, 1815]), text=""Kuku drank the boy's water"", dec_out=None, dec_state=None, timestamp=[], alignments=None, frame_confidence=None, token_confidence=None, word_confidence=None, length=0, y=None, lm_state=None, lm_scores=None, ngram_lm_state=None, tokens=None, last_token=None, token_duration=None, last_frame=None)"
698,kúkù kát̪ìjí ápɾíɲá ŋávɛ̀,Kuku will make the boy drink water (far),Kuku will make the boy drink water,"Hypothesis(score=0.0, y_sequence=tensor([1358, 2032, 2049, 2032, 1154, 2030, 1792, 1203, 1191, 1690, 1172, 1815]), text='Kuku drank the boy water', dec_out=None, dec_state=None, timestamp=[], alignments=None, frame_confidence=None, token_confidence=None, word_confidence=None, length=0, y=None, lm_state=None, lm_scores=None, ngram_lm_state=None, tokens=None, last_token=None, token_duration=None, last_frame=None)"
699,kúkù ŋgɔ̀t̪ìnìjí kákàŋú íɾò,Kuku made Kaka braid her hair,Kuku opened the door against Kaka's wishes,"Hypothesis(score=0.0, y_sequence=tensor([1358, 2032, 2049, 2032, 1191, 1218, 1596, 2034, 1358, 1746, 2026, 2051,
        2027, 1292, 1213]), text=""Kuku braided Kaka's hair"", dec_out=None, dec_state=None, timestamp=[], alignments=None, frame_confidence=None, token_confidence=None, word_confidence=None, length=0, y=None, lm_state=None, lm_scores=None, ngram_lm_state=None, tokens=None, last_token=None, token_duration=None, last_frame=None)"
700,kúkù ŋgɔ̀t̪ìnìjí kákàŋú íɾó íjùn,Kuku made Kaka braid his/her hair,Kuku made Kaka braid (someone's) hair,"Hypothesis(score=0.0, y_sequence=tensor([1358, 2032, 2049, 2032, 1191, 1218, 1596, 2034, 1358, 1746, 2026, 2051,
        2027, 1292, 1213]), text=""Kuku braided Kaka's hair"", dec_out=None, dec_state=None, timestamp=[], alignments=None, frame_confidence=None, token_confidence=None, word_confidence=None, length=0, y=None, lm_state=None, lm_scores=None, ngram_lm_state=None, tokens=None, last_token=None, token_duration=None, last_frame=None)"
701,kúkù kàgɔ́t̪íjì kákàŋú íɾò,Kuku made Kaka braid someone's hair (and left),Kuku made Kaka braid (someone's) hair,"Hypothesis(score=0.0, y_sequence=tensor([1358, 2032, 2049, 2032, 1172, 1379, 1191, 1218, 1244, 1358, 1746, 2026,
        2051, 2027, 1292, 1213]), text=""Kuku will braid Kaka's hair"", dec_out=None, dec_state=None, timestamp=[], alignments=None, frame_confidence=None, token_confidence=None, word_confidence=None, length=0, y=None, lm_state=None, lm_scores=None, ngram_lm_state=None, tokens=None, last_token=None, token_duration=None, last_frame=None)"
702,kúkù kɔ̀tɛ̀cí kákàŋú dùn,Kuku called Kaka at home,Kuku introduced Kaka at home,"Hypothesis(score=0.0, y_sequence=tensor([1358, 2032, 2049, 2032, 1191, 1218, 1596, 2034, 1358, 1746, 2026, 1458,
        1854, 2024]), text='Kuku braided Kaka at home', dec_out=None, dec_state=None, timestamp=[], alignments=None, frame_confidence=None, token_confidence=None, word_confidence=None, length=0, y=None, lm_state=None, lm_scores=None, ngram_lm_state=None, tokens=None, last_token=None, token_duration=None, last_frame=None)"
703,kúkù kàðɛ́ðì ánù,"Kuku chopped (something, and left)",Kuku chopped (something),"Hypothesis(score=0.0, y_sequence=tensor([1358, 2032, 2049, 2032, 1318, 2031, 1350, 1246, 1301, 1185, 2023, 2122,
        1185, 1854, 2024, 2121]), text='Kuku chopped meat (at home)', dec_out=None, dec_state=None, timestamp=[], alignments=None, frame_confidence=None, token_confidence=None, word_confidence=None, length=0, y=None, lm_state=None, lm_scores=None, ngram_lm_state=None, tokens=None, last_token=None, token_duration=None, last_frame=None)"
704,káðɛ́ðà káðɛ́ðà,Kuku will chop...chop (something),Parts of: Kusta is about to break the log,"Hypothesis(score=0.0, y_sequence=tensor([1998, 1490, 1253, 2107, 2014, 1239, 1451, 1219, 1221, 1164, 1250, 1203,
        1718, 1390]), text='Parts of: He is going to cut the rope', dec_out=None, dec_state=None, timestamp=[], alignments=None, frame_confidence=None, token_confidence=None, word_confidence=None, length=0, y=None, lm_state=None, lm_scores=None, ngram_lm_state=None, tokens=None, last_token=None, token_duration=None, last_frame=None)"
705,kúkù kɛ̀t̪ə̀t̪ɔ́,Kuku drank (in the field),Kuku was lost,"Hypothesis(score=0.0, y_sequence=tensor([1358, 2032, 2049, 2032, 1366, 1344, 2029]), text='Kuku was lost', dec_out=None, dec_state=None, timestamp=[], alignments=None, frame_confidence=None, token_confidence=None, word_confidence=None, length=0, y=None, lm_state=None, lm_scores=None, ngram_lm_state=None, tokens=None, last_token=None, token_duration=None, last_frame=None)"
706,kɛ̀t̪ɔ̀t̪ɔ́,(Kuku) drank (in the field),Parts of: the farmer who pushed the bicycle (away) is strong,"Hypothesis(score=0.0, y_sequence=tensor([1358, 1177, 2031, 1396, 1239, 1451, 1547]), text='Kitoto is good', dec_out=None, dec_state=None, timestamp=[], alignments=None, frame_confidence=None, token_confidence=None, word_confidence=None, length=0, y=None, lm_state=None, lm_scores=None, ngram_lm_state=None, tokens=None, last_token=None, token_duration=None, last_frame=None)"
707,kúkù kɛ̀t̪ɔ̀t̪ɔ́,Kuku drank (in the field),Kuku drank,"Hypothesis(score=0.0, y_sequence=tensor([1358, 2032, 2049, 2032, 1154, 2030, 1792, 1221, 2044, 1525, 2027]), text='Kuku drank towards', dec_out=None, dec_state=None, timestamp=[], alignments=None, frame_confidence=None, token_confidence=None, word_confidence=None, length=0, y=None, lm_state=None, lm_scores=None, ngram_lm_state=None, tokens=None, last_token=None, token_duration=None, last_frame=None)"
708,kúkù kát̪ɔ̀t̪ɔ́,Kuku will drink (in the field) (far),Kuku will drink (far),"Hypothesis(score=0.0, y_sequence=tensor([1358, 2032, 2049, 2032, 1172, 1379, 1154, 2030, 1635, 2012, 1179, 1209,
        2044]), text='Kuku will drink tomorrow', dec_out=None, dec_state=None, timestamp=[], alignments=None, frame_confidence=None, token_confidence=None, word_confidence=None, length=0, y=None, lm_state=None, lm_scores=None, ngram_lm_state=None, tokens=None, last_token=None, token_duration=None, last_frame=None)"
709,kúkù kápà índɔ̀,Kuku will take a drum,Kuku will beat a drum,"Hypothesis(score=0.0, y_sequence=tensor([1358, 2032, 2049, 2032, 1172, 1379, 1263, 1185, 1157, 1154, 2030, 1261]), text='Kuku will beat a drum', dec_out=None, dec_state=None, timestamp=[], alignments=None, frame_confidence=None, token_confidence=None, word_confidence=None, length=0, y=None, lm_state=None, lm_scores=None, ngram_lm_state=None, tokens=None, last_token=None, token_duration=None, last_frame=None)"
710,kúkù kápát̪à kákàŋú índɔ̀,Kuku will take Kaka's drum,Kuku will beat Kaka tomorrow,"Hypothesis(score=0.0, y_sequence=tensor([1358, 2032, 2049, 2032, 1172, 1379, 1699, 1219, 1358, 1746, 2026, 1154,
        2030, 1261]), text='Kuku will bring Kaka drum', dec_out=None, dec_state=None, timestamp=[], alignments=None, frame_confidence=None, token_confidence=None, word_confidence=None, length=0, y=None, lm_state=None, lm_scores=None, ngram_lm_state=None, tokens=None, last_token=None, token_duration=None, last_frame=None)"
711,kúkù kápít̪ɔ̀ kákàŋú índɔ̀,Kuku will beat a drum for Kaka,Kuku will drink water for Kaka,"Hypothesis(score=0.0, y_sequence=tensor([1358, 2032, 2049, 2032, 1172, 1379, 1263, 1185, 1358, 1746, 2026, 1201,
        1203, 1190, 1180, 1457]), text='Kuku will beat Kaka in the field', dec_out=None, dec_state=None, timestamp=[], alignments=None, frame_confidence=None, token_confidence=None, word_confidence=None, length=0, y=None, lm_state=None, lm_scores=None, ngram_lm_state=None, tokens=None, last_token=None, token_duration=None, last_frame=None)"
712,kúkù kápít̪ɔ̀ kákàŋú índɔ̀ɔ̌,Kuku will take a drum for Kaka,Kuku will drink water for Kaka,"Hypothesis(score=0.0, y_sequence=tensor([1358, 2032, 2049, 2032, 1172, 1379, 1263, 1185, 1358, 1746, 2026, 2051,
        2027, 1638, 1547, 2012, 1179, 1209, 2044]), text=""Kuku will beat Kaka's food tomorrow"", dec_out=None, dec_state=None, timestamp=[], alignments=None, frame_confidence=None, token_confidence=None, word_confidence=None, length=0, y=None, lm_state=None, lm_scores=None, ngram_lm_state=None, tokens=None, last_token=None, token_duration=None, last_frame=None)"
713,kúkù kə̀t̪ìjí ápɾíɲà,Kuku will make the boy drink,Kuku made the boy sleep (and left),"Hypothesis(score=0.0, y_sequence=tensor([1358, 2032, 2049, 2032, 1154, 2030, 1792, 1221, 1203, 1191, 1690]), text='Kuku drank to the boy', dec_out=None, dec_state=None, timestamp=[], alignments=None, frame_confidence=None, token_confidence=None, word_confidence=None, length=0, y=None, lm_state=None, lm_scores=None, ngram_lm_state=None, tokens=None, last_token=None, token_duration=None, last_frame=None)"
714,kúkù kɛ̀t̪ìjí ápɾíɲà,Kuku will make the boy drink,Kuku made the boy sleep (and left),"Hypothesis(score=0.0, y_sequence=tensor([1358, 2032, 2049, 2032, 1154, 2030, 1792, 1172, 1437, 1203, 1191, 1690]), text='Kuku drank with the boy', dec_out=None, dec_state=None, timestamp=[], alignments=None, frame_confidence=None, token_confidence=None, word_confidence=None, length=0, y=None, lm_state=None, lm_scores=None, ngram_lm_state=None, tokens=None, last_token=None, token_duration=None, last_frame=None)"
715,kúkù kə̀t̪ìjé ápɾíɲà,Kuku will make the boy get lost,Kuku made the boy sleep (and left),"Hypothesis(score=0.0, y_sequence=tensor([1358, 2032, 2049, 2032, 1154, 2030, 1792, 1172, 1815, 1475, 1197, 1203,
        1191, 1690]), text='Kuku drank water from the boy', dec_out=None, dec_state=None, timestamp=[], alignments=None, frame_confidence=None, token_confidence=None, word_confidence=None, length=0, y=None, lm_state=None, lm_scores=None, ngram_lm_state=None, tokens=None, last_token=None, token_duration=None, last_frame=None)"
716,kə̀t̪ìjí kɛ̀t̪ìjí,"made drink, made drink",Parts of: He ate food and left,"Hypothesis(score=0.0, y_sequence=tensor([2023, 2122, 2036, 1302, 2121, 1239, 1391, 2121, 1872, 1808]), text='(here) is he) visible', dec_out=None, dec_state=None, timestamp=[], alignments=None, frame_confidence=None, token_confidence=None, word_confidence=None, length=0, y=None, lm_state=None, lm_scores=None, ngram_lm_state=None, tokens=None, last_token=None, token_duration=None, last_frame=None)"
717,kúkù kɛ̀t̪ìjé kɛ̀t̪ìjé,"Kuku made get lost, made get lost",Kuku ate food,"Hypothesis(score=0.0, y_sequence=tensor([1358, 2032, 2049, 2032, 1154, 2030, 1792, 1172, 1815, 1475, 1197, 1301]), text='Kuku drank water from me', dec_out=None, dec_state=None, timestamp=[], alignments=None, frame_confidence=None, token_confidence=None, word_confidence=None, length=0, y=None, lm_state=None, lm_scores=None, ngram_lm_state=None, tokens=None, last_token=None, token_duration=None, last_frame=None)"
718,kúkù kàt̪íjè àpɾíɲà,Kuku made the boy get lost (and left),Kuku made the boy sleep (and left),"Hypothesis(score=0.0, y_sequence=tensor([1358, 2032, 2049, 2032, 1157, 1193, 1203, 1191, 1690]), text='Kuku ate the boy', dec_out=None, dec_state=None, timestamp=[], alignments=None, frame_confidence=None, token_confidence=None, word_confidence=None, length=0, y=None, lm_state=None, lm_scores=None, ngram_lm_state=None, tokens=None, last_token=None, token_duration=None, last_frame=None)"
719,kúkù kàt̪íjì àpɾíɲà,Kuku made the boy drink (and left),Kuku made the boy sleep (and left),"Hypothesis(score=0.0, y_sequence=tensor([1358, 2032, 2049, 2032, 1154, 2030, 1792, 1203, 1191, 1690]), text='Kuku drank the boy', dec_out=None, dec_state=None, timestamp=[], alignments=None, frame_confidence=None, token_confidence=None, word_confidence=None, length=0, y=None, lm_state=None, lm_scores=None, ngram_lm_state=None, tokens=None, last_token=None, token_duration=None, last_frame=None)"
720,kúkù kát̪íjà àpɾíɲà,Kuku will make the boy get lost,Kuku will make the boy sleep,"Hypothesis(score=0.0, y_sequence=tensor([1358, 2032, 2049, 2032, 1157, 1193, 1203, 1191, 1690]), text='Kuku ate the boy', dec_out=None, dec_state=None, timestamp=[], alignments=None, frame_confidence=None, token_confidence=None, word_confidence=None, length=0, y=None, lm_state=None, lm_scores=None, ngram_lm_state=None, tokens=None, last_token=None, token_duration=None, last_frame=None)"
721,kúkù kát̪íjɔ̀ àpɾíɲà,Kuku will make the boy drink,Kuku will make the boy return,"Hypothesis(score=0.0, y_sequence=tensor([1358, 2032, 2049, 2032, 1172, 1379, 1612, 1167, 1207, 1468, 1203, 1191,
        1690]), text='Kuku will appreciate the boy', dec_out=None, dec_state=None, timestamp=[], alignments=None, frame_confidence=None, token_confidence=None, word_confidence=None, length=0, y=None, lm_state=None, lm_scores=None, ngram_lm_state=None, tokens=None, last_token=None, token_duration=None, last_frame=None)"
722,kúkù kát̪ìjé ápɾíɲà,Kuku will make the boy get lost (far),Kuku will make the boy sleep (far),"Hypothesis(score=0.0, y_sequence=tensor([1358, 2032, 2049, 2032, 1154, 2030, 1792, 1203, 1191, 1690]), text='Kuku drank the boy', dec_out=None, dec_state=None, timestamp=[], alignments=None, frame_confidence=None, token_confidence=None, word_confidence=None, length=0, y=None, lm_state=None, lm_scores=None, ngram_lm_state=None, tokens=None, last_token=None, token_duration=None, last_frame=None)"
723,kúkù kát̪ìjí ápɾíɲà,Kuku will make the boy drink (far),Kuku will make the boy sleep (far),"Hypothesis(score=0.0, y_sequence=tensor([1358, 2032, 2049, 2032, 1172, 1379, 1154, 2030, 1635, 1203, 1191, 1690]), text='Kuku will drink the boy', dec_out=None, dec_state=None, timestamp=[], alignments=None, frame_confidence=None, token_confidence=None, word_confidence=None, length=0, y=None, lm_state=None, lm_scores=None, ngram_lm_state=None, tokens=None, last_token=None, token_duration=None, last_frame=None)"
724,ùɾnɔ̀ kɛ̀lɛ̀ŋìt̪ɔ́ ðɛ̀ɲú t̪á t̪ʊ̀lí t̪àmə̀ɾðɔ́ ŋɛ́nɛ̀,grandpa knew the lion bit the dog,grandfather told me the lion bit the dog,"Hypothesis(score=0.0, y_sequence=tensor([1434, 1271, 2041, 1185, 1679, 1887, 1262, 1630, 2034, 1203, 1163, 1226,
        1191, 1177, 1421, 2039]), text='grandfather who killed the lion bit dog', dec_out=None, dec_state=None, timestamp=[], alignments=None, frame_confidence=None, token_confidence=None, word_confidence=None, length=0, y=None, lm_state=None, lm_scores=None, ngram_lm_state=None, tokens=None, last_token=None, token_duration=None, last_frame=None)"
725,ðə́pɔ́ ðə̀píŋí ápɾíɲá ðìcɔ̀,my beating of the boy is bad,the boy that the boy pushed is bad,"Hypothesis(score=0.0, y_sequence=tensor([1358, 2032, 2049, 2032, 2043, 1203, 1263, 1185, 1219, 1253, 1203, 1191,
        1690, 1239, 1191, 1212]), text='Kuku, the beating of the boy is bad', dec_out=None, dec_state=None, timestamp=[], alignments=None, frame_confidence=None, token_confidence=None, word_confidence=None, length=0, y=None, lm_state=None, lm_scores=None, ngram_lm_state=None, tokens=None, last_token=None, token_duration=None, last_frame=None)"
726,ðə́pínɔ́ ðìcɔ̀,getting beaten is bad,be weak,"Hypothesis(score=0.0, y_sequence=tensor([1263, 1185, 1219, 1239, 1191, 1212]), text='beating is bad', dec_out=None, dec_state=None, timestamp=[], alignments=None, frame_confidence=None, token_confidence=None, word_confidence=None, length=0, y=None, lm_state=None, lm_scores=None, ngram_lm_state=None, tokens=None, last_token=None, token_duration=None, last_frame=None)"
727,ðə́pɔ́ ðìcɔ̀,beating is bad,beat the drum,"Hypothesis(score=0.0, y_sequence=tensor([1358, 2032, 2049, 2032, 1239, 1191, 1212]), text='Kuku is bad', dec_out=None, dec_state=None, timestamp=[], alignments=None, frame_confidence=None, token_confidence=None, word_confidence=None, length=0, y=None, lm_state=None, lm_scores=None, ngram_lm_state=None, tokens=None, last_token=None, token_duration=None, last_frame=None)"
728,ðə́píðɔ́ ðìcɔ̀,beating someone/fighting is bad,To beat is bad,"Hypothesis(score=0.0, y_sequence=tensor([1267, 2045, 1190, 1185, 1679, 1239, 1191, 1212]), text='My father is bad', dec_out=None, dec_state=None, timestamp=[], alignments=None, frame_confidence=None, token_confidence=None, word_confidence=None, length=0, y=None, lm_state=None, lm_scores=None, ngram_lm_state=None, tokens=None, last_token=None, token_duration=None, last_frame=None)"
729,àɾò kìcə̀lù,his sibling is good,The brother is good.,"Hypothesis(score=0.0, y_sequence=tensor([1205, 1237, 1191, 1209, 1711, 1239, 1451, 1547]), text='your brother is good', dec_out=None, dec_state=None, timestamp=[], alignments=None, frame_confidence=None, token_confidence=None, word_confidence=None, length=0, y=None, lm_state=None, lm_scores=None, ngram_lm_state=None, tokens=None, last_token=None, token_duration=None, last_frame=None)"
730,ɔ̀ɾà kìcə̀lù,a sibling is good,The brother is good.,"Hypothesis(score=0.0, y_sequence=tensor([1697, 2023, 2122, 2024, 2054, 1590, 2121, 1191, 1209, 1711, 1239, 1451,
        1547]), text='our (excl) brother is good', dec_out=None, dec_state=None, timestamp=[], alignments=None, frame_confidence=None, token_confidence=None, word_confidence=None, length=0, y=None, lm_state=None, lm_scores=None, ngram_lm_state=None, tokens=None, last_token=None, token_duration=None, last_frame=None)"
731,ɔ̀ɾàí kícə̀lù,your/yall's brother is good,our (excl) brother is good,"Hypothesis(score=0.0, y_sequence=tensor([1687, 1191, 1209, 1711, 1239, 1451, 1547]), text='my brother is good', dec_out=None, dec_state=None, timestamp=[], alignments=None, frame_confidence=None, token_confidence=None, word_confidence=None, length=0, y=None, lm_state=None, lm_scores=None, ngram_lm_state=None, tokens=None, last_token=None, token_duration=None, last_frame=None)"
732,ɔ̀ɾàlí kícə̀lù,our (dual) brother is goodff,our brother is good,"Hypothesis(score=0.0, y_sequence=tensor([1697, 2023, 2122, 1465, 1192, 2121, 1191, 1209, 1711, 1239, 1451, 1547]), text='our (dual) brother is good', dec_out=None, dec_state=None, timestamp=[], alignments=None, frame_confidence=None, token_confidence=None, word_confidence=None, length=0, y=None, lm_state=None, lm_scores=None, ngram_lm_state=None, tokens=None, last_token=None, token_duration=None, last_frame=None)"
733,kúkù kákáɾìðàǎ,Kuku will break something,Kuku will break (something),"Hypothesis(score=0.0, y_sequence=tensor([1358, 2032, 2049, 2032, 1172, 1379, 1191, 1167, 1746, 1536, 1229, 2036,
        1219]), text='Kuku will break something', dec_out=None, dec_state=None, timestamp=[], alignments=None, frame_confidence=None, token_confidence=None, word_confidence=None, length=0, y=None, lm_state=None, lm_scores=None, ngram_lm_state=None, tokens=None, last_token=None, token_duration=None, last_frame=None)"
734,kúkù gákáɾìðàǎ,Kuku will break something,Kuku will break (something),"Hypothesis(score=0.0, y_sequence=tensor([1358, 2032, 2049, 2032, 1191, 1209, 1331, 1536, 1229, 2036, 1219]), text='Kuku broke something', dec_out=None, dec_state=None, timestamp=[], alignments=None, frame_confidence=None, token_confidence=None, word_confidence=None, length=0, y=None, lm_state=None, lm_scores=None, ngram_lm_state=None, tokens=None, last_token=None, token_duration=None, last_frame=None)"
735,kúkù kɛ̀mìɲɔ̀,Kuku came out,Kuku came out,"Hypothesis(score=0.0, y_sequence=tensor([1358, 2032, 2049, 2032, 1164, 1729, 1763, 2027, 1596]), text='Kuku came outside', dec_out=None, dec_state=None, timestamp=[], alignments=None, frame_confidence=None, token_confidence=None, word_confidence=None, length=0, y=None, lm_state=None, lm_scores=None, ngram_lm_state=None, tokens=None, last_token=None, token_duration=None, last_frame=None)"
736,kúkù kɛ̀ìdù,Kuku fell,Kuku fell,"Hypothesis(score=0.0, y_sequence=tensor([1358, 2032, 2049, 2032, 1154, 2030, 1792]), text='Kuku drank', dec_out=None, dec_state=None, timestamp=[], alignments=None, frame_confidence=None, token_confidence=None, word_confidence=None, length=0, y=None, lm_state=None, lm_scores=None, ngram_lm_state=None, tokens=None, last_token=None, token_duration=None, last_frame=None)"
737,kúkù kɛ̀ìdú tə́màn,Kuku fell quickly,Kuku fell quickly,"Hypothesis(score=0.0, y_sequence=tensor([1358, 2032, 2049, 2032, 1784, 1214, 1458, 1854, 2024]), text='Kuku fell at home', dec_out=None, dec_state=None, timestamp=[], alignments=None, frame_confidence=None, token_confidence=None, word_confidence=None, length=0, y=None, lm_state=None, lm_scores=None, ngram_lm_state=None, tokens=None, last_token=None, token_duration=None, last_frame=None)"
738,kúkù kàídì tə̀màn,Kuku fell quickly (and left),Kuku fell quickly (and left),"Hypothesis(score=0.0, y_sequence=tensor([1358, 2032, 2049, 2032, 1157, 1193, 1638, 1547, 1241, 1240, 1595]), text='Kuku ate food and left', dec_out=None, dec_state=None, timestamp=[], alignments=None, frame_confidence=None, token_confidence=None, word_confidence=None, length=0, y=None, lm_state=None, lm_scores=None, ngram_lm_state=None, tokens=None, last_token=None, token_duration=None, last_frame=None)"
739,àpɾí jɛ̀ìdìjé kúkùŋù,the boy made Kuku fall,the boy became very bad,"Hypothesis(score=0.0, y_sequence=tensor([1203, 1191, 1690, 1169, 1849, 1358, 2032, 2049, 2032, 2051, 2027, 1191,
        1167, 1212, 2023, 2122, 2041, 1174, 2121]), text=""the boy made Kuku's bread (far)"", dec_out=None, dec_state=None, timestamp=[], alignments=None, frame_confidence=None, token_confidence=None, word_confidence=None, length=0, y=None, lm_state=None, lm_scores=None, ngram_lm_state=None, tokens=None, last_token=None, token_duration=None, last_frame=None)"
740,àpɾí jàídíjì kúkùŋù,the boy made Kuku fall (and left),the boy liked Kuku,"Hypothesis(score=0.0, y_sequence=tensor([1203, 1191, 1690, 1366, 1169, 1849, 1691, 1358, 2032, 2049, 2032]), text='the boy was made by Kuku', dec_out=None, dec_state=None, timestamp=[], alignments=None, frame_confidence=None, token_confidence=None, word_confidence=None, length=0, y=None, lm_state=None, lm_scores=None, ngram_lm_state=None, tokens=None, last_token=None, token_duration=None, last_frame=None)"
741,àpɾí jáídìjɔ̀ kúkùŋù,the boy will make Kuku fall,the boy will make Kuku eat,"Hypothesis(score=0.0, y_sequence=tensor([1203, 1191, 1690, 1172, 1379, 1263, 1157, 1193, 1358, 2032, 2049, 2032,
        2023, 2122, 2041, 1174, 2121]), text='the boy will be ate Kuku (far)', dec_out=None, dec_state=None, timestamp=[], alignments=None, frame_confidence=None, token_confidence=None, word_confidence=None, length=0, y=None, lm_state=None, lm_scores=None, ngram_lm_state=None, tokens=None, last_token=None, token_duration=None, last_frame=None)"
742,àpɾí jáìdìjé kúkùŋù,the boy will make Kuku fall (far),the boy became a shepherd for Kuku,"Hypothesis(score=0.0, y_sequence=tensor([1203, 1191, 1690, 1172, 1379, 1263, 1185, 1358, 2032, 2049, 2032, 2023,
        2122, 2041, 1174, 2121]), text='the boy will beat Kuku (far)', dec_out=None, dec_state=None, timestamp=[], alignments=None, frame_confidence=None, token_confidence=None, word_confidence=None, length=0, y=None, lm_state=None, lm_scores=None, ngram_lm_state=None, tokens=None, last_token=None, token_duration=None, last_frame=None)"
743,kúkù kàútíðìjì àpɾíɲá lɛ́ŋgɛ̀n,Kuku made the boy call his mom (and left),Kuku made the boy break bread (and left),"Hypothesis(score=0.0, y_sequence=tensor([1358, 2032, 2049, 2032, 1191, 1218, 1596, 2034, 1712, 1956]), text='Kuku braided his mom', dec_out=None, dec_state=None, timestamp=[], alignments=None, frame_confidence=None, token_confidence=None, word_confidence=None, length=0, y=None, lm_state=None, lm_scores=None, ngram_lm_state=None, tokens=None, last_token=None, token_duration=None, last_frame=None)"
744,kúkù káútìðìjɔ̀ àpɾíɲá lɛ́ŋgɛ̀n,Kuku will make the boy  call his mom,Kuku will make the boy break bread with his mom,"Hypothesis(score=0.0, y_sequence=tensor([1358, 2032, 2049, 2032, 1172, 1379, 1164, 1505, 1203, 1163, 1226, 2051,
        2027, 1191, 1690, 1712, 1956]), text=""Kuku will call the lion's boy his mom"", dec_out=None, dec_state=None, timestamp=[], alignments=None, frame_confidence=None, token_confidence=None, word_confidence=None, length=0, y=None, lm_state=None, lm_scores=None, ngram_lm_state=None, tokens=None, last_token=None, token_duration=None, last_frame=None)"
745,kúkù káùtìðìjí àpɾíɲá lɛ́ŋgɛ̀n,Kuku will make the boy call his mom (far),Kuku will make the boy return from the field (far),"Hypothesis(score=0.0, y_sequence=tensor([1358, 2032, 2049, 2032, 1172, 1379, 1164, 1505, 1203, 1191, 1690, 2051,
        2027, 1393, 1711]), text=""Kuku will call the boy's mother"", dec_out=None, dec_state=None, timestamp=[], alignments=None, frame_confidence=None, token_confidence=None, word_confidence=None, length=0, y=None, lm_state=None, lm_scores=None, ngram_lm_state=None, tokens=None, last_token=None, token_duration=None, last_frame=None)"
746,kúkù kùɽcìjí ápɾíɲà,Kuku made the boy jump,Kuku will make the boy sleep (far),"Hypothesis(score=0.0, y_sequence=tensor([1358, 2032, 2049, 2032, 1172, 1379, 1297, 1331, 1203, 1191, 1690, 1191,
        1167, 1746, 1157, 1158, 2027, 2044, 2049]), text='Kuku will make the boy break a sswk', dec_out=None, dec_state=None, timestamp=[], alignments=None, frame_confidence=None, token_confidence=None, word_confidence=None, length=0, y=None, lm_state=None, lm_scores=None, ngram_lm_state=None, tokens=None, last_token=None, token_duration=None, last_frame=None)"
747,kúkù kàúɽcíjì àpɾíɲà,Kuku made the boy jump (and left),Kuku made the boy return,"Hypothesis(score=0.0, y_sequence=tensor([1358, 2032, 2049, 2032, 1172, 1379, 1297, 1331, 1203, 1191, 1690, 1222,
        1261, 2038, 2023, 2122, 2041, 1174, 2121]), text='Kuku will make the boy jump (far)', dec_out=None, dec_state=None, timestamp=[], alignments=None, frame_confidence=None, token_confidence=None, word_confidence=None, length=0, y=None, lm_state=None, lm_scores=None, ngram_lm_state=None, tokens=None, last_token=None, token_duration=None, last_frame=None)"
748,kúkù káúɽcìjɔ̀ àpɾíɲà,Kuku will make the boy jump,Kuku will make the boy return,"Hypothesis(score=0.0, y_sequence=tensor([1358, 2032, 2049, 2032, 1172, 1379, 1588, 2026, 1331, 1203, 1191, 1690]), text='Kuku will shake the boy', dec_out=None, dec_state=None, timestamp=[], alignments=None, frame_confidence=None, token_confidence=None, word_confidence=None, length=0, y=None, lm_state=None, lm_scores=None, ngram_lm_state=None, tokens=None, last_token=None, token_duration=None, last_frame=None)"
749,kúkù káùɽcìjí ápɾíɲà,Kuku will make the boy jump (far),Kuku will make the boy return,"Hypothesis(score=0.0, y_sequence=tensor([1358, 2032, 2049, 2032, 1172, 1379, 1610, 1167, 1212, 1203, 1191, 1690]), text='Kuku will spread the boy', dec_out=None, dec_state=None, timestamp=[], alignments=None, frame_confidence=None, token_confidence=None, word_confidence=None, length=0, y=None, lm_state=None, lm_scores=None, ngram_lm_state=None, tokens=None, last_token=None, token_duration=None, last_frame=None)"
750,kúkù kùɽðìjí ápɾíɲ,Kuku made the boy return,Kuku will make the boy sleep (far),"Hypothesis(score=0.0, y_sequence=tensor([1358, 2032, 2049, 2032, 1172, 1379, 1263, 1185, 1203, 1191, 1690]), text='Kuku will beat the boy', dec_out=None, dec_state=None, timestamp=[], alignments=None, frame_confidence=None, token_confidence=None, word_confidence=None, length=0, y=None, lm_state=None, lm_scores=None, ngram_lm_state=None, tokens=None, last_token=None, token_duration=None, last_frame=None)"
751,kúkù kàúɽðíjì àpɾíɲà,Kuku made the boy return (and left),Kuku made the boy return,"Hypothesis(score=0.0, y_sequence=tensor([1358, 2032, 2049, 2032, 1172, 1379, 1297, 1331, 1203, 1191, 1690, 1243,
        1168, 1157, 2044, 1364]), text='Kuku will make the boy run away', dec_out=None, dec_state=None, timestamp=[], alignments=None, frame_confidence=None, token_confidence=None, word_confidence=None, length=0, y=None, lm_state=None, lm_scores=None, ngram_lm_state=None, tokens=None, last_token=None, token_duration=None, last_frame=None)"
752,kúkù kàúɽðìjì àpɾíɲà,Kuku made the boy return (and left),Kuku made the boy return,"Hypothesis(score=0.0, y_sequence=tensor([1358, 2032, 2049, 2032, 1172, 1379, 1297, 1331, 1203, 1191, 1690, 1243,
        1168, 1340, 1301]), text='Kuku will make the boy run for me', dec_out=None, dec_state=None, timestamp=[], alignments=None, frame_confidence=None, token_confidence=None, word_confidence=None, length=0, y=None, lm_state=None, lm_scores=None, ngram_lm_state=None, tokens=None, last_token=None, token_duration=None, last_frame=None)"
753,kúkù káùɽìðìjí ápɾíɲà,Kuku will make the boy return (far),Kuku will make the boy return (far),"Hypothesis(score=0.0, y_sequence=tensor([1358, 2032, 2049, 2032, 1172, 1379, 1297, 1331, 1203, 1191, 1690, 1231,
        2029, 1206, 2025, 2023, 2122, 2026, 2044, 1364, 2121]), text='Kuku will make the boy return (away)', dec_out=None, dec_state=None, timestamp=[], alignments=None, frame_confidence=None, token_confidence=None, word_confidence=None, length=0, y=None, lm_state=None, lm_scores=None, ngram_lm_state=None, tokens=None, last_token=None, token_duration=None, last_frame=None)"
754,kúkù kìjìnìjí ápɾíɲà,Kuku made the boy eat,Kuku will make the boy eat (far),"Hypothesis(score=0.0, y_sequence=tensor([1358, 2032, 2049, 2032, 1157, 1193, 1203, 1191, 1690]), text='Kuku ate the boy', dec_out=None, dec_state=None, timestamp=[], alignments=None, frame_confidence=None, token_confidence=None, word_confidence=None, length=0, y=None, lm_state=None, lm_scores=None, ngram_lm_state=None, tokens=None, last_token=None, token_duration=None, last_frame=None)"
755,kúkù kìjjí,Kuku fed,Kuku is a shepherd,"Hypothesis(score=0.0, y_sequence=tensor([1358, 2032, 2049, 2032, 1157, 1193]), text='Kuku ate', dec_out=None, dec_state=None, timestamp=[], alignments=None, frame_confidence=None, token_confidence=None, word_confidence=None, length=0, y=None, lm_state=None, lm_scores=None, ngram_lm_state=None, tokens=None, last_token=None, token_duration=None, last_frame=None)"
756,kúkù kìjjí ápɾíɲá ŋɔ̀mɔ̀,Kuku fed the boy food,Kuku is eating of the boy,"Hypothesis(score=0.0, y_sequence=tensor([1358, 2032, 2049, 2032, 1157, 1193, 1203, 1191, 1690, 1638, 1547]), text='Kuku ate the boy food', dec_out=None, dec_state=None, timestamp=[], alignments=None, frame_confidence=None, token_confidence=None, word_confidence=None, length=0, y=None, lm_state=None, lm_scores=None, ngram_lm_state=None, tokens=None, last_token=None, token_duration=None, last_frame=None)"
757,kúkù kìjìnìjí ápɾíɲá ŋɔ̀mɔ̀,Kuku made the boy eat food,Kuku ate the food of the boy,"Hypothesis(score=0.0, y_sequence=tensor([1358, 2032, 2049, 2032, 1157, 1193, 1203, 1191, 1690, 1638, 1547]), text='Kuku ate the boy food', dec_out=None, dec_state=None, timestamp=[], alignments=None, frame_confidence=None, token_confidence=None, word_confidence=None, length=0, y=None, lm_state=None, lm_scores=None, ngram_lm_state=None, tokens=None, last_token=None, token_duration=None, last_frame=None)"
758,kúkù kǎjjì àpɾíɲá ŋɔ̀mɔ̀,Kuku fed the boy food (and left),Kuku made the boy eat (and left),"Hypothesis(score=0.0, y_sequence=tensor([1358, 2032, 2049, 2032, 1157, 1193, 1203, 1191, 1690, 1638, 1547]), text='Kuku ate the boy food', dec_out=None, dec_state=None, timestamp=[], alignments=None, frame_confidence=None, token_confidence=None, word_confidence=None, length=0, y=None, lm_state=None, lm_scores=None, ngram_lm_state=None, tokens=None, last_token=None, token_duration=None, last_frame=None)"
759,kúkù kǎjɛ̌,Kuku ate...,Kuku will eat (far),"Hypothesis(score=0.0, y_sequence=tensor([1358, 2032, 2049, 2032, 1157, 1193]), text='Kuku ate', dec_out=None, dec_state=None, timestamp=[], alignments=None, frame_confidence=None, token_confidence=None, word_confidence=None, length=0, y=None, lm_state=None, lm_scores=None, ngram_lm_state=None, tokens=None, last_token=None, token_duration=None, last_frame=None)"
760,kúkù kâjjí ápɾíɲá ŋɔ̀mɔ̀,Kuku fed the boy food,Kuku will make the boy eat food (far),"Hypothesis(score=0.0, y_sequence=tensor([1358, 2032, 2049, 2032, 1157, 1193, 1203, 1191, 1690, 1638, 1547]), text='Kuku ate the boy food', dec_out=None, dec_state=None, timestamp=[], alignments=None, frame_confidence=None, token_confidence=None, word_confidence=None, length=0, y=None, lm_state=None, lm_scores=None, ngram_lm_state=None, tokens=None, last_token=None, token_duration=None, last_frame=None)"
761,kúkù kùrìjí ápɾíɲà,Kuku made the boy climb down,Kuku will make the boy eat (far),"Hypothesis(score=0.0, y_sequence=tensor([1358, 2032, 2049, 2032, 1172, 1437, 1203, 1191, 1690]), text='Kuku with the boy', dec_out=None, dec_state=None, timestamp=[], alignments=None, frame_confidence=None, token_confidence=None, word_confidence=None, length=0, y=None, lm_state=None, lm_scores=None, ngram_lm_state=None, tokens=None, last_token=None, token_duration=None, last_frame=None)"
762,kúkù kàúríjì àpɾíɲà,Kuku made the boy climb down (far),Kuku made the boy sleep (and left),"Hypothesis(score=0.0, y_sequence=tensor([1358, 2032, 2049, 2032, 1172, 1379, 1231, 2029, 1206, 2025, 1221, 1203,
        1191, 1690]), text='Kuku will return to the boy', dec_out=None, dec_state=None, timestamp=[], alignments=None, frame_confidence=None, token_confidence=None, word_confidence=None, length=0, y=None, lm_state=None, lm_scores=None, ngram_lm_state=None, tokens=None, last_token=None, token_duration=None, last_frame=None)"
763,kúkù káúrìjɔ̀ àpɾíɲà,Kuku will make the boy climb down,Kuku will make the boy sleep,"Hypothesis(score=0.0, y_sequence=tensor([1358, 2032, 2049, 2032, 1172, 1379, 1231, 2029, 1206, 2025, 1203, 1191,
        1690, 2051, 2027, 2134, 2027, 1197, 1229, 2036, 1219]), text=""Kuku will return the boy's/something"", dec_out=None, dec_state=None, timestamp=[], alignments=None, frame_confidence=None, token_confidence=None, word_confidence=None, length=0, y=None, lm_state=None, lm_scores=None, ngram_lm_state=None, tokens=None, last_token=None, token_duration=None, last_frame=None)"
764,kúkù káùrìjí ápɾíɲà,Kuku will make the boy climb down (far),Kuku will make the boy eat (far),"Hypothesis(score=0.0, y_sequence=tensor([1358, 2032, 2049, 2032, 1172, 1379, 1231, 2029, 1206, 2025, 1221, 1203,
        1191, 1690]), text='Kuku will return to the boy', dec_out=None, dec_state=None, timestamp=[], alignments=None, frame_confidence=None, token_confidence=None, word_confidence=None, length=0, y=None, lm_state=None, lm_scores=None, ngram_lm_state=None, tokens=None, last_token=None, token_duration=None, last_frame=None)"
765,kúkù kùtùðìjí ápɾíɲà,Kuku made the boy get up,Kuku will make the boy sleep (far),"Hypothesis(score=0.0, y_sequence=tensor([1358, 2032, 2049, 2032, 1191, 1218, 1596, 2034, 1203, 1191, 1690]), text='Kuku braided the boy', dec_out=None, dec_state=None, timestamp=[], alignments=None, frame_confidence=None, token_confidence=None, word_confidence=None, length=0, y=None, lm_state=None, lm_scores=None, ngram_lm_state=None, tokens=None, last_token=None, token_duration=None, last_frame=None)"
766,kúkù kùtìðìjí ápɾíɲà,Kuku made the boy get up,Kuku will make the boy sleep (far),"Hypothesis(score=0.0, y_sequence=tensor([1358, 2032, 2049, 2032, 1951, 1195, 2034, 1203, 1191, 1690]), text='Kuku called the boy', dec_out=None, dec_state=None, timestamp=[], alignments=None, frame_confidence=None, token_confidence=None, word_confidence=None, length=0, y=None, lm_state=None, lm_scores=None, ngram_lm_state=None, tokens=None, last_token=None, token_duration=None, last_frame=None)"
767,kùtìðìjí kùtìðìjí,made get up... made get up,worms are very bad,"Hypothesis(score=0.0, y_sequence=tensor([1315, 1386, 2044, 1246, 1203, 1522, 1331, 2045]), text='Chewed the monkey', dec_out=None, dec_state=None, timestamp=[], alignments=None, frame_confidence=None, token_confidence=None, word_confidence=None, length=0, y=None, lm_state=None, lm_scores=None, ngram_lm_state=None, tokens=None, last_token=None, token_duration=None, last_frame=None)"
768,kúkù kàtúðìjì ápɾíɲà,Kuku made the boy get up (and left),Kuku made the boy sleep (and left),"Hypothesis(score=0.0, y_sequence=tensor([1358, 2032, 2049, 2032, 1172, 1379, 1699, 1219, 1203, 1191, 1690, 1221,
        1203, 1191, 1690, 2051, 2027, 1186, 1230, 2024]), text=""Kuku will bring the boy to the boy's house"", dec_out=None, dec_state=None, timestamp=[], alignments=None, frame_confidence=None, token_confidence=None, word_confidence=None, length=0, y=None, lm_state=None, lm_scores=None, ngram_lm_state=None, tokens=None, last_token=None, token_duration=None, last_frame=None)"
769,kúkù kùtòðò,Kuku got up,Kuku will call,"Hypothesis(score=0.0, y_sequence=tensor([1358, 2032, 2049, 2032, 1172, 1379, 1154, 2030, 1635]), text='Kuku will drink', dec_out=None, dec_state=None, timestamp=[], alignments=None, frame_confidence=None, token_confidence=None, word_confidence=None, length=0, y=None, lm_state=None, lm_scores=None, ngram_lm_state=None, tokens=None, last_token=None, token_duration=None, last_frame=None)"
770,kúkù kàtóðì,Kuku got up (and left),Kuku will get lost (far),"Hypothesis(score=0.0, y_sequence=tensor([1358, 2032, 2049, 2032, 1154, 2030, 1792, 1536, 1229, 2036, 1219]), text='Kuku drank something', dec_out=None, dec_state=None, timestamp=[], alignments=None, frame_confidence=None, token_confidence=None, word_confidence=None, length=0, y=None, lm_state=None, lm_scores=None, ngram_lm_state=None, tokens=None, last_token=None, token_duration=None, last_frame=None)"
771,kúkù kàtúðìjìǐ kúkù kàtúðìjìǐ,Kuku made get up...Kuku made get up,Kuku will make us (something) eat (far),"Hypothesis(score=0.0, y_sequence=tensor([1358, 2032, 2049, 2032, 1172, 1379, 1154, 2030, 1635, 1475, 2032, 1177,
        2012, 1179, 1209, 2044]), text='Kuku will drink fruit tomorrow', dec_out=None, dec_state=None, timestamp=[], alignments=None, frame_confidence=None, token_confidence=None, word_confidence=None, length=0, y=None, lm_state=None, lm_scores=None, ngram_lm_state=None, tokens=None, last_token=None, token_duration=None, last_frame=None)"
772,kúkù kátúðìjɔ̀ àpɾíɲà,Kuku will make the boy get up,Kuku will make the boy sleep,"Hypothesis(score=0.0, y_sequence=tensor([1358, 2032, 2049, 2032, 1172, 1379, 1448, 2031, 1154, 2030, 1635, 1203,
        1191, 1690, 2051, 2027, 1164, 1335]), text=""Kuku will also drink the boy's cow"", dec_out=None, dec_state=None, timestamp=[], alignments=None, frame_confidence=None, token_confidence=None, word_confidence=None, length=0, y=None, lm_state=None, lm_scores=None, ngram_lm_state=None, tokens=None, last_token=None, token_duration=None, last_frame=None)"
773,kúkù kátúðìjɔ̀ àpɾíɲà,Kuku will make the boy get up,Kuku will make the boy sleep,"Hypothesis(score=0.0, y_sequence=tensor([1358, 2032, 2049, 2032, 1172, 1379, 1344, 2024, 1203, 1191, 1690, 2051,
        2027, 1301, 1185]), text=""Kuku will lose the boy's meat"", dec_out=None, dec_state=None, timestamp=[], alignments=None, frame_confidence=None, token_confidence=None, word_confidence=None, length=0, y=None, lm_state=None, lm_scores=None, ngram_lm_state=None, tokens=None, last_token=None, token_duration=None, last_frame=None)"
774,kúkù kátóðà,Kuku will get up,Kuku will get lost,"Hypothesis(score=0.0, y_sequence=tensor([1358, 2032, 2049, 2032, 1172, 1379, 1154, 2030, 1635, 2012, 1179, 1209,
        2044]), text='Kuku will drink tomorrow', dec_out=None, dec_state=None, timestamp=[], alignments=None, frame_confidence=None, token_confidence=None, word_confidence=None, length=0, y=None, lm_state=None, lm_scores=None, ngram_lm_state=None, tokens=None, last_token=None, token_duration=None, last_frame=None)"
775,kúkù kátúðà,Kuku will get up,Kuku will come out,"Hypothesis(score=0.0, y_sequence=tensor([1358, 2032, 2049, 2032, 1172, 1379, 1164, 1185, 1165, 1203, 1154, 2030,
        1261]), text='Kuku will catch the drum', dec_out=None, dec_state=None, timestamp=[], alignments=None, frame_confidence=None, token_confidence=None, word_confidence=None, length=0, y=None, lm_state=None, lm_scores=None, ngram_lm_state=None, tokens=None, last_token=None, token_duration=None, last_frame=None)"
776,kúkù kátùðìjí ápɾíɲà,Kuku will make the boy get up (far),Kuku will make the boy sleep (far),"Hypothesis(score=0.0, y_sequence=tensor([1358, 2032, 2049, 2032, 1172, 1379, 1699, 1219, 1203, 1191, 1690, 1221,
        2044, 1525, 2027]), text='Kuku will bring the boy towards', dec_out=None, dec_state=None, timestamp=[], alignments=None, frame_confidence=None, token_confidence=None, word_confidence=None, length=0, y=None, lm_state=None, lm_scores=None, ngram_lm_state=None, tokens=None, last_token=None, token_duration=None, last_frame=None)"
777,kúkù kátòðò,Kuku will get up,Kuku will get up,"Hypothesis(score=0.0, y_sequence=tensor([1358, 2032, 2049, 2032, 1172, 1379, 1154, 2030, 1635, 2012, 1179, 1209,
        2044]), text='Kuku will drink tomorrow', dec_out=None, dec_state=None, timestamp=[], alignments=None, frame_confidence=None, token_confidence=None, word_confidence=None, length=0, y=None, lm_state=None, lm_scores=None, ngram_lm_state=None, tokens=None, last_token=None, token_duration=None, last_frame=None)"
778,kúkù ŋ̀gàɾcí ápɾíɲà,Kuku looked for the boy,Kuku searched for the boy,"Hypothesis(score=0.0, y_sequence=tensor([1358, 2032, 2049, 2032, 1217, 1174, 1165, 1246, 1340, 1203, 1191, 1690]), text='Kuku searched for the boy', dec_out=None, dec_state=None, timestamp=[], alignments=None, frame_confidence=None, token_confidence=None, word_confidence=None, length=0, y=None, lm_state=None, lm_scores=None, ngram_lm_state=None, tokens=None, last_token=None, token_duration=None, last_frame=None)"
779,àpɾí jǎŋcìnɛ̀ kúkùŋú,the boy was shown to Kuku (and left),the boy was shown to Kuku (and left),"Hypothesis(score=0.0, y_sequence=tensor([1203, 1191, 1690, 1172, 1379, 1263, 1198, 1346, 1153, 1221, 1358, 2032,
        2049, 2032, 2023, 2122, 2041, 1174, 2121]), text='the boy will be given to Kuku (far)', dec_out=None, dec_state=None, timestamp=[], alignments=None, frame_confidence=None, token_confidence=None, word_confidence=None, length=0, y=None, lm_state=None, lm_scores=None, ngram_lm_state=None, tokens=None, last_token=None, token_duration=None, last_frame=None)"
780,kúkù kàŋcìnìjí ápɾíɲà,Kuku was shown to the boy,Kuku was shown to the boy,"Hypothesis(score=0.0, y_sequence=tensor([1358, 2032, 2049, 2032, 1366, 1588, 2013, 1221, 1203, 1191, 1690]), text='Kuku was shown to the boy', dec_out=None, dec_state=None, timestamp=[], alignments=None, frame_confidence=None, token_confidence=None, word_confidence=None, length=0, y=None, lm_state=None, lm_scores=None, ngram_lm_state=None, tokens=None, last_token=None, token_duration=None, last_frame=None)"
781,ɛ̀rə̀mt̪ɛ́j kìcə̀lò,my co-wife is good,my uncle is good,"Hypothesis(score=0.0, y_sequence=tensor([1697, 2023, 2122, 1465, 1192, 2121, 1189, 2035, 1195, 1239, 1451, 1547]), text='our (dual) uncle is good', dec_out=None, dec_state=None, timestamp=[], alignments=None, frame_confidence=None, token_confidence=None, word_confidence=None, length=0, y=None, lm_state=None, lm_scores=None, ngram_lm_state=None, tokens=None, last_token=None, token_duration=None, last_frame=None)"
782,ɛ̀bɛ̀í kìcə̀lò,my sibling-in-law is good,my sibling is good,"Hypothesis(score=0.0, y_sequence=tensor([1753, 1198, 1237, 2034, 1239, 1451, 1547, 2048]), text='The gourd is good.', dec_out=None, dec_state=None, timestamp=[], alignments=None, frame_confidence=None, token_confidence=None, word_confidence=None, length=0, y=None, lm_state=None, lm_scores=None, ngram_lm_state=None, tokens=None, last_token=None, token_duration=None, last_frame=None)"
783,ùnɛ́j kìcə̀lò,my parent-in-law is good,yesterday was good,"Hypothesis(score=0.0, y_sequence=tensor([1255, 1182, 2071, 1159, 2071, 1461, 2044, 1239, 1451, 1547]), text='parent-in-law is good', dec_out=None, dec_state=None, timestamp=[], alignments=None, frame_confidence=None, token_confidence=None, word_confidence=None, length=0, y=None, lm_state=None, lm_scores=None, ngram_lm_state=None, tokens=None, last_token=None, token_duration=None, last_frame=None)"
784,wǎj kìcə̀lò,my wife is good,My wife is fine,"Hypothesis(score=0.0, y_sequence=tensor([1308, 1178, 2036, 1239, 1451, 1547]), text='Wash is good', dec_out=None, dec_state=None, timestamp=[], alignments=None, frame_confidence=None, token_confidence=None, word_confidence=None, length=0, y=None, lm_state=None, lm_scores=None, ngram_lm_state=None, tokens=None, last_token=None, token_duration=None, last_frame=None)"
785,wáló kìcə̀lò,your wife is good,the wife is good,"Hypothesis(score=0.0, y_sequence=tensor([1308, 2036, 1216, 1392, 2039, 1239, 1451, 1547, 2086]), text='Which song is good?', dec_out=None, dec_state=None, timestamp=[], alignments=None, frame_confidence=None, token_confidence=None, word_confidence=None, length=0, y=None, lm_state=None, lm_scores=None, ngram_lm_state=None, tokens=None, last_token=None, token_duration=None, last_frame=None)"
786,èðɔ̀ŋ kɛ́ ŋɛ́n,offspring of dog,offspring of dog,"Hypothesis(score=0.0, y_sequence=tensor([1253, 2041, 2027, 1401, 1219, 1253, 1421, 2039, 2027]), text='offspring of dogs', dec_out=None, dec_state=None, timestamp=[], alignments=None, frame_confidence=None, token_confidence=None, word_confidence=None, length=0, y=None, lm_state=None, lm_scores=None, ngram_lm_state=None, tokens=None, last_token=None, token_duration=None, last_frame=None)"
787,kɜ́cí ŋɔ̀mɔ̌ kúɽìɟɛ̀n káré t̪ɔ́wə̀nì,Take the food from inside the calabash now,Take the food from the calabash now,"Hypothesis(score=0.0, y_sequence=tensor([1294, 2026, 1331, 1203, 1638, 1547, 1475, 1197, 1203, 1951, 1227, 1178,
        2036, 1901]), text='Take the food from the calabash now', dec_out=None, dec_state=None, timestamp=[], alignments=None, frame_confidence=None, token_confidence=None, word_confidence=None, length=0, y=None, lm_state=None, lm_scores=None, ngram_lm_state=None, tokens=None, last_token=None, token_duration=None, last_frame=None)"
788,ɔ̀ráí kìcə̀lò,my brother is good,This trough is good.,"Hypothesis(score=0.0, y_sequence=tensor([1697, 1191, 1209, 1711, 1239, 1451, 1547]), text='our brother is good', dec_out=None, dec_state=None, timestamp=[], alignments=None, frame_confidence=None, token_confidence=None, word_confidence=None, length=0, y=None, lm_state=None, lm_scores=None, ngram_lm_state=None, tokens=None, last_token=None, token_duration=None, last_frame=None)"
789,àrò kìcə̀lò,his/her brother is good,rò is good,"Hypothesis(score=0.0, y_sequence=tensor([1205, 1237, 1191, 1209, 1711, 1239, 1451, 1547]), text='your brother is good', dec_out=None, dec_state=None, timestamp=[], alignments=None, frame_confidence=None, token_confidence=None, word_confidence=None, length=0, y=None, lm_state=None, lm_scores=None, ngram_lm_state=None, tokens=None, last_token=None, token_duration=None, last_frame=None)"
790,ɔ̀ràlí kìcə̀lò,our (dual) brother is good,our (dual) brother is good,"Hypothesis(score=0.0, y_sequence=tensor([1697, 2023, 2122, 1465, 1192, 2121, 1191, 1209, 1711, 1239, 1451, 1547]), text='our (dual) brother is good', dec_out=None, dec_state=None, timestamp=[], alignments=None, frame_confidence=None, token_confidence=None, word_confidence=None, length=0, y=None, lm_state=None, lm_scores=None, ngram_lm_state=None, tokens=None, last_token=None, token_duration=None, last_frame=None)"
791,árt̪ɔ́ ŋámàcì kúkùŋù,Tell him to wait for Kuku,Tell him to wait now (far),"Hypothesis(score=0.0, y_sequence=tensor([1928, 1214, 1186, 1266, 1221, 1172, 1528, 1901, 2023, 2122, 2041, 1174,
        2121]), text='Tell him to wait now (far)', dec_out=None, dec_state=None, timestamp=[], alignments=None, frame_confidence=None, token_confidence=None, word_confidence=None, length=0, y=None, lm_state=None, lm_scores=None, ngram_lm_state=None, tokens=None, last_token=None, token_duration=None, last_frame=None)"
792,lùɽbí lìcə̀lò,The jujube fruit is good.,jujube fruit is good,"Hypothesis(score=0.0, y_sequence=tensor([1753, 1951, 1227, 1178, 2036, 1239, 1451, 1547]), text='The calabash is good', dec_out=None, dec_state=None, timestamp=[], alignments=None, frame_confidence=None, token_confidence=None, word_confidence=None, length=0, y=None, lm_state=None, lm_scores=None, ngram_lm_state=None, tokens=None, last_token=None, token_duration=None, last_frame=None)"
793,ðábrá ðìcə̀lò,To jump is good,the hyena is good,"Hypothesis(score=0.0, y_sequence=tensor([1190, 1348, 1219, 1239, 1451, 1547]), text='flying is good', dec_out=None, dec_state=None, timestamp=[], alignments=None, frame_confidence=None, token_confidence=None, word_confidence=None, length=0, y=None, lm_state=None, lm_scores=None, ngram_lm_state=None, tokens=None, last_token=None, token_duration=None, last_frame=None)"
794,ðáwá ðìcò,To urinate is bad,To urinate is bad,"Hypothesis(score=0.0, y_sequence=tensor([1294, 2031, 1172, 1528, 1239, 1191, 1212]), text='To wait is bad', dec_out=None, dec_state=None, timestamp=[], alignments=None, frame_confidence=None, token_confidence=None, word_confidence=None, length=0, y=None, lm_state=None, lm_scores=None, ngram_lm_state=None, tokens=None, last_token=None, token_duration=None, last_frame=None)"
795,kɛ́cɛ́cí rɔ̀mɔ̀cà ŋɔ̀mɔ̀ t̪ɔ́wə̀nì,Take the food from the men now! (malefactive),He is about to show the food to the ram now,"Hypothesis(score=0.0, y_sequence=tensor([1294, 2026, 1331, 1203, 1903, 2051, 2027, 1638, 1547, 1901, 2117]), text=""Take the men's food now!"", dec_out=None, dec_state=None, timestamp=[], alignments=None, frame_confidence=None, token_confidence=None, word_confidence=None, length=0, y=None, lm_state=None, lm_scores=None, ngram_lm_state=None, tokens=None, last_token=None, token_duration=None, last_frame=None)"
796,kɛ́cɛ́cí ɲɛ̀mbə̀ɽó ŋɔ̀mɔ̀ t̪ɔ́wə̀nì,Take the food from the calves now! (malefactive),Take the food from the calves now!,"Hypothesis(score=0.0, y_sequence=tensor([1294, 2026, 1331, 1203, 1951, 2041, 1475, 1197, 1203, 1951, 2041, 1901,
        2117]), text='Take the calf from the calf now!', dec_out=None, dec_state=None, timestamp=[], alignments=None, frame_confidence=None, token_confidence=None, word_confidence=None, length=0, y=None, lm_state=None, lm_scores=None, ngram_lm_state=None, tokens=None, last_token=None, token_duration=None, last_frame=None)"
797,ɛ̀ɾə̀mt̪ù kìcəlò,a co-wife is good,the hair is good,"Hypothesis(score=0.0, y_sequence=tensor([1203, 1213, 1493, 2071, 2044, 1420, 2024, 1239, 1451, 1547]), text='their co-wife is good', dec_out=None, dec_state=None, timestamp=[], alignments=None, frame_confidence=None, token_confidence=None, word_confidence=None, length=0, y=None, lm_state=None, lm_scores=None, ngram_lm_state=None, tokens=None, last_token=None, token_duration=None, last_frame=None)"
798,íŋgóẁ kúɽì kárè,íŋɡóẁ kúɽì kárè,I ran to the forest,"Hypothesis(score=0.0, y_sequence=tensor([1258, 1172, 1182, 1221, 1203, 1340, 1280]), text='I went to the forest', dec_out=None, dec_state=None, timestamp=[], alignments=None, frame_confidence=None, token_confidence=None, word_confidence=None, length=0, y=None, lm_state=None, lm_scores=None, ngram_lm_state=None, tokens=None, last_token=None, token_duration=None, last_frame=None)"
799,kúɽì kìcə̀lò,The forest is nice,Kukuì is good,"Hypothesis(score=0.0, y_sequence=tensor([1358, 2032, 2049, 2032, 1239, 1451, 1547]), text='Kuku is good', dec_out=None, dec_state=None, timestamp=[], alignments=None, frame_confidence=None, token_confidence=None, word_confidence=None, length=0, y=None, lm_state=None, lm_scores=None, ngram_lm_state=None, tokens=None, last_token=None, token_duration=None, last_frame=None)"
800,ɛ̀màð kìcə̀lʊ̀,a peer is good,the friendship is good,"Hypothesis(score=0.0, y_sequence=tensor([1697, 2023, 2122, 2024, 2054, 1590, 2121, 1417, 1155, 1239, 1451, 1547]), text='our (excl) peer is good', dec_out=None, dec_state=None, timestamp=[], alignments=None, frame_confidence=None, token_confidence=None, word_confidence=None, length=0, y=None, lm_state=None, lm_scores=None, ngram_lm_state=None, tokens=None, last_token=None, token_duration=None, last_frame=None)"
801,ðájá ðìcò,Dying is bad.,Eating is bad,"Hypothesis(score=0.0, y_sequence=tensor([1215, 2044, 2049, 2033, 1219, 1239, 1191, 1212]), text='Swkling is bad', dec_out=None, dec_state=None, timestamp=[], alignments=None, frame_confidence=None, token_confidence=None, word_confidence=None, length=0, y=None, lm_state=None, lm_scores=None, ngram_lm_state=None, tokens=None, last_token=None, token_duration=None, last_frame=None)"
802,lùɽbí lìcə̀lò,The jujube fruit is good.,jujube fruit is good,"Hypothesis(score=0.0, y_sequence=tensor([1753, 1222, 2032, 2052, 2032, 1469, 1475, 2032, 1177, 1239, 1451, 1547,
        2048]), text='The jujube fruit is good.', dec_out=None, dec_state=None, timestamp=[], alignments=None, frame_confidence=None, token_confidence=None, word_confidence=None, length=0, y=None, lm_state=None, lm_scores=None, ngram_lm_state=None, tokens=None, last_token=None, token_duration=None, last_frame=None)"
803,ŋùɽbí ŋìcə̀lò,The jujube fruits are good.,jujube fruits are good,"Hypothesis(score=0.0, y_sequence=tensor([1753, 1951, 1227, 1178, 2036, 1156, 1480, 1451, 1547]), text='The calabashes are good', dec_out=None, dec_state=None, timestamp=[], alignments=None, frame_confidence=None, token_confidence=None, word_confidence=None, length=0, y=None, lm_state=None, lm_scores=None, ngram_lm_state=None, tokens=None, last_token=None, token_duration=None, last_frame=None)"
804,jàbà jìcə̀lò,Stars are good.,The pumpkin is good.,"Hypothesis(score=0.0, y_sequence=tensor([1315, 1679, 2030, 2045, 1450, 1161, 1156, 1480, 1451, 1547]), text='Cherry stones are good', dec_out=None, dec_state=None, timestamp=[], alignments=None, frame_confidence=None, token_confidence=None, word_confidence=None, length=0, y=None, lm_state=None, lm_scores=None, ngram_lm_state=None, tokens=None, last_token=None, token_duration=None, last_frame=None)"
805,ɜ́rú kìcə̀lò,The spiderweb is good.,The spider is good.,"Hypothesis(score=0.0, y_sequence=tensor([1205, 1237, 1191, 1209, 1711, 1239, 1451, 1547]), text='your brother is good', dec_out=None, dec_state=None, timestamp=[], alignments=None, frame_confidence=None, token_confidence=None, word_confidence=None, length=0, y=None, lm_state=None, lm_scores=None, ngram_lm_state=None, tokens=None, last_token=None, token_duration=None, last_frame=None)"
806,ŋìcə̀lò,is good (class ŋ),black squirrels are good,"Hypothesis(score=0.0, y_sequence=tensor([1239, 1181, 1703]), text='is nice', dec_out=None, dec_state=None, timestamp=[], alignments=None, frame_confidence=None, token_confidence=None, word_confidence=None, length=0, y=None, lm_state=None, lm_scores=None, ngram_lm_state=None, tokens=None, last_token=None, token_duration=None, last_frame=None)"
807,ðícɔ́ ðìcɔ̀,To be bad is bad,poisonous,"Hypothesis(score=0.0, y_sequence=tensor([1191, 1212, 1191, 1690]), text='bad boy', dec_out=None, dec_state=None, timestamp=[], alignments=None, frame_confidence=None, token_confidence=None, word_confidence=None, length=0, y=None, lm_state=None, lm_scores=None, ngram_lm_state=None, tokens=None, last_token=None, token_duration=None, last_frame=None)"
808,kìjɔ́ ŋɔ́mɔ̀,He ate food,he ate food,"Hypothesis(score=0.0, y_sequence=tensor([2014, 1157, 1193, 1638, 1547, 1241, 1158, 1195, 1806, 2048]), text='He ate food and slept.', dec_out=None, dec_state=None, timestamp=[], alignments=None, frame_confidence=None, token_confidence=None, word_confidence=None, length=0, y=None, lm_state=None, lm_scores=None, ngram_lm_state=None, tokens=None, last_token=None, token_duration=None, last_frame=None)"
809,nùn nìcə̀lò,The porcupines are good,The roofs are good.,"Hypothesis(score=0.0, y_sequence=tensor([1753, 1709, 2049, 1229, 2027, 1480, 1181, 1703]), text='The baskets are nice', dec_out=None, dec_state=None, timestamp=[], alignments=None, frame_confidence=None, token_confidence=None, word_confidence=None, length=0, y=None, lm_state=None, lm_scores=None, ngram_lm_state=None, tokens=None, last_token=None, token_duration=None, last_frame=None)"
810,bàcʊ̂m k bàcʊ̂m kàvə́lɛ̀ðɛ̀ ðɛ̀dɔ̀ɽɔ̀ unɛɾɛ,The fox...The fox pulled the root towards yesterday.,The fox pulled the root towards yesterday.,"Hypothesis(score=0.0, y_sequence=tensor([1753, 1638, 2054, 1162, 1306, 1195, 2034, 1203, 1718, 1689, 1221, 2044,
        1525, 2027, 1205, 1156, 1272, 2034, 1364, 2048]), text='The fox pulled the root towards yesterday.', dec_out=None, dec_state=None, timestamp=[], alignments=None, frame_confidence=None, token_confidence=None, word_confidence=None, length=0, y=None, lm_state=None, lm_scores=None, ngram_lm_state=None, tokens=None, last_token=None, token_duration=None, last_frame=None)"
811,kɔ̀ɽɟɛ̀cíŋì,part of: He helped me yesterday.,Intended: He helped me,"Hypothesis(score=0.0, y_sequence=tensor([1576, 1256, 1976, 2107, 2014, 1186, 1235, 2038, 1246, 1301, 2117, 2023,
        2122, 2036, 1302, 2121]), text='Intended: He helped me! (here)', dec_out=None, dec_state=None, timestamp=[], alignments=None, frame_confidence=None, token_confidence=None, word_confidence=None, length=0, y=None, lm_state=None, lm_scores=None, ngram_lm_state=None, tokens=None, last_token=None, token_duration=None, last_frame=None)"
812,kə̀ɔ̀ɽɟɛ̀cíŋì,part of: He helped me yesterday.,Intended: He helped me,"Hypothesis(score=0.0, y_sequence=tensor([1998, 1490, 1253, 2107, 2014, 1186, 1235, 2038, 1246, 1301, 1241, 1240,
        1595, 2048]), text='Parts of: He helped me and left.', dec_out=None, dec_state=None, timestamp=[], alignments=None, frame_confidence=None, token_confidence=None, word_confidence=None, length=0, y=None, lm_state=None, lm_scores=None, ngram_lm_state=None, tokens=None, last_token=None, token_duration=None, last_frame=None)"
813,kɔ̀ɽɟɛ̀cáŋà ánó unɛɾɛ kə̀ɔ̀ɽɟɛ̀cáŋà ánó unɛɾɛ kɔ̀ɽɟɛ̀cáŋà ánó unɛɾɛ,He helped you yesterday. [spoken three times],He helped you yesterday. [spoken twice],"Hypothesis(score=0.0, y_sequence=tensor([2014, 1186, 1235, 2038, 1246, 1324, 1205, 1156, 1272, 2034, 1364, 1241,
        1240, 1595, 2048, 2014, 1186, 1235, 2038, 1246, 1324, 1205, 1156, 1272,
        2034, 1364, 1241, 1240, 1595, 2048]), text='He helped you yesterday and left. He helped you yesterday and left.', dec_out=None, dec_state=None, timestamp=[], alignments=None, frame_confidence=None, token_confidence=None, word_confidence=None, length=0, y=None, lm_state=None, lm_scores=None, ngram_lm_state=None, tokens=None, last_token=None, token_duration=None, last_frame=None)"
814,rùɽú rìcə̀lò,The ostriches are good.,The woods are good.,"Hypothesis(score=0.0, y_sequence=tensor([1753, 1160, 1225, 1155, 1239, 1451, 1547, 2048]), text='The tiger is good.', dec_out=None, dec_state=None, timestamp=[], alignments=None, frame_confidence=None, token_confidence=None, word_confidence=None, length=0, y=None, lm_state=None, lm_scores=None, ngram_lm_state=None, tokens=None, last_token=None, token_duration=None, last_frame=None)"
815,t̪ʊ̀lí támə̀rðɛ̀ àpríɲà,the lion bit the boy (and the lion left),the lion bit the boy,"Hypothesis(score=0.0, y_sequence=tensor([1203, 1163, 1226, 1191, 1177, 1203, 1191, 1690]), text='the lion bit the boy', dec_out=None, dec_state=None, timestamp=[], alignments=None, frame_confidence=None, token_confidence=None, word_confidence=None, length=0, y=None, lm_state=None, lm_scores=None, ngram_lm_state=None, tokens=None, last_token=None, token_duration=None, last_frame=None)"
816,àprí lìdìjí lɛ́rà,the boy dropped the ball,the boy fell from the tree,"Hypothesis(score=0.0, y_sequence=tensor([1203, 1191, 1690, 1239, 1191, 1225]), text='the boy is big', dec_out=None, dec_state=None, timestamp=[], alignments=None, frame_confidence=None, token_confidence=None, word_confidence=None, length=0, y=None, lm_state=None, lm_scores=None, ngram_lm_state=None, tokens=None, last_token=None, token_duration=None, last_frame=None)"
817,lápə́ɽà ðùɽì,They will remove the tree from the ground.,They will hit the wood,"Hypothesis(score=0.0, y_sequence=tensor([1753, 2045, 1172, 1379, 1186, 1177, 1203, 1775, 1547, 2023, 2122, 2041,
        1174, 2121]), text='They will hit the wood (far)', dec_out=None, dec_state=None, timestamp=[], alignments=None, frame_confidence=None, token_confidence=None, word_confidence=None, length=0, y=None, lm_state=None, lm_scores=None, ngram_lm_state=None, tokens=None, last_token=None, token_duration=None, last_frame=None)"
818,lápə̀ɽɔ́ ðúɽì,They will remove the tree from the ground (far).,They will hit the wood (far),"Hypothesis(score=0.0, y_sequence=tensor([1753, 2045, 1172, 1379, 1186, 1177, 1203, 1775, 1547, 2023, 2122, 2041,
        1174, 2121]), text='They will hit the wood (far)', dec_out=None, dec_state=None, timestamp=[], alignments=None, frame_confidence=None, token_confidence=None, word_confidence=None, length=0, y=None, lm_state=None, lm_scores=None, ngram_lm_state=None, tokens=None, last_token=None, token_duration=None, last_frame=None)"
819,dìjɔ́ rìcɔ̀,The cow is bad.,Buy for him the dress.,"Hypothesis(score=0.0, y_sequence=tensor([1753, 1164, 1335, 1239, 1191, 1212]), text='The cow is bad', dec_out=None, dec_state=None, timestamp=[], alignments=None, frame_confidence=None, token_confidence=None, word_confidence=None, length=0, y=None, lm_state=None, lm_scores=None, ngram_lm_state=None, tokens=None, last_token=None, token_duration=None, last_frame=None)"
820,ùɟí kìcò,The person is bad.,The person is bad,"Hypothesis(score=0.0, y_sequence=tensor([1753, 1162, 1257, 1161, 1239, 1451, 1547, 2048]), text='The person is good.', dec_out=None, dec_state=None, timestamp=[], alignments=None, frame_confidence=None, token_confidence=None, word_confidence=None, length=0, y=None, lm_state=None, lm_scores=None, ngram_lm_state=None, tokens=None, last_token=None, token_duration=None, last_frame=None)"
821,ðírcɔ̀ ðírcɔ̀,to try ,Parts of: He ate food and got up yesterday (far),"Hypothesis(score=0.0, y_sequence=tensor([1928, 1382, 1155, 1239, 1540, 1382, 1155]), text='Teacher is teacher', dec_out=None, dec_state=None, timestamp=[], alignments=None, frame_confidence=None, token_confidence=None, word_confidence=None, length=0, y=None, lm_state=None, lm_scores=None, ngram_lm_state=None, tokens=None, last_token=None, token_duration=None, last_frame=None)"
822,lábə̀ɽàló,They will fall (far),They will fall (far),"Hypothesis(score=0.0, y_sequence=tensor([1753, 2045, 1172, 1379, 1190, 1505]), text='They will fall', dec_out=None, dec_state=None, timestamp=[], alignments=None, frame_confidence=None, token_confidence=None, word_confidence=None, length=0, y=None, lm_state=None, lm_scores=None, ngram_lm_state=None, tokens=None, last_token=None, token_duration=None, last_frame=None)"
823,lábə́ɽàlò,They will fall,They will fall (far),"Hypothesis(score=0.0, y_sequence=tensor([1753, 2045, 1172, 1379, 1190, 1505]), text='They will fall', dec_out=None, dec_state=None, timestamp=[], alignments=None, frame_confidence=None, token_confidence=None, word_confidence=None, length=0, y=None, lm_state=None, lm_scores=None, ngram_lm_state=None, tokens=None, last_token=None, token_duration=None, last_frame=None)"
824,t̪ʊ̀lí t̪ìrci t̪ámɔ́rðà àpríɲà,"The lion tried to bite the boy.’
",the lion should bite the boy,"Hypothesis(score=0.0, y_sequence=tensor([1753, 1163, 1226, 1172, 1379, 1191, 1509, 1203, 1191, 1690, 2048]), text='The lion will bite the boy.', dec_out=None, dec_state=None, timestamp=[], alignments=None, frame_confidence=None, token_confidence=None, word_confidence=None, length=0, y=None, lm_state=None, lm_scores=None, ngram_lm_state=None, tokens=None, last_token=None, token_duration=None, last_frame=None)"
825,t̪ʊ̀lí t̪á írcɔ̀ t̪ámɔ́rðà àpríɲà,The lion will try to bite the boy.,the lion is about to bite the boy,"Hypothesis(score=0.0, y_sequence=tensor([1203, 1163, 1226, 1172, 1379, 1341, 2045, 1221, 1706, 1203, 1191, 1690]), text='the lion will try to get the boy', dec_out=None, dec_state=None, timestamp=[], alignments=None, frame_confidence=None, token_confidence=None, word_confidence=None, length=0, y=None, lm_state=None, lm_scores=None, ngram_lm_state=None, tokens=None, last_token=None, token_duration=None, last_frame=None)"
826,là ŕɽìɲàɲɛ̀,they killed often (APFV),they killed often (VPFV),"Hypothesis(score=0.0, y_sequence=tensor([1753, 2045, 1262, 1630, 2034, 1203, 1190, 1174, 1523, 2023, 2122, 1271,
        1240, 1595, 2121, 2048]), text='They killed the farmer (and left).', dec_out=None, dec_state=None, timestamp=[], alignments=None, frame_confidence=None, token_confidence=None, word_confidence=None, length=0, y=None, lm_state=None, lm_scores=None, ngram_lm_state=None, tokens=None, last_token=None, token_duration=None, last_frame=None)"
827,lɛ̀kɜ̀rcɜ̀cí,they took away  ,they braided (hair),"Hypothesis(score=0.0, y_sequence=tensor([1574, 1174, 2025, 1219, 1239, 1451, 1547, 2048]), text='Learning is good.', dec_out=None, dec_state=None, timestamp=[], alignments=None, frame_confidence=None, token_confidence=None, word_confidence=None, length=0, y=None, lm_state=None, lm_scores=None, ngram_lm_state=None, tokens=None, last_token=None, token_duration=None, last_frame=None)"
828,lìrdɔ̀dù,they fell often,They have cows,"Hypothesis(score=0.0, y_sequence=tensor([1753, 2045, 1253, 1256, 1190, 1505]), text='They often fall', dec_out=None, dec_state=None, timestamp=[], alignments=None, frame_confidence=None, token_confidence=None, word_confidence=None, length=0, y=None, lm_state=None, lm_scores=None, ngram_lm_state=None, tokens=None, last_token=None, token_duration=None, last_frame=None)"
829,lə̀t̪ə̀rvàvɔ̀,they cut often,they often escape,"Hypothesis(score=0.0, y_sequence=tensor([1998, 1490, 1253, 2107, 1753, 2045, 1172, 1379, 1341, 2045, 1221, 1154,
        1566, 2012, 1179, 1209, 2044, 2048]), text='Parts of: They will try to dance tomorrow.', dec_out=None, dec_state=None, timestamp=[], alignments=None, frame_confidence=None, token_confidence=None, word_confidence=None, length=0, y=None, lm_state=None, lm_scores=None, ngram_lm_state=None, tokens=None, last_token=None, token_duration=None, last_frame=None)"
830,lə̀pàpìðú,they beat often,they beat often,"Hypothesis(score=0.0, y_sequence=tensor([1203, 2045, 1699, 1720, 1446, 2023, 2122, 2027, 1197, 1229, 2036, 1219,
        2121]), text='they brought (something)', dec_out=None, dec_state=None, timestamp=[], alignments=None, frame_confidence=None, token_confidence=None, word_confidence=None, length=0, y=None, lm_state=None, lm_scores=None, ngram_lm_state=None, tokens=None, last_token=None, token_duration=None, last_frame=None)"
831,lə̀bɽɔ̀ðìðú,they hit often,They will braid themselves tomorrow (far away),"Hypothesis(score=0.0, y_sequence=tensor([1203, 2045, 1172, 1379, 1190, 1505, 1475, 1197, 1320, 2023, 2122, 2041,
        1174, 2121]), text='they will fall from it (far)', dec_out=None, dec_state=None, timestamp=[], alignments=None, frame_confidence=None, token_confidence=None, word_confidence=None, length=0, y=None, lm_state=None, lm_scores=None, ngram_lm_state=None, tokens=None, last_token=None, token_duration=None, last_frame=None)"
832,lɛ̀kàkàrɔ̀,they break often,they well,"Hypothesis(score=0.0, y_sequence=tensor([1574, 2049, 2026, 1648, 1490]), text='Leka carts', dec_out=None, dec_state=None, timestamp=[], alignments=None, frame_confidence=None, token_confidence=None, word_confidence=None, length=0, y=None, lm_state=None, lm_scores=None, ngram_lm_state=None, tokens=None, last_token=None, token_duration=None, last_frame=None)"
833,là kákàrì,they break often,they will jump (far),"Hypothesis(score=0.0, y_sequence=tensor([1753, 2045, 1172, 1379, 1191, 1167, 1746, 1536, 1229, 2036, 1219]), text='They will break something', dec_out=None, dec_state=None, timestamp=[], alignments=None, frame_confidence=None, token_confidence=None, word_confidence=None, length=0, y=None, lm_state=None, lm_scores=None, ngram_lm_state=None, tokens=None, last_token=None, token_duration=None, last_frame=None)"
834,lɛ̀rəcàcì̀,they pour often,They (PL) learned/taught Tira last year,"Hypothesis(score=0.0, y_sequence=tensor([1753, 2045, 1172, 1379, 1610, 1167, 1212, 1320, 2023, 2122, 2041, 1174,
        2121]), text='They will spread it (far)', dec_out=None, dec_state=None, timestamp=[], alignments=None, frame_confidence=None, token_confidence=None, word_confidence=None, length=0, y=None, lm_state=None, lm_scores=None, ngram_lm_state=None, tokens=None, last_token=None, token_duration=None, last_frame=None)"
835,lə̀ùrt̪ɔ̀t̪ɔ̀,they often dig,they often dig,"Hypothesis(score=0.0, y_sequence=tensor([1753, 2045, 1172, 1379, 1154, 1209, 2038, 1253, 2041, 2012, 1179, 1209,
        2044, 2048]), text='They will drop off tomorrow.', dec_out=None, dec_state=None, timestamp=[], alignments=None, frame_confidence=None, token_confidence=None, word_confidence=None, length=0, y=None, lm_state=None, lm_scores=None, ngram_lm_state=None, tokens=None, last_token=None, token_duration=None, last_frame=None)"
836,là úrɔ̀t̪ɛ̀t̪ɛ̀,they often dig,They fell often (and left),"Hypothesis(score=0.0, y_sequence=tensor([1753, 2045, 1172, 1379, 1154, 1566, 2023, 2122, 2036, 1302, 2121, 2012,
        1179, 1209, 2044]), text='They will dance (here) tomorrow', dec_out=None, dec_state=None, timestamp=[], alignments=None, frame_confidence=None, token_confidence=None, word_confidence=None, length=0, y=None, lm_state=None, lm_scores=None, ngram_lm_state=None, tokens=None, last_token=None, token_duration=None, last_frame=None)"
837,là úrɔ̀t̪ɔ̀t̪ɛ̀,they often dig,Parts of: They were beaten yesterday (and left),"Hypothesis(score=0.0, y_sequence=tensor([1753, 2045, 1253, 1256, 1154, 1225]), text='They often dig', dec_out=None, dec_state=None, timestamp=[], alignments=None, frame_confidence=None, token_confidence=None, word_confidence=None, length=0, y=None, lm_state=None, lm_scores=None, ngram_lm_state=None, tokens=None, last_token=None, token_duration=None, last_frame=None)"
838,lɛ̀kàrkàrɔ̀,they often break,they often,"Hypothesis(score=0.0, y_sequence=tensor([1240, 1595]), text='left', dec_out=None, dec_state=None, timestamp=[], alignments=None, frame_confidence=None, token_confidence=None, word_confidence=None, length=0, y=None, lm_state=None, lm_scores=None, ngram_lm_state=None, tokens=None, last_token=None, token_duration=None, last_frame=None)"
839,là kárkàrɛ̀,they often break,They rode the donkey (and left),"Hypothesis(score=0.0, y_sequence=tensor([1253, 1203, 1318, 1726, 1321]), text='of the chickens', dec_out=None, dec_state=None, timestamp=[], alignments=None, frame_confidence=None, token_confidence=None, word_confidence=None, length=0, y=None, lm_state=None, lm_scores=None, ngram_lm_state=None, tokens=None, last_token=None, token_duration=None, last_frame=None)"
840,ìcɔ̀ kìcɔ̀,Badness is bad,student,"Hypothesis(score=0.0, y_sequence=tensor([1285, 1161, 2051, 2029, 1154, 1566, 2117]), text=""Don't dance!"", dec_out=None, dec_state=None, timestamp=[], alignments=None, frame_confidence=None, token_confidence=None, word_confidence=None, length=0, y=None, lm_state=None, lm_scores=None, ngram_lm_state=None, tokens=None, last_token=None, token_duration=None, last_frame=None)"
841,ðál ðô ìdú,the stick will fall from it (the tree),the stick will fall from it (the tree),"Hypothesis(score=0.0, y_sequence=tensor([1203, 1213, 1191, 1167, 1178, 1490, 1480, 1154, 2030, 2045]), text='their breasts are dry', dec_out=None, dec_state=None, timestamp=[], alignments=None, frame_confidence=None, token_confidence=None, word_confidence=None, length=0, y=None, lm_state=None, lm_scores=None, ngram_lm_state=None, tokens=None, last_token=None, token_duration=None, last_frame=None)"
842,lál lɛ́ré ídú,The bowl will fall from it (l-class) (far),The bowl will fall (far),"Hypothesis(score=0.0, y_sequence=tensor([1295, 1884, 1172, 1379, 1191, 1167, 1746, 2041, 1879]), text='we two will breakfast', dec_out=None, dec_state=None, timestamp=[], alignments=None, frame_confidence=None, token_confidence=None, word_confidence=None, length=0, y=None, lm_state=None, lm_scores=None, ngram_lm_state=None, tokens=None, last_token=None, token_duration=None, last_frame=None)"
